true_N Score,pred_N Score,true_OC Score,pred_OC Score,true_P Score,pred_P Score,true_K Score,pred_K Score,true_Ca Score,pred_Ca Score,true_Mg Score,pred_Mg Score,true_SHI,pred_SHI,true_FinalClass,pred_FinalClass
2,3,2,2,2,3,4,4,3,2,4,3,2.92,3.077,Moderately Healthy,Moderately Healthy
1,2,1,2,4,3,4,4,4,3,4,3,2.96,3.0,Poor,Poor
1,2,1,1,4,3,4,4,4,3,4,3,2.96,2.808,Poor,Poor
2,2,2,1,1,3,4,4,4,3,3,4,2.77,2.885,Moderately Healthy,Poor
2,2,1,1,4,3,4,4,3,3,4,4,3.04,2.885,Poor,Poor
1,2,1,1,4,3,4,4,4,3,4,4,2.96,2.885,Poor,Poor
2,2,1,1,4,3,4,4,4,3,4,4,3.12,2.885,Poor,Poor
1,2,1,1,1,2,4,4,4,3,4,4,2.27,2.5,Very Poor,Poor
1,2,1,1,1,2,4,4,3,3,3,4,1.88,2.269,Very Poor,Very Poor
2,2,2,2,3,3,4,3,1,2,3,3,2.62,2.577,Moderately Healthy,Very Poor
2,2,2,2,3,2,4,3,1,2,2,3,2.77,2.654,Moderately Healthy,Moderately Healthy
3,3,2,2,3,3,4,4,1,2,3,3,3.0,3.077,Moderately Healthy,Moderately Healthy
3,2,2,2,3,2,4,3,1,2,3,3,3.0,2.654,Moderately Healthy,Moderately Healthy
3,2,2,2,2,3,4,4,2,1,3,3,2.46,2.385,Poor,Poor
3,2,2,2,3,2,3,3,2,2,2,3,2.65,2.423,Moderately Healthy,Moderately Healthy
2,2,2,2,3,3,4,4,2,1,3,3,2.69,2.615,Moderately Healthy,Very Poor
3,2,2,2,3,2,4,3,1,2,3,3,3.0,2.654,Moderately Healthy,Moderately Healthy
3,2,1,2,3,2,4,3,1,2,2,3,2.73,2.654,Poor,Moderately Healthy
3,2,1,2,3,3,1,3,1,2,3,3,2.46,2.808,Very Poor,Moderately Healthy
3,2,1,2,3,2,4,3,1,2,3,3,2.81,2.654,Poor,Moderately Healthy
3,2,2,2,3,2,4,3,4,2,3,3,3.23,2.654,Moderately Healthy,Moderately Healthy
3,2,3,1,3,3,4,4,2,3,2,4,3.19,2.885,Moderately Healthy,Poor
3,2,2,2,3,2,4,3,1,2,2,3,2.92,2.654,Moderately Healthy,Moderately Healthy
3,2,1,2,3,2,1,3,1,2,3,3,2.23,2.423,Very Poor,Very Poor
3,2,2,1,3,3,4,4,2,3,3,4,3.08,2.885,Moderately Healthy,Poor
3,3,2,2,3,3,4,4,2,2,2,3,3.0,3.077,Moderately Healthy,Moderately Healthy
3,2,1,2,3,2,4,3,1,2,3,3,2.58,2.423,Poor,Moderately Healthy
3,2,2,2,3,2,4,3,1,2,2,3,2.69,2.423,Moderately Healthy,Poor
3,2,3,1,3,3,4,3,3,1,2,3,3.04,2.308,Moderately Healthy,Very Poor
2,2,2,2,3,3,4,4,1,1,3,3,2.62,2.615,Moderately Healthy,Poor
3,3,2,2,3,3,4,4,2,2,3,3,3.08,3.077,Moderately Healthy,Moderately Healthy
2,2,2,2,3,2,4,3,1,2,3,3,2.85,2.654,Moderately Healthy,Moderately Healthy
3,2,2,2,3,2,4,3,1,2,4,3,3.08,2.654,Moderately Healthy,Moderately Healthy
3,2,2,2,2,2,4,3,2,2,2,3,2.62,2.423,Moderately Healthy,Poor
3,2,2,2,2,2,4,3,2,2,2,3,2.62,2.423,Moderately Healthy,Very Poor
3,2,2,2,2,2,4,3,2,2,3,3,2.92,2.654,Moderately Healthy,Moderately Healthy
3,2,1,2,3,2,4,3,1,2,3,3,2.81,2.654,Poor,Moderately Healthy
3,2,1,2,2,2,4,3,1,2,2,3,2.35,2.423,Very Poor,Poor
2,2,3,2,3,3,4,3,3,2,3,3,3.19,2.808,Moderately Healthy,Moderately Healthy
2,2,2,2,1,2,2,3,2,2,3,3,2.15,2.423,Poor,Moderately Healthy
2,2,2,2,4,2,2,3,2,2,3,3,2.62,2.423,Moderately Healthy,Moderately Healthy
2,2,2,2,4,2,2,3,3,2,4,3,2.77,2.423,Moderately Healthy,Moderately Healthy
1,2,1,2,2,2,4,3,1,2,3,3,2.12,2.423,Very Poor,Very Poor
3,2,2,2,2,2,4,3,2,2,3,3,2.69,2.423,Moderately Healthy,Very Poor
2,2,2,2,3,2,4,3,2,2,3,3,2.69,2.423,Moderately Healthy,Poor
3,2,2,2,2,2,3,3,1,2,2,3,2.42,2.423,Poor,Poor
3,2,2,2,2,2,3,3,4,2,3,3,2.73,2.423,Moderately Healthy,Moderately Healthy
1,2,1,2,2,2,1,3,1,2,2,3,1.69,2.423,Very Poor,Poor
3,2,2,2,2,2,3,3,2,2,4,3,2.65,2.423,Moderately Healthy,Poor
2,2,1,2,2,2,2,3,2,2,3,3,2.12,2.423,Very Poor,Poor
1,2,1,2,2,2,2,3,1,2,4,3,1.96,2.423,Very Poor,Poor
2,2,1,2,4,2,2,3,1,2,3,3,2.35,2.423,Very Poor,Moderately Healthy
3,2,3,2,1,2,3,3,3,2,4,3,2.77,2.423,Moderately Healthy,Moderately Healthy
3,2,3,2,1,2,3,3,3,2,3,3,2.92,2.654,Moderately Healthy,Moderately Healthy
3,2,3,2,1,2,2,3,2,2,4,3,2.81,2.654,Moderately Healthy,Moderately Healthy
1,2,2,2,1,2,2,3,2,2,3,3,2.23,2.654,Poor,Moderately Healthy
2,2,2,2,3,2,4,3,3,2,4,3,3.08,2.654,Moderately Healthy,Moderately Healthy
3,2,2,2,3,2,4,3,1,2,4,3,3.08,2.654,Moderately Healthy,Moderately Healthy
3,2,2,2,3,2,3,3,3,2,4,3,3.12,2.654,Moderately Healthy,Poor
2,2,2,2,2,2,3,3,2,2,3,3,2.65,2.654,Moderately Healthy,Moderately Healthy
2,2,2,2,3,2,3,3,2,2,2,3,2.73,2.654,Moderately Healthy,Moderately Healthy
1,2,1,2,1,2,1,3,1,2,1,3,1.69,2.654,Very Poor,Moderately Healthy
3,2,2,2,1,2,4,3,3,2,4,3,2.92,2.654,Moderately Healthy,Moderately Healthy
3,2,2,2,2,2,4,3,3,2,4,3,3.08,2.654,Moderately Healthy,Moderately Healthy
3,2,2,2,2,2,4,3,2,2,3,3,2.92,2.654,Moderately Healthy,Moderately Healthy
3,2,2,2,3,2,4,3,3,2,4,3,3.23,2.654,Moderately Healthy,Moderately Healthy
3,2,2,2,4,2,4,3,4,2,4,3,3.46,2.654,Moderately Healthy,Moderately Healthy
2,2,2,2,3,2,2,3,2,2,2,3,2.62,2.654,Moderately Healthy,Moderately Healthy
3,2,2,2,1,2,3,3,3,2,4,3,2.81,2.654,Moderately Healthy,Moderately Healthy
2,2,2,2,2,2,4,3,2,2,4,3,2.85,2.654,Moderately Healthy,Moderately Healthy
2,2,2,2,2,2,3,3,3,2,3,3,2.73,2.654,Moderately Healthy,Moderately Healthy
1,2,1,2,1,2,3,3,4,2,2,3,2.23,2.654,Very Poor,Moderately Healthy
3,2,2,2,2,2,3,3,1,2,3,3,2.73,2.654,Moderately Healthy,Moderately Healthy
2,2,2,2,3,2,3,3,2,2,4,3,2.88,2.654,Moderately Healthy,Moderately Healthy
2,2,2,2,3,2,4,3,2,2,3,3,2.92,2.654,Moderately Healthy,Moderately Healthy
1,2,1,2,1,2,3,3,1,2,3,3,2.08,2.654,Very Poor,Moderately Healthy
1,2,1,2,1,2,2,3,1,2,4,3,2.04,2.654,Very Poor,Moderately Healthy
1,2,1,2,1,2,3,3,2,2,3,3,2.15,2.654,Very Poor,Moderately Healthy
1,2,1,2,1,2,3,3,2,2,3,3,2.15,2.654,Very Poor,Moderately Healthy
3,2,2,2,3,2,4,3,3,2,4,3,3.23,2.654,Moderately Healthy,Moderately Healthy
2,2,2,2,3,3,4,3,3,2,4,3,3.08,2.808,Moderately Healthy,Moderately Healthy
3,2,2,2,2,3,2,3,1,2,4,3,2.69,2.808,Moderately Healthy,Moderately Healthy
2,2,2,2,2,2,3,3,3,2,4,3,2.81,2.654,Moderately Healthy,Moderately Healthy
1,2,1,2,2,3,3,3,1,2,3,3,2.23,2.808,Very Poor,Moderately Healthy
2,2,2,2,4,3,3,3,2,2,4,3,3.04,2.808,Moderately Healthy,Moderately Healthy
2,2,2,2,3,3,4,3,2,2,3,3,2.92,2.808,Moderately Healthy,Moderately Healthy
2,2,1,2,3,3,3,3,1,2,2,3,2.46,2.808,Very Poor,Moderately Healthy
1,2,1,2,3,3,2,3,1,2,3,3,2.27,2.808,Very Poor,Moderately Healthy
2,2,2,2,3,3,4,4,1,2,3,3,2.85,2.923,Moderately Healthy,Moderately Healthy
2,2,2,2,4,3,4,4,1,2,3,3,3.0,2.923,Moderately Healthy,Moderately Healthy
3,3,3,2,4,3,4,4,4,2,4,3,3.65,3.077,Healthy,Moderately Healthy
1,2,1,2,1,3,2,4,3,2,3,3,2.12,2.923,Very Poor,Moderately Healthy
1,2,1,2,3,3,2,4,1,2,4,3,2.35,2.923,Very Poor,Moderately Healthy
1,2,1,2,3,3,3,4,1,2,3,3,2.38,2.923,Very Poor,Moderately Healthy
3,2,2,2,2,3,4,4,2,2,2,3,2.85,2.923,Moderately Healthy,Moderately Healthy
2,2,2,2,1,3,4,4,2,2,2,3,2.54,2.923,Moderately Healthy,Moderately Healthy
3,2,2,2,2,3,4,4,4,2,4,3,3.15,2.923,Moderately Healthy,Moderately Healthy
2,2,2,2,3,3,3,4,2,2,4,3,2.88,2.923,Moderately Healthy,Moderately Healthy
2,2,2,2,3,3,3,4,2,2,3,3,2.81,2.923,Moderately Healthy,Moderately Healthy
2,2,2,2,1,3,2,4,1,2,4,3,2.38,2.923,Poor,Moderately Healthy
2,2,2,2,2,3,2,3,2,2,3,3,2.54,2.808,Moderately Healthy,Moderately Healthy
4,2,4,2,1,3,4,4,4,2,4,3,3.54,2.923,Healthy,Moderately Healthy
3,2,2,2,1,3,4,3,3,2,3,4,2.85,2.885,Moderately Healthy,Moderately Healthy
2,2,2,2,4,3,4,4,3,2,4,4,3.23,3.0,Moderately Healthy,Moderately Healthy
3,2,3,2,1,3,4,3,3,2,4,4,3.12,2.885,Moderately Healthy,Moderately Healthy
2,2,2,2,4,3,2,4,3,3,4,4,3.0,3.077,Moderately Healthy,Moderately Healthy
2,2,2,2,3,3,3,4,2,2,3,3,2.81,2.923,Moderately Healthy,Moderately Healthy
2,2,2,2,2,3,4,4,2,2,3,3,2.77,2.923,Moderately Healthy,Moderately Healthy
2,2,2,2,3,3,4,3,2,2,4,4,3.0,2.885,Moderately Healthy,Moderately Healthy
3,2,2,2,2,3,4,3,3,2,3,4,3.0,2.885,Moderately Healthy,Moderately Healthy
1,2,1,2,3,3,4,4,2,2,3,3,2.58,2.923,Poor,Moderately Healthy
1,2,1,2,1,3,4,3,3,2,3,4,2.35,2.885,Very Poor,Moderately Healthy
2,2,1,2,3,3,3,4,2,2,2,3,2.54,2.923,Poor,Moderately Healthy
3,2,2,2,3,3,4,4,1,2,2,3,2.92,2.923,Moderately Healthy,Moderately Healthy
3,2,2,2,2,3,4,3,2,2,3,3,2.92,2.808,Moderately Healthy,Moderately Healthy
3,2,2,2,2,3,4,3,3,2,4,3,3.08,2.808,Moderately Healthy,Moderately Healthy
2,2,2,2,4,3,4,4,3,2,2,3,3.08,2.923,Moderately Healthy,Moderately Healthy
3,2,3,2,4,3,4,4,3,2,4,3,3.58,2.923,Healthy,Moderately Healthy
2,2,1,2,1,3,4,4,1,2,3,3,2.35,2.923,Very Poor,Moderately Healthy
3,2,3,2,3,3,3,4,1,2,4,3,3.15,2.923,Moderately Healthy,Moderately Healthy
3,2,3,2,3,3,2,3,4,2,4,4,3.27,2.885,Moderately Healthy,Moderately Healthy
3,2,3,2,3,3,4,3,2,2,3,4,3.27,2.885,Moderately Healthy,Moderately Healthy
2,2,2,2,3,3,4,3,3,2,3,4,3.0,2.885,Moderately Healthy,Moderately Healthy
3,2,3,2,3,3,4,4,2,2,2,3,3.19,2.923,Moderately Healthy,Moderately Healthy
3,2,3,2,4,3,4,4,4,2,4,3,3.65,2.923,Healthy,Moderately Healthy
3,2,2,2,4,3,4,4,2,2,3,3,3.23,2.923,Moderately Healthy,Moderately Healthy
2,2,2,2,3,3,3,4,3,2,4,3,2.96,2.923,Moderately Healthy,Moderately Healthy
2,2,2,2,2,3,2,3,3,2,4,4,2.69,2.885,Moderately Healthy,Moderately Healthy
2,2,2,2,4,3,4,4,4,2,4,3,3.31,2.923,Moderately Healthy,Moderately Healthy
2,2,2,2,2,3,4,3,2,2,2,3,2.69,2.808,Moderately Healthy,Moderately Healthy
2,2,2,2,2,2,1,3,1,2,2,4,2.27,2.731,Poor,Moderately Healthy
2,2,1,2,3,3,3,4,1,2,2,4,2.46,3.0,Very Poor,Moderately Healthy
2,2,2,2,1,3,4,4,2,3,4,4,2.69,3.077,Moderately Healthy,Moderately Healthy
3,2,2,2,2,3,4,4,3,3,4,4,3.08,3.077,Moderately Healthy,Healthy
3,3,2,2,3,3,4,4,2,3,4,4,3.15,3.231,Moderately Healthy,Healthy
3,3,2,3,1,3,4,4,4,3,4,4,3.0,3.423,Moderately Healthy,Healthy
2,2,2,2,3,3,3,4,2,3,3,4,2.81,3.077,Moderately Healthy,Moderately Healthy
2,2,2,2,1,3,4,4,2,3,4,4,2.69,3.077,Moderately Healthy,Moderately Healthy
2,2,1,2,4,3,3,4,1,3,3,4,2.69,3.077,Poor,Moderately Healthy
3,2,2,2,2,3,4,4,3,3,4,3,3.08,3.0,Moderately Healthy,Moderately Healthy
2,2,1,2,2,3,3,4,1,3,3,4,2.38,3.077,Very Poor,Moderately Healthy
2,2,2,2,2,3,4,4,2,3,4,4,2.85,3.077,Moderately Healthy,Moderately Healthy
3,2,2,2,2,3,3,4,3,3,3,4,2.88,3.077,Moderately Healthy,Moderately Healthy
3,2,2,2,3,3,4,4,1,3,3,4,3.0,3.077,Moderately Healthy,Moderately Healthy
1,2,2,2,4,3,2,4,3,2,3,3,2.77,2.923,Moderately Healthy,Moderately Healthy
2,2,2,2,2,3,3,4,3,3,4,4,2.81,3.077,Moderately Healthy,Moderately Healthy
3,2,2,2,2,3,4,4,2,3,3,4,2.92,3.077,Moderately Healthy,Moderately Healthy
2,2,2,2,3,3,2,4,3,3,4,4,2.85,3.077,Moderately Healthy,Moderately Healthy
3,2,2,2,3,3,2,4,2,3,3,4,2.85,3.077,Moderately Healthy,Moderately Healthy
1,3,1,2,3,3,2,4,1,3,2,4,2.19,3.231,Very Poor,Healthy
2,2,1,2,4,3,4,4,2,3,4,4,2.96,3.077,Poor,Moderately Healthy
3,2,2,2,3,3,4,4,3,3,4,4,3.23,3.077,Moderately Healthy,Moderately Healthy
2,2,2,2,2,3,3,4,3,3,4,4,2.81,3.077,Moderately Healthy,Moderately Healthy
3,2,3,2,4,3,4,4,4,3,4,4,3.65,3.077,Healthy,Moderately Healthy
3,2,2,2,3,3,4,4,3,3,4,4,3.23,3.077,Moderately Healthy,Moderately Healthy
3,2,3,2,3,3,4,4,1,3,4,4,3.27,3.077,Moderately Healthy,Moderately Healthy
3,2,3,2,3,3,4,4,3,3,4,4,3.42,3.077,Moderately Healthy,Moderately Healthy
3,2,2,2,4,3,4,4,4,3,4,4,3.46,3.077,Moderately Healthy,Moderately Healthy
3,3,2,2,2,3,4,4,4,3,4,4,3.15,3.231,Moderately Healthy,Healthy
2,2,2,2,4,3,4,4,3,3,4,4,3.23,3.077,Moderately Healthy,Moderately Healthy
2,2,2,2,4,3,2,4,2,3,4,4,2.92,3.077,Moderately Healthy,Moderately Healthy
3,2,3,2,2,3,4,4,3,3,3,4,3.19,3.077,Moderately Healthy,Moderately Healthy
3,2,2,2,2,3,4,4,3,3,3,4,3.0,3.077,Moderately Healthy,Moderately Healthy
1,2,2,2,4,3,3,4,3,3,4,4,2.96,3.077,Moderately Healthy,Moderately Healthy
2,2,1,2,1,3,4,4,2,3,3,4,2.42,3.077,Very Poor,Moderately Healthy
1,2,1,2,3,3,3,4,1,3,4,3,2.46,3.0,Very Poor,Poor
3,2,2,2,3,3,3,4,3,2,3,3,3.04,2.923,Moderately Healthy,Moderately Healthy
2,2,2,2,4,3,4,4,4,2,4,4,3.31,3.0,Moderately Healthy,Moderately Healthy
3,2,3,2,4,3,4,4,4,3,4,3,3.65,3.0,Healthy,Moderately Healthy
4,2,4,2,1,3,4,4,4,3,4,3,3.54,3.0,Healthy,Moderately Healthy
3,2,3,2,4,3,4,4,4,3,4,4,3.65,3.077,Healthy,Moderately Healthy
2,2,2,2,2,3,4,4,3,3,4,3,2.92,3.0,Moderately Healthy,Poor
2,2,1,2,4,3,4,3,2,2,3,4,2.88,2.885,Poor,Moderately Healthy
2,2,2,2,3,3,4,4,3,2,4,3,3.08,2.923,Moderately Healthy,Poor
2,2,2,2,3,3,4,4,2,3,3,4,2.92,3.077,Moderately Healthy,Moderately Healthy
2,2,2,2,2,3,3,3,1,2,4,4,2.65,2.885,Moderately Healthy,Moderately Healthy
2,2,2,2,3,3,4,4,3,3,3,3,3.0,3.0,Moderately Healthy,Poor
2,2,2,2,3,3,4,4,2,3,3,3,2.92,3.0,Moderately Healthy,Poor
3,2,3,2,3,3,3,4,3,3,4,3,3.31,3.0,Moderately Healthy,Poor
1,2,1,2,1,3,2,4,3,3,3,3,2.12,3.0,Very Poor,Moderately Healthy
2,2,2,2,4,3,4,4,3,3,4,4,3.23,3.077,Moderately Healthy,Moderately Healthy
3,2,2,2,4,3,4,3,3,2,4,3,3.38,2.808,Moderately Healthy,Moderately Healthy
1,2,1,2,3,3,2,4,2,2,2,4,2.27,3.0,Very Poor,Moderately Healthy
3,2,2,2,4,3,4,4,4,3,4,4,3.46,3.077,Moderately Healthy,Moderately Healthy
3,2,2,2,4,3,4,4,4,2,4,3,3.46,2.923,Moderately Healthy,Moderately Healthy
2,2,2,2,3,3,4,4,3,3,3,3,3.0,3.0,Moderately Healthy,Poor
2,2,2,2,3,3,1,4,1,3,4,3,2.58,3.0,Moderately Healthy,Poor
1,2,1,2,1,3,4,4,3,3,3,4,2.35,3.077,Very Poor,Poor
2,2,2,2,4,3,4,4,3,3,3,3,3.15,3.0,Moderately Healthy,Moderately Healthy
2,2,2,2,3,3,3,3,4,2,2,4,2.88,2.885,Moderately Healthy,Moderately Healthy
2,2,2,2,3,3,4,4,2,3,2,4,2.85,3.077,Moderately Healthy,Healthy
2,2,2,2,2,2,4,4,2,3,2,4,2.46,2.692,Poor,Moderately Healthy
1,2,1,2,1,2,3,4,2,3,3,4,1.92,2.692,Very Poor,Very Poor
3,2,2,1,3,2,4,4,3,2,4,3,3.0,2.346,Moderately Healthy,Very Poor
2,2,2,1,4,2,4,4,3,3,4,4,3.0,2.5,Moderately Healthy,Very Poor
1,2,1,1,1,2,3,4,2,3,2,3,1.85,2.423,Very Poor,Very Poor
2,2,2,2,4,2,4,4,3,3,4,4,3.0,2.692,Moderately Healthy,Very Poor
1,2,1,1,1,2,4,4,3,3,4,4,1.96,2.269,Very Poor,Very Poor
1,2,1,1,4,2,3,3,3,3,3,4,2.0,1.923,Very Poor,Very Poor
1,2,1,1,2,2,4,4,3,3,4,4,1.88,2.038,Very Poor,Very Poor
4,3,4,3,3,3,4,4,3,2,3,3,3.0,2.577,Poor,Poor
4,3,3,2,3,2,4,4,3,2,3,3,3.04,2.462,Moderately Healthy,Poor
4,3,4,3,3,3,4,4,2,2,2,3,3.08,2.808,Moderately Healthy,Poor
4,3,4,2,3,2,4,4,3,2,2,3,3.15,2.462,Moderately Healthy,Poor
3,3,2,2,3,3,4,4,1,2,3,3,2.54,2.615,Moderately Healthy,Poor
4,3,4,3,3,3,4,4,2,2,4,3,3.23,2.808,Moderately Healthy,Poor
3,3,3,3,1,3,4,4,1,2,3,3,2.42,2.808,Poor,Poor
3,3,3,2,2,2,4,4,2,2,2,3,2.58,2.462,Moderately Healthy,Poor
3,3,3,3,3,3,4,4,1,2,4,3,2.81,2.808,Moderately Healthy,Poor
4,3,4,2,2,2,3,4,3,2,4,3,3.27,2.692,Moderately Healthy,Poor
4,3,3,3,3,3,4,4,2,2,3,3,3.19,3.038,Moderately Healthy,Poor
4,3,4,3,2,3,2,4,3,2,4,3,3.15,3.038,Moderately Healthy,Moderately Healthy
3,2,3,2,2,3,4,3,2,2,3,3,2.88,2.577,Moderately Healthy,Moderately Healthy
4,2,4,2,2,3,4,3,2,2,3,3,3.23,2.577,Moderately Healthy,Moderately Healthy
3,3,2,3,2,2,4,4,1,2,3,4,2.62,2.962,Moderately Healthy,Moderately Healthy
3,3,3,3,2,3,2,4,2,3,3,4,2.65,3.192,Moderately Healthy,Moderately Healthy
4,3,4,3,3,3,4,4,4,3,4,4,3.62,3.192,Healthy,Moderately Healthy
4,3,3,3,2,3,4,4,3,2,4,4,3.19,3.115,Moderately Healthy,Moderately Healthy
4,3,4,3,3,3,3,4,3,2,4,4,3.42,3.115,Moderately Healthy,Healthy
4,3,4,3,4,3,4,4,4,3,4,4,4.0,3.423,Healthy,Healthy
4,3,3,3,2,3,3,4,3,3,4,4,3.31,3.423,Moderately Healthy,Healthy
3,3,2,3,2,3,4,4,2,3,4,4,3.0,3.423,Moderately Healthy,Healthy
4,3,4,3,3,3,4,4,3,3,4,4,3.77,3.423,Healthy,Healthy
4,3,4,3,4,3,4,4,3,3,4,4,3.92,3.423,Healthy,Healthy
3,3,3,3,3,3,4,4,4,3,4,4,3.5,3.423,Healthy,Healthy
4,3,4,3,4,3,3,4,3,3,4,4,3.81,3.423,Healthy,Healthy
4,3,4,3,4,3,4,4,4,3,4,4,4.0,3.423,Healthy,Healthy
4,3,3,3,4,3,3,4,3,3,4,4,3.62,3.423,Healthy,Healthy
4,3,4,2,4,3,4,4,4,3,4,4,4.0,3.231,Healthy,Moderately Healthy
4,3,3,3,3,3,4,4,4,3,4,4,3.65,3.423,Healthy,Healthy
3,3,3,2,3,3,4,4,3,3,4,4,3.42,3.231,Moderately Healthy,Healthy
2,3,2,2,4,3,4,4,3,3,4,4,3.23,3.231,Moderately Healthy,Healthy
4,2,4,2,3,3,3,4,4,3,4,4,3.73,3.077,Healthy,Moderately Healthy
2,2,2,2,2,3,2,4,2,3,4,4,2.62,3.077,Moderately Healthy,Moderately Healthy
2,2,2,2,2,3,4,3,2,2,4,3,2.85,2.808,Moderately Healthy,Very Poor
3,2,2,2,4,3,4,4,4,3,4,4,3.46,3.077,Moderately Healthy,Moderately Healthy
2,2,2,2,4,3,4,4,4,3,4,4,3.31,3.077,Moderately Healthy,Moderately Healthy
4,3,4,2,4,3,4,4,4,3,4,4,4.0,3.231,Healthy,Moderately Healthy
4,2,4,2,4,3,4,4,4,3,4,4,4.0,3.077,Healthy,Moderately Healthy
3,2,3,2,3,3,2,3,3,2,4,3,3.19,2.808,Moderately Healthy,Very Poor
2,2,2,2,4,3,4,4,3,3,4,4,3.23,3.077,Moderately Healthy,Moderately Healthy
3,2,2,2,4,3,2,4,3,3,4,4,3.15,3.077,Moderately Healthy,Healthy
1,2,1,2,4,3,4,4,3,3,4,4,2.88,3.077,Poor,Moderately Healthy
1,2,1,2,4,3,3,4,1,3,4,4,2.62,3.077,Very Poor,Moderately Healthy
2,2,2,2,3,3,3,4,3,3,4,3,2.96,3.0,Moderately Healthy,Very Poor
3,2,2,2,3,3,4,4,4,3,4,4,3.31,3.077,Moderately Healthy,Moderately Healthy
2,2,2,2,1,2,4,4,1,3,4,4,2.38,2.692,Poor,Very Poor
1,2,1,2,1,2,3,4,3,3,4,4,2.08,2.692,Very Poor,Very Poor
1,2,1,1,1,2,4,3,2,3,4,3,2.12,2.308,Very Poor,Very Poor
2,2,2,2,1,2,3,4,1,3,3,4,2.19,2.692,Poor,Very Poor
2,2,1,2,1,2,3,4,1,3,3,4,2.0,2.692,Very Poor,Very Poor
1,2,1,2,1,2,3,4,2,3,3,4,1.92,2.692,Very Poor,Moderately Healthy
1,2,1,2,1,2,4,4,1,3,3,4,1.96,2.692,Very Poor,Very Poor
1,2,1,1,1,2,3,4,1,3,3,4,1.85,2.5,Very Poor,Very Poor
1,2,1,1,4,2,4,3,3,3,3,4,2.58,2.385,Poor,Very Poor
2,2,1,2,1,2,4,4,1,3,3,4,2.12,2.692,Very Poor,Moderately Healthy
1,2,1,2,1,2,3,4,1,3,4,4,1.92,2.692,Very Poor,Very Poor
1,2,1,2,4,2,4,4,3,3,3,4,2.58,2.692,Poor,Very Poor
1,2,1,1,1,2,3,4,2,3,4,4,2.0,2.5,Very Poor,Very Poor
2,2,2,2,1,2,3,4,2,3,4,4,2.12,2.462,Poor,Very Poor
2,2,1,2,1,2,4,4,3,3,4,4,2.12,2.462,Very Poor,Very Poor
1,2,1,2,1,2,1,4,1,3,2,4,1.31,2.462,Very Poor,Poor
1,2,1,2,1,2,3,4,1,3,4,4,1.69,2.462,Very Poor,Poor
1,2,1,1,1,2,4,4,3,3,4,4,1.96,2.269,Very Poor,Poor
1,2,1,1,4,2,4,4,2,3,3,4,2.27,2.269,Very Poor,Very Poor
1,2,1,1,4,2,4,3,2,3,3,4,2.27,2.154,Very Poor,Very Poor
1,2,1,2,1,2,4,4,4,3,4,4,2.04,2.462,Very Poor,Poor
1,2,1,1,1,2,2,3,3,3,4,4,1.73,2.154,Very Poor,Very Poor
1,2,1,1,1,2,2,3,1,3,3,4,1.27,1.923,Very Poor,Very Poor
2,1,1,1,1,2,2,3,2,3,3,4,1.5,1.769,Very Poor,Very Poor
1,1,1,1,1,2,4,3,4,4,4,4,1.81,1.846,Very Poor,Very Poor
1,1,1,1,1,2,3,3,2,4,4,4,1.54,1.846,Very Poor,Very Poor
1,1,1,1,1,1,3,3,3,4,4,4,1.62,1.692,Very Poor,Very Poor
1,1,1,1,1,1,3,3,4,3,4,4,1.69,1.615,Very Poor,Very Poor
1,2,1,1,4,2,3,3,3,4,4,4,2.08,2.0,Very Poor,Very Poor
1,2,1,1,4,2,4,3,4,4,3,4,2.19,2.0,Very Poor,Very Poor
1,2,1,2,2,2,2,3,1,2,1,3,1.27,1.962,Very Poor,Very Poor
1,2,1,2,2,2,2,3,1,2,1,3,1.27,1.962,Very Poor,Poor
1,2,1,2,2,2,2,3,1,2,1,3,1.5,2.192,Very Poor,Very Poor
1,2,1,2,1,2,3,3,1,2,2,3,1.54,2.192,Very Poor,Very Poor
1,2,1,2,2,2,3,3,1,2,2,3,1.69,2.192,Very Poor,Very Poor
1,2,1,2,1,2,3,3,1,2,2,3,1.54,2.192,Very Poor,Very Poor
1,2,1,2,1,2,3,3,1,2,3,3,1.62,2.192,Very Poor,Very Poor
1,2,1,2,2,2,3,3,1,2,2,3,1.69,2.192,Very Poor,Moderately Healthy
1,2,1,2,1,2,1,3,1,2,2,3,1.54,2.423,Very Poor,Very Poor
1,2,1,2,1,2,2,3,1,2,2,3,1.65,2.423,Very Poor,Moderately Healthy
1,2,1,2,2,3,3,3,1,2,2,3,1.92,2.577,Very Poor,Moderately Healthy
1,2,1,2,1,3,1,3,1,2,1,3,1.46,2.577,Very Poor,Moderately Healthy
1,2,1,2,2,3,2,3,1,2,1,3,1.73,2.577,Very Poor,Moderately Healthy
1,2,1,2,2,3,3,3,1,2,2,3,1.92,2.577,Very Poor,Poor
1,2,1,2,2,3,1,3,1,2,2,3,1.69,2.577,Very Poor,Moderately Healthy
1,2,1,2,2,2,1,3,1,2,1,3,1.62,2.423,Very Poor,Moderately Healthy
1,2,1,2,3,2,3,3,1,2,2,3,2.08,2.423,Very Poor,Moderately Healthy
1,2,1,2,2,3,3,3,1,2,2,3,1.92,2.577,Very Poor,Moderately Healthy
1,2,1,2,2,3,1,4,1,2,3,3,2.0,2.923,Very Poor,Moderately Healthy
1,2,1,2,3,3,4,4,1,2,3,3,2.5,2.923,Very Poor,Moderately Healthy
1,2,1,2,2,3,1,3,1,2,3,3,2.0,2.808,Very Poor,Moderately Healthy
2,2,2,2,4,3,4,3,3,3,4,4,3.23,2.962,Moderately Healthy,Moderately Healthy
1,2,1,2,3,3,3,4,2,3,3,4,2.46,3.077,Very Poor,Moderately Healthy
1,2,1,2,2,3,1,3,1,2,4,3,2.08,2.808,Very Poor,Very Poor
3,3,2,2,4,3,4,4,4,3,4,4,3.46,3.231,Moderately Healthy,Healthy
1,2,1,2,3,3,3,4,1,3,2,4,2.31,3.077,Very Poor,Poor
1,2,1,2,4,3,4,4,4,3,4,4,2.96,3.077,Poor,Very Poor
2,2,1,2,4,2,4,4,1,3,3,4,2.58,2.692,Poor,Very Poor
1,2,1,2,2,2,4,4,1,3,3,4,2.12,2.692,Very Poor,Moderately Healthy
2,2,2,2,4,2,4,4,4,3,4,4,3.08,2.692,Moderately Healthy,Very Poor
4,2,3,2,4,2,4,4,4,3,4,4,3.58,2.692,Healthy,Moderately Healthy
3,2,3,2,4,2,4,4,4,3,4,4,3.42,2.692,Moderately Healthy,Very Poor
1,2,1,1,2,2,4,4,2,3,4,4,2.27,2.5,Very Poor,Very Poor
1,2,1,2,1,2,4,4,1,3,3,4,1.96,2.692,Very Poor,Very Poor
1,2,1,2,1,2,4,4,3,3,4,4,2.19,2.692,Very Poor,Very Poor
1,2,1,2,1,2,3,4,3,3,4,4,2.08,2.692,Very Poor,Very Poor
3,2,3,2,4,2,4,3,4,3,4,4,3.19,2.346,Moderately Healthy,Very Poor
1,2,1,2,2,2,3,4,2,3,4,4,1.92,2.462,Very Poor,Very Poor
1,2,1,1,1,2,3,4,2,3,4,4,1.77,2.269,Very Poor,Very Poor
3,2,2,2,4,2,4,4,3,3,4,4,2.92,2.462,Moderately Healthy,Poor
2,2,2,2,4,2,4,4,4,3,4,4,2.85,2.462,Moderately Healthy,Very Poor
1,2,1,2,1,2,4,4,1,3,4,4,1.81,2.462,Very Poor,Poor
3,2,2,2,4,2,4,4,4,3,4,4,3.0,2.462,Moderately Healthy,Very Poor
2,2,2,1,3,2,4,3,4,3,4,4,2.69,2.154,Moderately Healthy,Very Poor
2,2,2,2,1,2,4,4,3,3,4,4,2.31,2.462,Poor,Very Poor
2,2,2,2,3,2,3,4,4,3,4,4,2.58,2.462,Moderately Healthy,Very Poor
2,2,1,2,4,2,4,4,2,3,3,4,2.42,2.462,Very Poor,Very Poor
2,2,1,2,3,2,3,4,2,3,4,4,2.23,2.462,Very Poor,Poor
2,2,2,1,3,2,4,3,4,3,4,4,2.69,2.154,Moderately Healthy,Very Poor
2,2,2,1,2,2,4,4,4,3,4,4,2.54,2.269,Poor,Very Poor
1,2,1,2,2,2,4,4,4,3,4,4,2.19,2.462,Very Poor,Poor
2,2,2,1,1,2,4,3,3,3,4,4,2.31,2.154,Poor,Very Poor
2,2,1,1,3,2,4,3,2,3,4,4,2.35,2.154,Very Poor,Very Poor
1,2,1,1,4,2,4,4,2,3,4,4,2.35,2.269,Very Poor,Very Poor
1,2,1,1,2,2,3,3,2,3,4,4,1.92,2.154,Very Poor,Very Poor
1,2,1,1,1,2,1,4,4,3,4,4,1.69,2.269,Very Poor,Poor
2,2,1,1,3,2,3,3,4,3,4,4,2.38,2.154,Very Poor,Very Poor
2,2,1,1,4,2,4,3,4,3,4,4,2.65,2.154,Poor,Very Poor
1,2,1,1,4,2,4,3,4,3,4,4,2.5,2.154,Poor,Very Poor
1,2,1,2,1,2,4,4,4,3,4,4,2.04,2.462,Very Poor,Very Poor
2,2,2,1,1,2,3,4,4,3,4,4,2.27,2.269,Poor,Very Poor
2,2,1,1,3,2,4,3,3,3,4,4,2.42,2.154,Very Poor,Very Poor
1,1,1,1,2,2,3,3,2,3,4,4,1.92,2.0,Very Poor,Very Poor
2,2,1,1,3,2,4,4,3,3,4,4,2.19,2.038,Very Poor,Very Poor
1,2,1,1,4,2,4,3,3,3,4,4,2.19,1.923,Very Poor,Very Poor
1,2,1,1,4,2,4,4,4,3,4,4,2.27,2.038,Very Poor,Very Poor
2,2,1,1,3,2,3,3,3,3,4,4,2.08,1.923,Very Poor,Very Poor
1,2,1,1,2,2,4,3,3,3,4,4,1.88,1.923,Very Poor,Very Poor
1,2,1,1,2,2,3,3,3,3,4,4,1.77,1.923,Very Poor,Very Poor
1,2,2,1,2,2,4,3,4,3,4,4,2.15,1.923,Poor,Very Poor
2,2,1,1,3,2,4,4,2,3,4,4,2.12,2.038,Very Poor,Very Poor
1,1,1,1,1,1,4,4,4,3,4,4,1.81,1.731,Very Poor,Very Poor
1,2,1,1,1,1,2,3,3,3,4,4,1.5,1.769,Very Poor,Very Poor
1,1,1,1,1,2,4,3,4,3,4,4,1.81,1.769,Very Poor,Very Poor
1,1,1,1,1,2,4,3,4,3,4,4,1.81,1.769,Very Poor,Very Poor
1,2,1,1,1,1,4,3,4,3,4,4,1.81,1.769,Very Poor,Very Poor
1,2,1,1,1,2,4,3,4,3,4,4,1.81,1.923,Very Poor,Very Poor
1,1,1,1,3,2,4,3,3,3,4,4,2.04,1.769,Very Poor,Very Poor
1,2,1,1,1,2,3,3,1,4,3,4,1.38,2.0,Very Poor,Very Poor
2,1,2,1,2,2,4,3,4,3,4,4,2.31,1.769,Poor,Very Poor
1,1,1,1,3,1,3,3,4,4,4,4,2.0,1.692,Very Poor,Very Poor
1,2,2,1,3,2,3,3,3,3,3,4,2.04,1.923,Poor,Very Poor
1,1,1,1,3,1,3,3,4,4,4,4,2.0,1.692,Very Poor,Very Poor
1,1,1,1,2,1,3,3,4,4,4,4,1.85,1.692,Very Poor,Very Poor
2,1,2,1,2,2,4,3,4,4,4,4,2.31,1.846,Poor,Very Poor
1,2,1,1,1,1,3,3,4,4,4,4,1.69,1.846,Very Poor,Very Poor
3,1,2,1,1,1,4,3,4,3,4,4,2.31,1.615,Poor,Very Poor
1,1,1,1,2,2,4,3,4,4,4,4,1.96,1.846,Very Poor,Very Poor
1,2,1,1,1,1,4,3,4,4,4,4,1.81,1.846,Very Poor,Very Poor
1,1,1,1,1,2,4,3,4,4,4,4,1.81,1.846,Very Poor,Very Poor
1,1,1,1,1,2,3,3,4,4,4,4,1.69,1.846,Very Poor,Very Poor
2,1,2,1,1,1,3,3,4,4,4,4,2.04,1.692,Poor,Very Poor
1,1,1,1,2,2,3,3,4,4,4,4,1.85,1.846,Very Poor,Very Poor
3,2,3,2,2,3,2,3,1,2,2,3,2.04,2.115,Poor,Poor
3,2,3,2,2,2,3,3,1,2,1,3,2.08,1.962,Very Poor,Very Poor
1,2,1,2,1,3,3,3,1,2,2,3,1.31,2.115,Very Poor,Very Poor
2,2,2,2,2,3,4,3,1,2,3,3,2.23,2.346,Poor,Poor
2,2,2,2,4,2,4,3,2,2,3,3,2.62,2.192,Moderately Healthy,Poor
2,2,2,2,1,2,4,3,3,2,3,3,2.23,2.192,Poor,Poor
4,2,4,2,2,3,3,3,4,2,4,3,3.12,2.346,Moderately Healthy,Very Poor
3,2,2,2,1,3,4,3,2,2,4,3,2.62,2.577,Moderately Healthy,Moderately Healthy
3,2,3,2,3,3,4,3,2,2,4,3,3.12,2.577,Moderately Healthy,Moderately Healthy
3,2,3,2,1,2,3,3,1,2,4,3,2.62,2.423,Moderately Healthy,Moderately Healthy
2,2,2,2,2,3,4,3,1,2,4,3,2.54,2.577,Moderately Healthy,Poor
4,2,4,2,3,2,3,3,3,2,4,3,3.42,2.423,Moderately Healthy,Very Poor
2,2,2,2,3,2,3,3,1,2,3,3,2.5,2.423,Moderately Healthy,Moderately Healthy
1,2,1,2,3,2,2,3,1,2,3,3,2.04,2.423,Very Poor,Moderately Healthy
3,2,3,2,4,3,2,3,1,2,3,3,2.88,2.577,Moderately Healthy,Moderately Healthy
3,2,3,2,2,3,3,3,1,2,1,3,2.54,2.577,Moderately Healthy,Moderately Healthy
3,2,2,2,2,3,4,3,3,2,4,3,2.85,2.577,Moderately Healthy,Moderately Healthy
3,2,2,2,1,3,4,3,3,2,4,3,2.69,2.577,Moderately Healthy,Moderately Healthy
3,2,2,2,2,3,4,4,3,2,3,3,2.77,2.692,Moderately Healthy,Moderately Healthy
3,2,2,2,2,3,4,3,3,2,3,3,2.77,2.577,Moderately Healthy,Moderately Healthy
3,2,3,2,4,3,4,3,4,2,3,3,3.35,2.577,Moderately Healthy,Moderately Healthy
3,2,2,2,2,3,4,3,3,2,3,3,2.77,2.577,Moderately Healthy,Moderately Healthy
4,2,4,2,4,3,4,4,3,2,4,3,3.69,2.692,Healthy,Moderately Healthy
4,2,4,2,3,3,4,3,4,2,2,3,3.46,2.577,Moderately Healthy,Very Poor
3,2,2,2,3,3,3,3,2,2,3,3,2.73,2.577,Moderately Healthy,Very Poor
2,2,2,2,4,3,3,4,4,2,4,4,3.19,3.0,Moderately Healthy,Moderately Healthy
2,2,2,1,1,3,4,3,3,2,3,3,2.69,2.615,Moderately Healthy,Very Poor
2,2,2,2,4,3,2,3,1,2,4,3,2.85,2.808,Moderately Healthy,Moderately Healthy
3,2,2,2,1,3,4,3,3,2,4,3,2.92,2.808,Moderately Healthy,Moderately Healthy
1,2,1,2,1,3,3,4,2,2,4,3,2.23,2.923,Very Poor,Moderately Healthy
3,2,2,2,2,3,4,3,2,2,4,3,3.0,2.808,Moderately Healthy,Moderately Healthy
1,2,1,2,4,3,4,3,3,2,4,3,2.88,2.808,Poor,Moderately Healthy
3,2,3,2,4,3,4,3,3,2,4,3,3.58,2.808,Healthy,Moderately Healthy
3,3,2,2,3,3,4,4,2,3,4,3,3.15,3.154,Moderately Healthy,Healthy
3,2,2,2,4,3,4,3,2,2,4,3,3.31,2.808,Moderately Healthy,Very Poor
2,2,1,2,4,3,4,4,4,3,4,4,3.12,3.077,Poor,Moderately Healthy
3,2,2,2,3,2,2,3,1,2,3,3,2.77,2.654,Moderately Healthy,Very Poor
3,2,2,2,3,3,4,4,2,3,4,3,3.15,3.0,Moderately Healthy,Moderately Healthy
3,2,2,2,1,3,4,4,3,3,4,4,2.92,3.077,Moderately Healthy,Moderately Healthy
3,2,2,2,1,3,4,4,2,3,3,4,2.77,3.077,Moderately Healthy,Moderately Healthy
3,2,3,2,4,3,4,4,4,3,4,4,3.65,3.077,Healthy,Moderately Healthy
3,2,2,1,1,3,3,3,2,2,2,3,2.58,2.615,Moderately Healthy,Very Poor
2,2,2,2,2,3,4,4,3,3,4,4,2.92,3.077,Moderately Healthy,Moderately Healthy
4,2,3,2,4,3,4,4,3,2,4,4,3.73,3.0,Healthy,Poor
2,2,2,2,3,3,4,3,1,2,2,3,2.77,2.808,Moderately Healthy,Moderately Healthy
2,2,2,1,3,3,4,3,2,2,4,3,3.0,2.615,Moderately Healthy,Very Poor
2,2,2,1,3,3,3,3,2,2,4,3,2.88,2.615,Moderately Healthy,Very Poor
3,2,3,2,1,3,3,3,3,2,3,3,2.92,2.808,Moderately Healthy,Moderately Healthy
1,1,1,1,2,3,3,3,2,2,3,3,2.31,2.462,Very Poor,Very Poor
2,2,2,2,3,3,4,3,3,3,4,4,3.08,2.962,Moderately Healthy,Moderately Healthy
2,2,2,2,3,3,4,4,3,3,4,3,3.08,3.0,Moderately Healthy,Moderately Healthy
2,2,2,2,2,3,4,4,3,3,3,4,2.85,3.077,Moderately Healthy,Moderately Healthy
4,2,3,1,4,2,4,3,2,2,4,3,3.65,2.462,Healthy,Very Poor
3,1,3,1,4,2,4,3,3,2,4,3,3.58,2.308,Healthy,Very Poor
3,2,2,2,2,3,4,4,4,3,4,4,3.15,3.077,Moderately Healthy,Moderately Healthy
3,2,2,2,1,3,4,4,4,3,4,4,3.0,3.077,Moderately Healthy,Moderately Healthy
4,2,4,1,4,3,4,3,4,2,4,3,4.0,2.615,Healthy,Very Poor
3,2,2,2,4,3,4,4,3,3,4,4,3.38,3.077,Moderately Healthy,Moderately Healthy
2,2,2,2,4,3,3,3,3,3,4,4,3.12,2.962,Moderately Healthy,Moderately Healthy
3,2,3,2,3,3,3,4,1,3,4,4,3.15,3.077,Moderately Healthy,Moderately Healthy
2,3,2,2,4,3,4,4,3,3,4,4,3.23,3.231,Moderately Healthy,Healthy
3,2,3,2,4,3,4,4,2,3,4,4,3.5,3.077,Healthy,Moderately Healthy
3,2,2,2,2,3,4,4,4,3,4,4,3.15,3.077,Moderately Healthy,Moderately Healthy
4,2,3,2,4,3,4,3,4,3,4,4,3.81,2.962,Healthy,Moderately Healthy
4,2,3,2,4,3,4,3,4,2,4,3,3.81,2.808,Healthy,Very Poor
3,2,2,2,4,3,4,4,2,3,3,4,3.23,3.077,Moderately Healthy,Moderately Healthy
3,2,3,2,4,3,4,4,3,3,4,4,3.58,3.077,Healthy,Moderately Healthy
3,2,2,2,4,3,4,3,4,2,4,3,3.46,2.808,Moderately Healthy,Very Poor
4,2,3,2,4,3,4,4,4,3,4,4,3.81,3.077,Healthy,Poor
4,2,3,2,4,3,4,4,4,3,4,4,3.81,3.077,Healthy,Moderately Healthy
3,2,2,2,3,3,4,4,2,3,3,4,3.08,3.077,Moderately Healthy,Moderately Healthy
3,2,3,1,4,3,4,3,4,2,4,3,3.65,2.615,Healthy,Very Poor
3,2,2,2,4,3,4,4,4,3,3,4,3.38,3.077,Moderately Healthy,Moderately Healthy
2,3,2,2,4,3,4,4,4,3,3,4,3.23,3.231,Moderately Healthy,Moderately Healthy
4,3,4,2,3,3,4,4,3,3,4,4,3.77,3.231,Healthy,Moderately Healthy
3,2,3,2,4,3,4,3,4,2,4,3,3.65,2.808,Healthy,Very Poor
3,2,3,2,4,3,4,3,4,2,4,3,3.65,2.808,Healthy,Very Poor
3,2,2,2,4,3,4,4,4,3,4,4,3.46,3.077,Moderately Healthy,Healthy
3,2,3,2,4,3,4,4,4,3,4,4,3.65,3.077,Healthy,Moderately Healthy
2,2,2,2,4,3,4,4,3,3,4,4,3.23,3.077,Moderately Healthy,Healthy
3,2,3,2,4,3,4,4,4,3,4,4,3.65,3.077,Healthy,Healthy
2,2,2,2,1,3,4,4,4,3,4,4,2.85,3.077,Moderately Healthy,Moderately Healthy
3,2,3,2,4,3,4,4,3,3,4,4,3.58,3.077,Healthy,Healthy
2,2,2,2,4,3,4,4,3,3,3,4,3.15,3.077,Moderately Healthy,Moderately Healthy
3,2,2,2,1,3,4,3,3,2,2,3,2.77,2.808,Moderately Healthy,Very Poor
3,3,2,2,4,3,4,4,4,3,4,4,3.46,3.231,Moderately Healthy,Moderately Healthy
2,2,1,2,3,3,4,4,2,3,4,4,2.81,3.077,Poor,Moderately Healthy
4,3,3,2,4,3,4,4,4,3,4,4,3.81,3.231,Healthy,Healthy
4,2,4,2,3,3,4,3,4,3,4,4,3.85,2.962,Healthy,Moderately Healthy
3,2,3,2,3,3,4,3,3,2,4,3,3.42,2.808,Moderately Healthy,Very Poor
2,2,2,2,4,3,4,4,4,3,4,4,3.31,3.077,Moderately Healthy,Moderately Healthy
3,2,2,2,4,3,4,3,4,2,4,3,3.46,2.808,Moderately Healthy,Very Poor
3,2,2,2,4,3,4,3,2,2,4,3,3.31,2.808,Moderately Healthy,Very Poor
2,2,2,2,3,3,3,4,4,3,4,4,3.04,3.077,Moderately Healthy,Moderately Healthy
3,2,3,2,4,3,4,4,4,3,4,4,3.65,3.077,Healthy,Moderately Healthy
3,2,3,2,3,3,4,4,2,3,4,4,3.35,3.077,Moderately Healthy,Moderately Healthy
3,2,3,2,4,3,4,4,4,3,4,4,3.65,3.077,Healthy,Moderately Healthy
3,2,3,2,4,3,4,3,4,2,4,3,3.65,2.808,Healthy,Very Poor
2,2,2,2,4,3,4,4,4,3,4,4,3.31,3.077,Moderately Healthy,Very Poor
3,2,3,2,2,2,4,4,4,3,4,4,3.12,2.692,Moderately Healthy,Moderately Healthy
3,2,2,2,2,2,4,4,3,3,4,4,2.85,2.692,Moderately Healthy,Very Poor
2,2,1,2,2,2,3,4,1,3,3,4,2.15,2.692,Very Poor,Very Poor
3,2,2,1,2,2,4,4,4,3,4,4,2.92,2.5,Moderately Healthy,Very Poor
3,2,2,2,2,2,4,3,4,3,4,4,2.92,2.577,Moderately Healthy,Moderately Healthy
3,2,3,2,2,2,4,4,4,3,4,4,3.12,2.692,Moderately Healthy,Moderately Healthy
2,2,2,2,2,2,4,4,4,3,4,4,2.77,2.692,Moderately Healthy,Very Poor
3,2,2,1,4,2,4,3,4,3,4,4,3.23,2.385,Moderately Healthy,Very Poor
3,2,3,2,3,2,4,4,4,3,4,4,3.27,2.692,Moderately Healthy,Very Poor
2,2,2,1,3,2,4,3,4,3,4,4,2.92,2.385,Moderately Healthy,Very Poor
4,2,4,2,1,2,4,4,4,3,4,4,3.31,2.692,Moderately Healthy,Very Poor
2,2,2,1,1,2,4,4,3,3,4,4,2.54,2.5,Moderately Healthy,Very Poor
4,2,3,2,3,2,4,4,3,3,4,4,3.35,2.692,Moderately Healthy,Moderately Healthy
3,2,2,2,2,2,4,4,4,3,4,4,2.92,2.692,Moderately Healthy,Very Poor
3,2,3,1,2,2,4,4,4,3,4,4,3.12,2.5,Moderately Healthy,Very Poor
3,2,2,2,1,2,4,4,4,3,4,4,2.77,2.692,Moderately Healthy,Very Poor
3,2,2,1,4,2,4,4,3,3,4,4,2.92,2.269,Moderately Healthy,Very Poor
2,2,1,2,2,2,4,4,4,3,4,4,2.35,2.462,Very Poor,Very Poor
3,2,2,2,1,2,4,4,4,3,4,4,2.54,2.462,Moderately Healthy,Very Poor
3,2,2,2,1,2,4,4,4,3,4,4,2.54,2.462,Moderately Healthy,Very Poor
3,2,2,2,3,2,4,4,3,3,4,4,2.77,2.462,Moderately Healthy,Very Poor
3,2,3,2,3,2,4,4,4,3,3,4,2.96,2.462,Moderately Healthy,Poor
3,2,3,2,1,2,4,4,4,3,4,4,2.73,2.462,Moderately Healthy,Poor
3,2,2,2,1,2,4,4,4,3,4,4,2.54,2.462,Moderately Healthy,Poor
3,2,3,2,4,2,4,4,4,3,4,4,3.19,2.462,Moderately Healthy,Poor
3,2,2,1,1,2,4,3,4,3,4,4,2.54,2.154,Moderately Healthy,Very Poor
2,2,2,2,3,2,4,4,4,3,4,4,2.69,2.462,Moderately Healthy,Poor
1,2,1,2,2,2,4,4,4,3,4,4,2.19,2.462,Very Poor,Poor
3,2,2,2,3,2,4,4,4,3,4,4,2.85,2.462,Moderately Healthy,Poor
2,2,2,1,1,2,4,4,4,3,4,4,2.38,2.269,Poor,Very Poor
3,2,2,1,2,2,3,3,4,3,3,4,2.5,2.154,Moderately Healthy,Very Poor
2,1,2,1,1,2,3,3,4,3,4,4,2.04,1.769,Poor,Very Poor
1,2,1,1,1,2,4,4,2,3,4,4,1.65,2.038,Very Poor,Very Poor
3,2,2,1,2,2,4,4,4,3,4,4,2.46,2.038,Poor,Very Poor
3,2,3,2,3,3,4,4,3,3,4,4,3.42,3.077,Moderately Healthy,Moderately Healthy
2,2,1,2,3,3,3,4,2,3,4,4,2.69,3.077,Poor,Moderately Healthy
3,2,2,2,4,3,4,3,3,2,4,3,3.38,2.808,Moderately Healthy,Very Poor
4,3,4,2,4,3,4,4,3,3,4,4,3.92,3.231,Healthy,Healthy
3,2,3,2,4,3,4,4,4,3,4,4,3.65,3.077,Healthy,Healthy
3,3,3,2,4,3,4,4,4,3,4,4,3.65,3.231,Healthy,Healthy
2,2,2,2,3,3,4,4,4,3,4,4,3.15,3.077,Moderately Healthy,Moderately Healthy
2,2,2,2,4,3,4,4,2,3,4,4,3.15,3.077,Moderately Healthy,Healthy
3,2,3,2,4,3,4,4,4,3,4,4,3.65,3.077,Healthy,Moderately Healthy
2,2,2,2,1,3,4,4,2,3,4,4,2.69,3.077,Moderately Healthy,Moderately Healthy
2,2,2,2,3,3,4,4,4,3,4,4,3.15,3.077,Moderately Healthy,Moderately Healthy
2,2,2,2,4,2,1,4,4,3,4,4,2.73,2.692,Moderately Healthy,Very Poor
1,2,1,2,1,2,4,4,2,3,4,4,2.12,2.692,Very Poor,Very Poor
1,2,1,1,1,2,4,4,2,3,4,4,2.12,2.5,Very Poor,Poor
3,2,3,1,4,2,4,4,4,3,4,4,3.42,2.5,Moderately Healthy,Very Poor
1,2,1,2,1,2,4,4,3,3,4,4,2.19,2.692,Very Poor,Very Poor
1,2,1,2,1,2,4,4,2,3,4,4,2.12,2.692,Very Poor,Very Poor
1,2,1,1,1,2,4,3,2,3,4,4,2.12,2.385,Very Poor,Very Poor
1,2,1,2,1,2,4,4,2,3,4,4,2.12,2.692,Very Poor,Very Poor
1,2,1,1,1,2,4,4,2,3,4,4,2.12,2.5,Very Poor,Very Poor
3,2,2,2,3,2,4,4,3,3,4,4,3.0,2.692,Moderately Healthy,Very Poor
1,2,1,2,1,2,4,4,2,3,4,4,2.12,2.692,Very Poor,Very Poor
1,2,1,1,1,2,4,4,2,3,4,4,2.12,2.5,Very Poor,Very Poor
3,2,2,2,1,2,4,4,2,3,4,4,2.62,2.692,Moderately Healthy,Very Poor
3,2,2,2,1,2,4,3,3,3,4,4,2.46,2.346,Poor,Very Poor
4,2,4,2,4,2,4,3,4,3,4,4,3.54,2.346,Healthy,Very Poor
2,2,2,1,4,2,4,4,4,3,4,4,2.85,2.269,Moderately Healthy,Very Poor
1,2,1,2,1,2,3,4,1,3,4,4,1.69,2.462,Very Poor,Very Poor
1,2,1,2,1,2,2,4,1,3,4,4,1.58,2.462,Very Poor,Poor
1,2,1,2,1,2,3,4,2,3,4,4,1.77,2.462,Very Poor,Very Poor
1,2,1,2,1,2,3,4,1,3,4,4,1.69,2.462,Very Poor,Very Poor
2,2,2,2,1,2,4,4,3,3,4,4,2.31,2.462,Poor,Poor
3,2,2,1,1,2,2,4,4,3,4,4,2.31,2.269,Poor,Very Poor
1,2,1,1,1,2,3,3,2,3,4,4,1.77,2.154,Very Poor,Very Poor
2,2,2,1,1,2,4,4,3,3,4,4,2.31,2.269,Poor,Poor
1,2,1,1,1,2,3,4,1,3,4,4,1.69,2.269,Very Poor,Poor
2,2,1,2,1,2,4,4,4,3,4,4,2.19,2.462,Very Poor,Poor
3,2,3,2,1,2,1,3,4,3,4,4,2.38,2.346,Poor,Very Poor
1,2,1,2,1,2,3,4,2,3,4,4,1.77,2.462,Very Poor,Very Poor
1,2,1,2,1,2,2,4,1,3,4,4,1.58,2.462,Very Poor,Very Poor
4,2,4,2,4,2,4,4,4,3,4,4,3.54,2.462,Healthy,Poor
2,2,2,1,4,2,4,4,4,3,4,4,2.85,2.269,Moderately Healthy,Very Poor
3,2,3,1,1,2,4,4,2,3,4,4,2.58,2.269,Moderately Healthy,Very Poor
1,2,1,2,1,2,2,4,1,3,4,4,1.58,2.462,Very Poor,Very Poor
1,2,1,2,1,2,2,4,2,3,4,4,1.65,2.462,Very Poor,Poor
3,2,3,1,4,2,4,4,4,3,4,4,3.19,2.269,Moderately Healthy,Poor
2,2,2,1,1,2,4,3,3,3,4,4,2.31,2.154,Poor,Very Poor
1,2,1,1,1,2,4,3,3,3,4,4,1.96,2.154,Very Poor,Very Poor
1,2,1,1,1,2,3,3,2,3,4,4,1.77,2.154,Very Poor,Very Poor
1,2,1,1,1,2,4,4,3,3,4,4,1.96,2.269,Very Poor,Poor
1,2,1,1,1,2,4,4,4,3,4,4,2.04,2.269,Very Poor,Poor
2,2,2,1,4,2,4,4,4,3,3,4,2.77,2.269,Moderately Healthy,Poor
1,2,1,2,1,2,3,4,3,3,4,4,1.85,2.462,Very Poor,Very Poor
2,2,2,1,2,2,4,4,4,3,4,4,2.54,2.269,Poor,Very Poor
1,2,1,1,1,2,4,4,4,3,4,4,2.04,2.269,Very Poor,Very Poor
1,2,1,1,1,2,4,3,3,3,4,4,1.96,2.154,Very Poor,Very Poor
2,2,2,1,1,2,4,4,3,3,4,4,2.31,2.269,Poor,Very Poor
1,1,1,1,1,2,1,3,1,3,3,4,1.38,2.0,Very Poor,Very Poor
1,2,1,1,1,2,4,4,3,3,4,4,1.96,2.269,Very Poor,Very Poor
2,2,2,1,1,2,3,3,2,3,4,4,2.12,2.154,Poor,Very Poor
1,2,1,1,1,2,3,3,3,3,4,4,1.85,2.154,Very Poor,Very Poor
3,1,3,1,3,1,2,3,4,3,4,4,2.81,1.846,Moderately Healthy,Very Poor
1,1,1,1,1,1,4,3,3,3,4,4,1.96,1.846,Very Poor,Very Poor
2,2,2,1,1,2,4,4,3,3,4,4,2.31,2.269,Poor,Poor
3,2,2,1,1,2,4,3,3,3,4,4,2.46,2.154,Poor,Very Poor
1,2,1,2,1,2,3,4,3,3,4,4,1.62,2.231,Very Poor,Poor
1,2,1,1,1,2,4,3,2,3,4,4,1.65,1.923,Very Poor,Very Poor
1,1,1,1,1,2,4,3,4,3,4,4,1.81,1.769,Very Poor,Very Poor
1,2,1,1,1,2,3,3,3,3,4,4,1.62,1.923,Very Poor,Very Poor
1,1,1,1,1,2,2,3,2,3,3,4,1.35,1.769,Very Poor,Very Poor
3,2,3,1,4,2,4,3,4,3,4,4,2.96,1.923,Poor,Very Poor
2,2,2,2,1,2,4,4,3,3,4,4,2.08,2.231,Poor,Very Poor
1,2,1,1,1,2,4,3,4,3,4,4,1.81,1.923,Very Poor,Very Poor
1,2,1,1,1,2,4,3,3,3,4,4,1.73,1.923,Very Poor,Very Poor
1,2,1,1,1,2,4,3,2,3,4,4,1.65,1.923,Very Poor,Very Poor
1,2,1,1,1,2,2,4,1,3,3,4,1.27,2.038,Very Poor,Very Poor
3,2,2,1,4,2,4,3,4,3,4,4,2.77,1.923,Poor,Very Poor
1,2,1,2,1,2,4,4,2,3,4,4,1.65,2.231,Very Poor,Poor
1,2,1,1,1,2,3,4,2,3,4,4,1.54,2.038,Very Poor,Very Poor
1,2,1,1,1,2,4,3,4,3,4,4,1.81,1.923,Very Poor,Very Poor
4,2,4,1,4,2,4,4,4,3,4,4,3.31,2.038,Poor,Very Poor
2,2,2,1,1,2,4,3,4,3,4,4,2.15,1.923,Poor,Very Poor
3,2,2,1,1,2,2,4,4,3,3,4,2.0,2.038,Poor,Very Poor
3,2,3,1,3,2,4,3,4,3,4,4,2.81,1.923,Poor,Very Poor
1,2,1,1,1,2,3,3,4,3,4,4,1.69,1.923,Very Poor,Very Poor
3,2,2,1,3,2,4,3,4,3,4,4,2.62,1.923,Poor,Very Poor
1,2,1,1,1,2,4,3,3,3,4,4,1.73,1.923,Very Poor,Very Poor
1,2,1,1,1,1,4,3,3,3,4,4,1.73,1.769,Very Poor,Very Poor
1,2,1,1,1,2,3,4,4,3,4,4,1.69,2.038,Very Poor,Very Poor
1,1,1,1,1,2,4,4,4,3,4,4,1.81,1.885,Very Poor,Very Poor
1,2,1,1,1,2,4,3,4,3,4,4,1.81,1.923,Very Poor,Very Poor
1,1,1,1,1,2,3,3,4,3,4,4,1.69,1.769,Very Poor,Very Poor
3,1,2,1,2,1,4,4,4,4,4,4,2.46,1.808,Poor,Very Poor
1,1,1,1,1,2,4,4,4,3,4,4,1.81,1.885,Very Poor,Very Poor
1,1,1,1,1,2,3,3,4,3,4,4,1.69,1.769,Very Poor,Very Poor
1,2,1,1,1,2,4,3,4,3,4,4,1.81,1.923,Very Poor,Very Poor
1,1,1,1,1,2,4,3,4,3,4,4,1.81,1.769,Very Poor,Very Poor
3,2,3,1,4,2,4,3,4,3,4,4,2.96,1.923,Poor,Very Poor
1,1,1,1,1,2,3,3,4,4,4,4,1.69,1.846,Very Poor,Very Poor
1,2,1,1,1,2,4,3,4,4,4,4,1.81,2.0,Very Poor,Very Poor
1,1,1,1,1,2,4,3,4,4,4,4,1.81,1.846,Very Poor,Very Poor
1,1,1,1,1,2,3,3,4,3,4,4,1.69,1.769,Very Poor,Very Poor
3,1,2,1,1,2,2,3,4,3,3,4,2.0,1.769,Poor,Very Poor
3,2,2,1,4,1,3,3,4,4,3,4,2.58,1.846,Poor,Very Poor
2,1,2,1,4,2,4,3,4,4,4,4,2.62,1.846,Poor,Very Poor
1,1,1,1,1,1,3,3,4,3,4,4,1.69,1.615,Very Poor,Very Poor
1,1,1,1,1,1,4,3,4,4,4,4,1.81,1.692,Very Poor,Very Poor
1,2,1,1,1,1,4,3,4,4,4,4,1.81,1.846,Very Poor,Very Poor
1,1,1,1,1,1,3,3,4,4,4,4,1.69,1.692,Very Poor,Very Poor
1,1,1,1,1,2,3,3,4,4,4,4,1.69,1.846,Very Poor,Very Poor
3,1,2,1,1,1,2,3,4,4,4,4,2.08,1.692,Poor,Very Poor
1,1,1,1,1,1,4,3,4,4,4,4,1.81,1.692,Very Poor,Very Poor
1,1,1,1,1,1,4,3,4,4,4,4,1.81,1.692,Very Poor,Very Poor
1,2,1,1,1,2,3,3,4,4,4,4,1.69,2.0,Very Poor,Very Poor
4,1,4,1,2,2,4,3,4,4,3,4,2.92,1.846,Poor,Very Poor
3,1,3,1,1,2,4,3,3,4,4,4,2.42,1.846,Poor,Very Poor
1,1,1,1,1,1,3,3,4,4,4,4,1.69,1.692,Very Poor,Very Poor
2,1,2,1,1,2,4,3,4,4,4,4,2.15,1.846,Poor,Very Poor
1,1,1,1,1,1,4,3,4,4,4,4,1.81,1.692,Very Poor,Very Poor
1,1,1,1,1,1,3,3,4,4,4,4,1.69,1.692,Very Poor,Very Poor
1,1,1,1,1,2,3,3,4,4,4,4,1.69,1.846,Very Poor,Very Poor
2,1,2,1,2,1,4,3,4,4,4,4,2.31,1.692,Poor,Very Poor
1,2,1,2,2,2,1,3,1,2,2,3,1.23,1.962,Very Poor,Moderately Healthy
4,2,4,2,2,3,4,3,1,1,2,3,2.62,2.038,Poor,Very Poor
2,2,2,2,2,3,3,3,1,1,4,3,1.96,2.038,Poor,Very Poor
3,2,3,2,4,2,3,3,1,2,3,3,2.54,1.962,Poor,Very Poor
3,2,2,2,3,3,3,3,1,1,2,3,2.12,2.038,Poor,Very Poor
2,2,2,2,3,2,3,3,1,2,3,3,2.04,1.962,Poor,Very Poor
3,2,2,2,4,3,4,3,3,2,4,3,2.92,2.346,Moderately Healthy,Very Poor
2,2,2,2,3,2,2,3,2,2,4,3,2.31,2.192,Poor,Moderately Healthy
3,2,3,2,2,2,4,3,1,2,3,3,2.58,2.192,Moderately Healthy,Very Poor
3,2,2,2,3,3,4,3,1,2,4,3,2.62,2.346,Moderately Healthy,Very Poor
3,2,2,2,2,2,2,3,1,2,3,3,2.15,2.192,Poor,Poor
2,2,2,2,4,3,4,3,2,2,4,3,2.69,2.346,Moderately Healthy,Moderately Healthy
3,2,2,2,2,2,3,3,1,2,1,3,2.12,2.192,Poor,Very Poor
3,2,3,2,2,3,4,3,1,2,4,3,2.65,2.346,Moderately Healthy,Very Poor
1,2,1,2,2,3,2,3,1,2,4,3,1.73,2.346,Very Poor,Moderately Healthy
3,2,3,2,4,2,4,3,4,2,4,3,3.19,2.192,Moderately Healthy,Very Poor
3,2,3,2,2,3,3,3,1,2,3,3,2.46,2.346,Poor,Poor
3,2,3,2,3,3,3,3,1,2,3,3,2.62,2.346,Moderately Healthy,Very Poor
2,2,2,2,2,2,3,3,1,2,3,3,2.12,2.192,Poor,Poor
3,2,2,2,3,2,4,3,1,2,4,3,2.62,2.192,Moderately Healthy,Poor
2,2,2,2,2,3,1,3,1,2,3,3,1.88,2.346,Poor,Moderately Healthy
3,2,3,2,3,2,4,3,1,1,3,3,2.73,2.115,Moderately Healthy,Very Poor
3,2,2,2,3,3,4,3,2,2,4,3,2.69,2.346,Moderately Healthy,Moderately Healthy
2,2,2,2,3,2,4,3,1,2,4,3,2.46,2.192,Poor,Very Poor
4,2,4,2,1,3,2,3,1,2,2,3,2.46,2.346,Poor,Very Poor
3,2,2,2,1,2,4,3,1,2,3,3,2.23,2.192,Poor,Poor
1,2,1,2,1,2,2,3,1,2,2,3,1.42,2.192,Very Poor,Very Poor
2,2,2,2,3,2,2,3,3,1,3,3,2.31,2.115,Poor,Very Poor
2,2,2,2,3,2,2,3,1,2,4,3,2.23,2.192,Poor,Poor
2,2,2,2,3,3,4,3,1,2,4,3,2.46,2.346,Poor,Very Poor
3,2,2,2,2,2,3,3,1,2,1,3,2.12,2.192,Poor,Moderately Healthy
1,2,1,2,4,3,2,3,3,2,4,3,2.19,2.346,Very Poor,Poor
2,2,2,2,2,2,2,3,2,2,4,3,2.15,2.192,Poor,Moderately Healthy
4,2,4,2,3,2,4,3,4,2,3,3,3.31,2.192,Moderately Healthy,Very Poor
2,2,1,2,2,2,4,3,3,2,4,3,2.27,2.192,Very Poor,Very Poor
2,2,2,2,2,2,4,3,1,2,3,3,2.23,2.192,Poor,Very Poor
1,2,1,2,3,3,3,3,1,2,3,3,1.92,2.346,Very Poor,Poor
2,2,2,2,3,3,4,3,1,2,3,3,2.38,2.346,Poor,Poor
3,2,3,2,4,2,4,3,2,2,4,3,3.04,2.192,Moderately Healthy,Very Poor
1,2,1,2,4,2,4,3,3,2,4,3,2.65,2.423,Poor,Very Poor
1,2,1,2,1,2,2,3,1,2,3,3,1.73,2.423,Very Poor,Very Poor
2,2,2,2,4,3,3,3,2,2,4,3,2.81,2.577,Moderately Healthy,Moderately Healthy
3,2,2,2,2,3,2,3,1,2,3,3,2.38,2.577,Poor,Very Poor
2,2,2,2,4,2,2,3,1,2,4,3,2.62,2.423,Moderately Healthy,Moderately Healthy
1,2,1,2,3,2,4,3,1,2,1,3,2.12,2.423,Very Poor,Very Poor
1,2,1,2,1,2,3,3,4,2,3,3,2.08,2.423,Very Poor,Moderately Healthy
2,2,1,2,3,3,4,3,2,2,2,3,2.42,2.577,Very Poor,Very Poor
1,2,1,2,3,2,3,3,1,2,3,3,2.15,2.423,Very Poor,Moderately Healthy
4,2,4,2,3,2,4,3,2,2,4,3,3.46,2.423,Moderately Healthy,Very Poor
2,2,2,2,2,3,4,3,2,2,3,3,2.54,2.577,Moderately Healthy,Moderately Healthy
3,2,2,2,2,2,3,3,2,2,3,3,2.58,2.423,Moderately Healthy,Moderately Healthy
3,2,2,2,2,2,2,3,1,2,3,3,2.38,2.423,Poor,Moderately Healthy
3,2,2,2,3,3,4,3,2,2,3,3,2.85,2.577,Moderately Healthy,Very Poor
3,2,2,2,4,3,4,3,3,2,4,3,3.15,2.577,Moderately Healthy,Moderately Healthy
3,2,2,2,2,3,2,3,1,2,2,3,2.31,2.577,Poor,Moderately Healthy
2,2,2,2,2,3,3,3,2,2,3,3,2.42,2.577,Poor,Moderately Healthy
2,2,2,2,3,3,4,3,3,2,3,3,2.77,2.577,Moderately Healthy,Moderately Healthy
3,2,3,2,3,3,4,3,4,2,3,3,3.19,2.577,Moderately Healthy,Moderately Healthy
2,2,1,2,2,2,4,3,1,2,3,3,2.27,2.423,Very Poor,Very Poor
1,2,1,2,3,2,3,3,2,2,3,3,2.23,2.423,Very Poor,Moderately Healthy
3,2,3,2,2,2,4,3,1,2,4,3,2.88,2.423,Moderately Healthy,Moderately Healthy
1,2,1,2,3,2,2,3,1,2,3,3,2.04,2.423,Very Poor,Moderately Healthy
2,2,2,2,2,2,4,3,1,2,3,3,2.46,2.423,Poor,Moderately Healthy
1,2,1,2,4,2,3,3,1,2,2,3,2.23,2.423,Very Poor,Poor
2,2,2,2,1,3,4,3,2,2,4,3,2.46,2.577,Poor,Moderately Healthy
2,2,2,2,4,3,2,3,1,2,4,3,2.62,2.577,Moderately Healthy,Very Poor
4,2,4,2,2,3,4,3,3,2,4,3,3.38,2.577,Moderately Healthy,Moderately Healthy
1,2,1,2,2,3,4,3,1,2,3,3,2.12,2.577,Very Poor,Moderately Healthy
3,2,3,2,1,3,4,3,3,2,4,3,2.88,2.577,Moderately Healthy,Moderately Healthy
3,2,2,2,2,3,4,3,2,2,4,3,2.77,2.577,Moderately Healthy,Moderately Healthy
2,2,2,2,1,2,4,3,3,2,3,3,2.46,2.423,Poor,Moderately Healthy
3,2,2,2,4,2,4,3,2,2,3,3,3.0,2.423,Moderately Healthy,Moderately Healthy
3,2,2,2,3,2,4,3,1,2,4,3,2.85,2.423,Moderately Healthy,Moderately Healthy
1,2,1,2,3,2,3,3,1,2,2,3,2.08,2.423,Very Poor,Moderately Healthy
1,2,1,2,3,3,4,3,2,2,2,3,2.27,2.577,Very Poor,Very Poor
2,2,2,2,4,3,4,3,3,2,4,3,3.0,2.577,Moderately Healthy,Moderately Healthy
1,2,1,2,1,3,3,3,2,2,2,3,1.85,2.577,Very Poor,Moderately Healthy
1,2,1,2,4,3,4,4,1,2,4,3,2.5,2.692,Very Poor,Moderately Healthy
3,2,3,2,2,3,4,3,2,2,4,3,2.96,2.577,Moderately Healthy,Very Poor
4,2,4,2,4,3,4,3,3,2,4,3,3.69,2.577,Healthy,Moderately Healthy
1,2,1,2,1,3,4,3,2,2,4,3,2.12,2.577,Very Poor,Moderately Healthy
2,2,2,2,3,3,4,3,2,2,3,3,2.69,2.577,Moderately Healthy,Moderately Healthy
2,2,2,1,3,3,4,3,3,2,4,3,2.85,2.385,Moderately Healthy,Very Poor
2,2,2,2,3,3,4,3,4,2,4,3,2.92,2.577,Moderately Healthy,Moderately Healthy
4,2,3,2,4,3,4,4,1,2,3,3,3.27,2.692,Moderately Healthy,Moderately Healthy
2,2,1,2,4,3,4,4,1,2,4,4,2.65,2.769,Poor,Moderately Healthy
3,2,3,2,3,3,2,4,4,2,4,3,3.04,2.692,Moderately Healthy,Poor
2,3,2,2,3,3,4,4,1,2,3,4,2.62,2.923,Moderately Healthy,Moderately Healthy
2,2,2,2,1,3,4,4,1,2,3,3,2.31,2.692,Poor,Moderately Healthy
1,2,1,1,2,2,4,3,2,2,3,3,2.19,2.231,Very Poor,Very Poor
3,2,3,2,4,3,2,4,2,2,2,4,3.12,3.0,Moderately Healthy,Moderately Healthy
3,2,2,2,3,3,4,3,3,2,4,3,3.23,2.808,Moderately Healthy,Moderately Healthy
1,2,1,2,1,3,2,4,1,2,2,3,1.88,2.923,Very Poor,Moderately Healthy
3,2,3,2,4,2,4,4,4,3,4,4,3.42,2.692,Moderately Healthy,Moderately Healthy
2,2,2,2,3,2,4,4,4,3,4,4,2.92,2.692,Moderately Healthy,Very Poor
2,2,2,2,4,2,4,4,4,4,4,4,3.08,2.769,Moderately Healthy,Poor
4,2,4,2,1,2,3,4,3,3,4,4,3.12,2.692,Moderately Healthy,Moderately Healthy
4,2,3,2,2,2,4,4,4,3,4,4,3.27,2.692,Moderately Healthy,Moderately Healthy
1,2,1,2,1,2,4,4,4,3,4,4,2.27,2.692,Very Poor,Moderately Healthy
1,2,1,2,1,2,1,4,1,3,1,4,1.46,2.692,Very Poor,Moderately Healthy
4,2,4,2,4,2,3,4,4,3,4,4,3.65,2.692,Healthy,Moderately Healthy
4,2,4,2,4,2,4,4,4,3,4,4,3.77,2.692,Healthy,Moderately Healthy
3,3,3,2,4,3,4,4,4,4,3,4,3.35,3.077,Moderately Healthy,Moderately Healthy
1,3,1,2,1,3,4,4,4,4,4,4,2.27,3.077,Very Poor,Moderately Healthy
2,2,1,2,1,2,4,3,4,3,4,4,2.42,2.577,Very Poor,Very Poor
2,3,2,2,2,3,4,4,4,4,4,4,2.77,3.077,Moderately Healthy,Moderately Healthy
2,2,2,2,3,2,4,4,4,3,4,4,2.92,2.692,Moderately Healthy,Moderately Healthy
3,2,2,2,2,2,4,3,4,3,4,4,2.92,2.577,Moderately Healthy,Very Poor
3,2,2,2,3,2,4,4,4,3,4,4,3.08,2.692,Moderately Healthy,Poor
3,2,2,2,4,2,4,4,4,4,4,4,3.23,2.769,Moderately Healthy,Moderately Healthy
2,2,2,2,4,2,4,4,4,4,4,4,3.08,2.769,Moderately Healthy,Moderately Healthy
3,2,3,2,2,2,3,4,4,3,4,4,3.0,2.692,Moderately Healthy,Moderately Healthy
2,2,2,2,2,2,4,4,4,3,4,4,2.77,2.692,Moderately Healthy,Moderately Healthy
4,2,3,2,4,2,4,4,4,3,4,4,3.58,2.692,Healthy,Moderately Healthy
2,3,2,2,1,3,4,4,4,4,4,4,2.62,3.077,Moderately Healthy,Moderately Healthy
4,3,4,2,4,2,4,4,4,4,4,4,3.77,2.923,Healthy,Moderately Healthy
3,3,3,2,3,2,4,4,4,4,4,4,3.27,2.923,Moderately Healthy,Moderately Healthy
3,2,3,2,1,2,4,4,3,3,4,4,2.88,2.692,Moderately Healthy,Moderately Healthy
3,2,3,2,2,2,4,4,4,3,4,4,3.12,2.692,Moderately Healthy,Very Poor
3,2,2,2,2,2,4,4,4,3,4,4,2.92,2.692,Moderately Healthy,Moderately Healthy
3,2,3,2,1,2,4,4,4,4,4,4,2.96,2.769,Moderately Healthy,Moderately Healthy
2,2,2,2,1,2,4,4,3,3,2,4,2.38,2.692,Poor,Poor
3,2,3,2,2,2,4,3,4,3,3,4,2.81,2.346,Moderately Healthy,Very Poor
1,2,1,2,2,2,4,4,3,3,4,4,2.12,2.462,Very Poor,Moderately Healthy
2,2,1,2,1,2,4,4,4,3,4,4,2.19,2.462,Very Poor,Moderately Healthy
2,2,2,2,2,2,4,4,4,3,4,4,2.54,2.462,Poor,Moderately Healthy
2,2,2,2,1,2,4,4,4,3,4,4,2.38,2.462,Poor,Poor
2,2,2,2,3,2,4,4,4,3,4,4,2.69,2.462,Moderately Healthy,Very Poor
4,2,4,2,4,2,4,4,4,3,2,4,3.38,2.462,Moderately Healthy,Poor
3,2,3,2,4,2,4,4,4,3,4,4,3.19,2.462,Moderately Healthy,Poor
2,2,2,2,2,2,4,4,4,3,3,4,2.46,2.462,Poor,Poor
2,2,2,2,3,2,4,4,3,3,2,4,2.46,2.462,Poor,Poor
4,2,4,2,4,2,4,4,4,4,4,4,3.54,2.538,Healthy,Moderately Healthy
3,2,3,2,4,2,4,4,4,3,4,4,3.19,2.462,Moderately Healthy,Moderately Healthy
2,2,2,2,4,2,4,4,4,4,4,4,2.85,2.538,Moderately Healthy,Poor
3,2,2,2,4,2,4,4,4,4,3,4,2.92,2.538,Moderately Healthy,Moderately Healthy
2,2,2,2,1,2,4,4,4,3,4,4,2.38,2.462,Poor,Poor
2,3,2,2,3,3,4,4,4,4,3,4,2.62,2.846,Moderately Healthy,Poor
4,3,4,2,4,2,4,4,4,4,4,4,3.54,2.692,Healthy,Poor
3,2,3,2,2,2,4,4,4,3,3,4,2.81,2.462,Moderately Healthy,Moderately Healthy
1,2,1,2,2,2,4,4,4,3,4,4,2.19,2.462,Very Poor,Poor
4,2,4,2,4,2,4,4,4,3,2,4,3.38,2.462,Moderately Healthy,Poor
2,2,2,2,3,2,4,4,3,3,4,4,2.62,2.462,Moderately Healthy,Very Poor
2,2,2,2,4,2,4,4,4,3,4,4,2.85,2.462,Moderately Healthy,Very Poor
2,2,2,2,4,2,4,4,4,3,3,4,2.77,2.462,Moderately Healthy,Moderately Healthy
1,2,1,2,2,2,4,3,2,3,4,4,2.04,2.346,Very Poor,Very Poor
2,3,2,2,2,2,4,4,2,4,3,4,2.31,2.692,Poor,Moderately Healthy
2,3,2,2,3,3,4,4,4,3,4,4,2.69,2.769,Moderately Healthy,Moderately Healthy
3,2,2,2,1,2,4,4,4,3,4,4,2.54,2.462,Moderately Healthy,Poor
3,3,2,2,3,2,4,4,4,4,4,4,2.85,2.692,Moderately Healthy,Moderately Healthy
2,2,2,2,4,2,4,4,4,3,4,4,2.85,2.462,Moderately Healthy,Very Poor
4,2,4,2,4,2,4,4,4,4,3,4,3.46,2.538,Moderately Healthy,Moderately Healthy
4,2,4,2,2,2,4,4,4,4,4,4,3.23,2.538,Moderately Healthy,Poor
3,2,3,2,2,2,4,4,4,3,4,4,2.88,2.462,Moderately Healthy,Poor
3,2,3,2,1,2,4,4,4,3,4,4,2.73,2.462,Moderately Healthy,Very Poor
1,2,1,2,1,2,4,4,4,3,4,4,2.04,2.462,Very Poor,Moderately Healthy
2,2,2,2,3,2,4,4,3,4,3,4,2.54,2.538,Moderately Healthy,Moderately Healthy
3,2,2,2,2,2,4,4,4,3,4,4,2.69,2.462,Moderately Healthy,Poor
2,2,2,2,4,2,4,4,4,3,4,4,2.85,2.462,Moderately Healthy,Very Poor
2,2,2,2,1,2,4,4,4,3,4,4,2.38,2.462,Poor,Poor
1,2,1,2,3,2,4,4,2,4,4,4,2.19,2.538,Very Poor,Poor
3,2,2,2,2,2,4,4,4,4,4,4,2.69,2.538,Moderately Healthy,Poor
3,2,2,2,2,2,4,4,4,3,4,4,2.69,2.462,Moderately Healthy,Moderately Healthy
2,2,2,2,2,2,4,4,4,4,4,4,2.54,2.538,Poor,Poor
3,2,3,2,3,2,4,4,4,4,4,4,3.04,2.538,Moderately Healthy,Moderately Healthy
4,2,4,2,2,2,4,4,4,3,4,4,3.23,2.462,Moderately Healthy,Very Poor
2,2,2,2,1,2,4,4,4,3,4,4,2.38,2.462,Poor,Poor
2,2,2,2,1,2,3,4,4,4,3,4,2.19,2.538,Poor,Moderately Healthy
4,2,4,2,3,2,4,4,4,3,4,4,3.38,2.462,Moderately Healthy,Poor
2,2,2,2,4,2,4,4,4,3,4,4,2.85,2.462,Moderately Healthy,Poor
3,2,3,2,2,2,4,4,4,3,4,4,2.88,2.462,Moderately Healthy,Very Poor
1,2,1,2,1,2,3,4,3,4,4,4,1.85,2.538,Very Poor,Poor
1,2,1,2,3,2,4,4,2,3,3,4,2.12,2.462,Very Poor,Moderately Healthy
2,2,2,2,2,2,4,4,4,3,4,4,2.54,2.462,Poor,Moderately Healthy
3,2,3,2,3,2,4,4,4,3,4,4,3.04,2.462,Moderately Healthy,Poor
2,2,2,2,2,2,3,4,4,3,2,4,2.27,2.462,Poor,Moderately Healthy
2,2,2,2,4,2,4,4,4,3,4,4,2.85,2.462,Moderately Healthy,Poor
4,2,4,2,2,2,3,4,4,3,4,4,3.12,2.462,Moderately Healthy,Moderately Healthy
3,2,3,2,2,2,3,4,4,3,3,4,2.69,2.462,Moderately Healthy,Poor
1,2,1,2,2,2,4,3,3,3,4,4,2.12,2.346,Very Poor,Very Poor
2,2,2,2,3,2,4,4,4,4,4,4,2.69,2.538,Moderately Healthy,Moderately Healthy
2,2,2,2,2,2,3,4,4,3,4,4,2.42,2.462,Poor,Poor
2,2,2,2,4,2,4,4,4,4,4,4,2.85,2.538,Moderately Healthy,Moderately Healthy
3,2,2,2,2,2,4,4,4,3,3,4,2.62,2.462,Moderately Healthy,Poor
2,2,1,2,3,2,4,4,4,4,4,4,2.5,2.538,Poor,Poor
3,2,2,2,3,2,4,4,3,3,4,4,2.77,2.462,Moderately Healthy,Very Poor
3,2,4,2,1,2,4,4,3,3,4,4,2.85,2.462,Moderately Healthy,Moderately Healthy
1,2,1,2,2,3,4,4,2,4,4,4,2.04,2.692,Very Poor,Poor
2,2,2,2,3,2,4,4,4,4,4,4,2.69,2.538,Moderately Healthy,Poor
3,2,2,2,3,2,4,4,4,3,4,4,2.85,2.462,Moderately Healthy,Poor
2,2,1,2,3,2,4,4,3,4,4,4,2.42,2.538,Very Poor,Moderately Healthy
3,2,3,2,2,2,4,4,4,3,3,4,2.81,2.462,Moderately Healthy,Moderately Healthy
4,2,3,2,4,2,4,4,4,4,4,4,3.35,2.538,Moderately Healthy,Poor
3,2,3,2,3,2,4,4,4,3,4,4,3.04,2.462,Moderately Healthy,Poor
3,2,3,2,1,2,4,4,2,4,4,4,2.58,2.538,Moderately Healthy,Moderately Healthy
3,2,3,2,2,2,4,4,4,3,4,4,2.88,2.462,Moderately Healthy,Poor
3,2,3,2,1,2,4,4,4,4,4,4,2.73,2.538,Moderately Healthy,Moderately Healthy
3,2,2,2,1,2,2,4,4,4,3,4,2.23,2.538,Poor,Poor
3,2,3,2,4,2,4,4,4,4,4,4,3.19,2.538,Moderately Healthy,Poor
2,2,2,2,3,2,4,4,4,3,4,4,2.69,2.462,Moderately Healthy,Moderately Healthy
3,2,3,2,3,2,4,4,4,3,4,4,3.04,2.462,Moderately Healthy,Poor
3,2,3,2,3,2,4,4,4,3,4,4,3.04,2.462,Moderately Healthy,Poor
3,2,2,2,2,2,4,4,3,4,4,4,2.62,2.538,Moderately Healthy,Very Poor
2,2,2,2,1,2,3,4,2,3,3,4,2.04,2.462,Poor,Poor
1,2,1,2,1,2,4,4,3,3,4,4,1.96,2.462,Very Poor,Poor
1,2,1,2,2,2,4,4,2,3,4,4,2.04,2.462,Very Poor,Moderately Healthy
3,2,2,2,3,2,4,4,4,4,4,4,2.85,2.538,Moderately Healthy,Poor
3,2,3,2,1,2,4,4,2,3,4,4,2.58,2.462,Moderately Healthy,Poor
2,3,2,2,1,3,4,4,4,4,4,4,2.38,2.846,Poor,Moderately Healthy
3,2,2,2,2,2,4,4,4,4,4,4,2.69,2.538,Moderately Healthy,Poor
3,2,2,2,4,2,4,4,4,4,4,4,3.0,2.538,Moderately Healthy,Poor
4,2,4,2,3,3,4,4,4,4,3,4,3.31,2.692,Moderately Healthy,Moderately Healthy
1,2,1,2,1,2,4,4,4,4,4,4,2.04,2.538,Very Poor,Poor
2,2,2,2,3,2,4,4,4,4,4,4,2.69,2.538,Moderately Healthy,Poor
4,2,3,2,3,2,4,4,2,3,4,4,3.04,2.462,Moderately Healthy,Poor
3,3,2,2,4,2,4,4,4,4,4,4,3.0,2.692,Moderately Healthy,Poor
3,2,3,2,4,2,4,4,4,3,4,4,3.19,2.462,Moderately Healthy,Poor
3,2,3,2,1,2,4,4,3,4,4,4,2.65,2.538,Moderately Healthy,Poor
1,2,1,2,1,2,4,3,3,3,4,4,1.96,2.346,Very Poor,Very Poor
2,2,1,2,4,2,3,4,4,4,4,4,2.54,2.538,Poor,Poor
2,2,2,2,2,2,4,4,4,3,4,4,2.54,2.462,Poor,Very Poor
3,2,2,2,3,2,4,4,3,4,4,4,2.77,2.538,Moderately Healthy,Poor
2,2,2,2,1,2,2,4,2,3,4,4,2.0,2.462,Poor,Poor
3,2,2,2,2,2,4,4,3,4,3,4,2.54,2.538,Moderately Healthy,Poor
3,2,2,2,1,2,3,4,2,3,3,4,2.19,2.462,Poor,Poor
2,2,2,2,2,2,4,4,4,4,3,4,2.46,2.538,Poor,Poor
1,2,1,2,1,2,3,4,1,4,4,4,1.69,2.538,Very Poor,Poor
1,2,1,2,1,2,4,4,2,4,4,4,1.88,2.538,Very Poor,Moderately Healthy
3,2,2,2,2,2,4,4,3,3,4,4,2.62,2.462,Moderately Healthy,Poor
2,2,2,2,2,2,3,4,4,3,4,4,2.42,2.462,Poor,Poor
1,2,1,2,3,2,4,4,3,3,1,4,2.04,2.462,Very Poor,Very Poor
2,2,2,2,3,2,4,4,4,4,3,4,2.62,2.538,Moderately Healthy,Moderately Healthy
1,2,1,2,1,2,4,4,2,3,4,4,1.88,2.462,Very Poor,Poor
2,2,2,2,4,2,4,4,4,3,3,4,2.77,2.462,Moderately Healthy,Poor
3,2,3,2,3,2,4,4,3,4,4,4,2.96,2.538,Moderately Healthy,Poor
2,2,2,2,1,2,4,4,2,4,4,4,2.23,2.538,Poor,Poor
1,2,1,2,1,2,3,4,4,3,4,4,1.92,2.462,Very Poor,Poor
1,2,1,2,1,2,4,4,4,3,4,4,2.04,2.462,Very Poor,Poor
4,2,4,2,4,2,4,3,4,3,4,4,3.54,2.346,Healthy,Very Poor
2,2,2,2,4,2,3,4,4,3,4,4,2.73,2.462,Moderately Healthy,Poor
2,2,2,2,4,2,3,4,4,4,4,4,2.73,2.538,Moderately Healthy,Poor
3,2,2,2,4,2,4,4,4,4,3,4,2.92,2.538,Moderately Healthy,Poor
1,2,1,2,4,2,4,4,4,3,4,4,2.5,2.462,Poor,Poor
4,2,4,2,1,2,4,4,4,3,4,4,3.08,2.462,Moderately Healthy,Poor
1,2,1,2,2,2,4,4,4,3,2,4,2.04,2.462,Very Poor,Poor
2,2,2,2,4,2,4,4,4,3,4,4,2.85,2.462,Moderately Healthy,Poor
3,2,3,2,1,2,4,3,4,3,4,4,2.73,2.346,Moderately Healthy,Very Poor
3,2,2,2,4,2,4,4,4,3,4,4,3.0,2.462,Moderately Healthy,Poor
3,2,3,2,3,2,4,4,4,4,2,4,2.88,2.538,Moderately Healthy,Poor
1,2,1,2,1,2,4,4,2,3,3,4,1.81,2.462,Very Poor,Poor
3,2,2,2,1,2,4,4,2,4,4,4,2.38,2.538,Poor,Poor
1,2,1,2,4,2,4,4,4,3,4,4,2.5,2.462,Poor,Poor
3,2,3,2,2,2,2,4,4,3,4,4,2.65,2.462,Poor,Poor
3,2,2,2,1,2,4,4,4,3,4,4,2.54,2.462,Moderately Healthy,Poor
1,2,1,2,3,2,4,4,4,3,4,4,2.35,2.462,Very Poor,Poor
2,2,2,2,2,2,4,4,4,4,3,4,2.46,2.538,Poor,Poor
3,2,2,2,1,2,2,4,4,3,4,4,2.31,2.462,Poor,Poor
1,2,1,2,1,2,4,4,4,3,4,4,2.04,2.462,Very Poor,Poor
1,2,1,2,3,2,3,4,4,3,4,4,2.23,2.462,Very Poor,Poor
1,2,1,2,3,2,3,4,4,3,4,4,2.23,2.462,Very Poor,Poor
3,2,2,2,1,2,4,4,4,4,4,4,2.54,2.538,Moderately Healthy,Poor
3,2,2,2,2,2,4,4,4,3,4,4,2.69,2.462,Moderately Healthy,Poor
2,2,2,2,1,2,3,4,3,4,4,4,2.19,2.538,Poor,Poor
1,2,1,2,3,2,3,4,3,4,4,4,2.15,2.538,Very Poor,Poor
2,2,1,2,2,2,3,4,1,3,4,4,2.0,2.462,Very Poor,Poor
2,2,2,2,1,2,4,4,4,3,2,4,2.23,2.462,Poor,Poor
1,2,1,2,3,2,4,4,4,3,4,4,2.35,2.462,Very Poor,Poor
2,2,1,2,2,2,3,4,4,3,4,4,2.23,2.462,Very Poor,Poor
3,2,2,2,4,2,4,4,3,3,4,4,2.69,2.231,Poor,Poor
3,2,2,2,4,2,4,4,4,4,4,4,2.77,2.308,Poor,Poor
1,2,1,2,1,2,4,4,4,3,4,4,1.81,2.231,Very Poor,Very Poor
1,2,1,2,1,2,4,4,3,4,3,4,1.65,2.308,Very Poor,Poor
4,2,3,2,4,2,4,4,4,3,4,4,3.12,2.231,Poor,Poor
2,2,2,2,3,2,4,4,4,4,4,4,2.46,2.308,Poor,Poor
3,2,3,2,1,2,3,4,2,3,4,4,2.23,2.231,Poor,Poor
1,2,1,2,1,2,4,4,4,4,4,4,1.81,2.308,Very Poor,Poor
2,2,2,2,1,2,1,4,4,4,4,4,1.81,2.308,Very Poor,Poor
3,2,2,2,4,2,4,4,3,3,4,4,2.69,2.231,Poor,Poor
1,2,1,2,2,2,4,4,2,4,4,4,1.81,2.308,Very Poor,Poor
2,2,1,2,3,2,4,4,4,3,4,4,2.27,2.231,Very Poor,Poor
2,2,2,2,2,2,4,4,4,3,4,4,2.31,2.231,Poor,Poor
2,2,2,2,1,2,3,4,4,3,4,4,2.04,2.231,Poor,Poor
3,2,2,2,3,2,4,4,3,3,4,4,2.54,2.231,Poor,Poor
3,2,2,2,4,2,4,3,4,3,4,4,2.77,2.115,Poor,Very Poor
4,2,3,2,1,2,4,4,3,3,4,4,2.58,2.231,Poor,Poor
1,2,1,2,1,2,4,3,4,3,4,4,1.81,2.115,Very Poor,Very Poor
2,2,2,2,1,2,4,4,4,3,4,4,2.15,2.231,Poor,Poor
1,2,1,2,1,2,2,4,2,3,3,4,1.35,2.231,Very Poor,Poor
2,2,2,2,4,2,4,4,4,3,3,4,2.54,2.231,Poor,Poor
3,2,3,2,2,2,4,4,4,3,4,4,2.65,2.231,Poor,Very Poor
3,2,2,2,2,2,3,4,4,4,4,4,2.35,2.308,Poor,Poor
2,2,2,2,2,2,4,4,4,3,4,4,2.31,2.231,Poor,Poor
3,2,3,2,1,2,4,4,3,3,4,4,2.42,2.231,Poor,Very Poor
3,2,2,2,1,2,4,4,4,3,4,4,2.31,2.231,Poor,Poor
3,2,3,2,3,2,4,4,4,3,4,4,2.81,2.231,Poor,Poor
3,2,2,2,1,2,3,4,4,4,4,4,2.19,2.308,Poor,Poor
2,2,2,2,2,2,4,4,4,3,4,4,2.31,2.231,Poor,Poor
4,2,3,2,4,2,4,4,4,3,4,4,3.12,2.231,Poor,Poor
3,2,3,2,1,2,4,4,4,3,4,4,2.5,2.231,Poor,Poor
2,2,2,2,3,2,2,4,4,3,4,4,2.23,2.231,Poor,Poor
3,2,3,2,3,2,4,4,4,3,4,4,2.81,2.231,Poor,Poor
3,2,3,2,1,2,4,4,3,3,4,4,2.42,2.231,Poor,Very Poor
1,2,1,2,1,2,4,4,4,3,4,4,1.81,2.231,Very Poor,Poor
3,2,2,2,2,2,4,4,3,4,4,4,2.38,2.308,Poor,Poor
3,2,3,2,2,2,2,4,4,3,4,4,2.42,2.231,Poor,Very Poor
1,2,1,2,4,2,4,4,3,3,4,4,2.19,2.231,Very Poor,Very Poor
2,2,2,2,2,2,4,4,4,3,4,4,2.31,2.231,Poor,Poor
2,2,2,2,3,2,4,4,3,3,4,4,2.38,2.231,Poor,Poor
3,2,2,2,1,2,4,4,4,3,3,4,2.23,2.231,Poor,Poor
2,2,2,2,3,2,4,4,4,3,4,4,2.46,2.231,Poor,Very Poor
1,2,1,2,1,2,4,4,3,3,4,4,1.73,2.231,Very Poor,Poor
2,2,2,2,4,2,4,4,3,4,4,4,2.54,2.308,Poor,Poor
2,2,2,2,1,2,4,4,3,3,4,4,2.08,2.231,Poor,Very Poor
3,2,2,2,2,2,4,4,4,4,4,4,2.46,2.308,Poor,Poor
2,2,2,2,3,2,4,4,4,3,4,4,2.46,2.231,Poor,Poor
1,2,1,2,2,2,3,4,4,3,4,4,1.85,2.231,Very Poor,Poor
3,2,2,2,2,2,4,4,3,3,4,4,2.38,2.231,Poor,Very Poor
3,2,3,2,4,2,4,4,3,3,4,4,2.88,2.231,Poor,Poor
2,2,2,2,2,2,4,4,4,3,2,4,2.15,2.231,Poor,Poor
3,2,2,2,3,2,4,3,3,3,4,4,2.54,2.115,Poor,Poor
3,2,2,2,3,2,4,4,2,3,4,4,2.46,2.231,Poor,Very Poor
2,2,1,2,1,2,4,3,4,3,4,4,1.96,2.115,Very Poor,Very Poor
1,2,1,2,2,2,4,4,4,3,4,4,1.96,2.231,Very Poor,Poor
2,2,2,2,3,2,4,3,3,3,4,4,2.38,2.115,Poor,Poor
1,2,1,2,1,2,3,4,4,4,3,4,1.62,2.308,Very Poor,Poor
3,2,2,2,1,2,4,4,4,3,4,4,2.31,2.231,Poor,Poor
2,2,2,2,1,2,4,4,4,3,4,4,2.15,2.231,Poor,Poor
1,2,1,2,1,2,3,4,1,3,2,4,1.31,2.231,Very Poor,Poor
2,2,2,2,2,2,3,3,4,3,4,4,2.19,2.115,Poor,Very Poor
3,2,2,2,1,2,2,3,2,3,4,4,1.92,2.115,Poor,Very Poor
1,2,1,2,1,2,4,4,2,3,4,4,1.65,2.231,Very Poor,Poor
3,2,2,2,3,2,4,3,2,3,4,4,2.46,2.115,Poor,Poor
1,2,1,2,1,2,4,4,2,3,4,4,1.65,2.231,Very Poor,Poor
3,2,2,2,2,2,4,3,3,3,4,4,2.38,2.115,Poor,Very Poor
2,2,2,2,2,2,4,3,4,4,4,4,2.31,2.192,Poor,Very Poor
1,2,1,2,1,2,4,3,3,3,4,4,1.73,2.115,Very Poor,Poor
3,2,2,2,1,2,2,3,4,4,4,4,2.08,2.192,Poor,Very Poor
2,2,1,1,4,2,4,3,3,3,2,4,2.19,1.923,Very Poor,Very Poor
2,2,2,2,1,2,4,4,4,3,4,4,2.15,2.231,Poor,Very Poor
3,2,3,2,2,2,4,3,4,4,2,4,2.5,2.192,Poor,Poor
1,2,1,2,1,2,4,3,4,4,3,4,1.73,2.192,Very Poor,Very Poor
2,2,1,2,1,2,3,3,4,4,4,4,1.85,2.192,Very Poor,Very Poor
3,2,3,2,2,2,4,4,3,4,4,4,2.58,2.308,Poor,Poor
1,2,1,2,3,2,2,3,4,4,4,4,1.88,2.192,Very Poor,Very Poor
4,2,3,2,1,2,4,3,4,4,4,4,2.65,2.192,Poor,Very Poor
2,2,2,2,1,2,4,3,4,4,4,4,2.15,2.192,Poor,Very Poor
1,2,1,1,1,2,4,3,2,3,4,4,1.65,1.923,Very Poor,Very Poor
2,2,2,2,2,2,4,3,3,4,4,4,2.23,2.192,Poor,Very Poor
1,2,1,2,3,2,3,3,4,4,4,4,2.0,2.192,Very Poor,Very Poor
4,2,4,2,2,2,4,3,4,4,4,4,3.0,2.192,Poor,Poor
3,2,2,2,4,2,4,3,4,3,2,4,2.62,2.115,Poor,Poor
1,2,1,2,2,2,4,3,4,4,4,4,1.96,2.192,Very Poor,Very Poor
1,2,1,1,3,2,2,3,4,3,4,4,1.88,1.923,Very Poor,Very Poor
3,2,2,1,3,2,4,3,3,3,4,4,2.54,1.923,Poor,Very Poor
2,2,1,1,1,2,4,3,4,4,4,4,1.96,2.0,Very Poor,Very Poor
2,2,2,2,1,2,4,3,4,4,4,4,2.15,2.192,Poor,Poor
2,2,2,1,1,2,4,3,4,4,4,4,2.15,2.0,Poor,Very Poor
1,2,1,2,1,2,3,3,4,4,4,4,1.69,2.192,Very Poor,Very Poor
1,2,1,2,1,2,3,3,4,4,4,4,1.69,2.192,Very Poor,Very Poor
1,2,1,2,1,2,2,3,4,3,4,4,1.58,2.115,Very Poor,Poor
2,2,2,2,1,2,2,3,3,4,4,4,1.85,2.192,Poor,Very Poor
1,2,1,2,4,2,4,3,4,4,4,4,2.27,2.192,Very Poor,Poor
3,1,3,1,1,2,4,3,4,3,4,4,2.5,1.769,Poor,Very Poor
2,2,2,1,1,2,4,3,4,4,4,4,2.15,2.0,Poor,Very Poor
2,2,2,1,1,2,3,3,4,4,4,4,2.04,2.0,Poor,Poor
1,2,1,1,2,2,4,4,2,3,4,4,1.81,2.038,Very Poor,Very Poor
1,2,1,1,1,2,3,3,3,4,4,4,1.62,2.0,Very Poor,Poor
2,2,2,2,1,2,3,3,4,4,4,4,2.04,2.192,Poor,Poor
3,2,2,2,1,2,4,3,4,4,4,4,2.31,2.192,Poor,Very Poor
3,2,2,2,1,2,4,3,4,4,4,4,2.31,2.192,Poor,Poor
1,2,1,2,1,2,4,3,4,4,4,4,1.81,2.192,Very Poor,Poor
1,2,1,1,1,2,4,3,4,4,4,4,1.81,2.0,Very Poor,Very Poor
2,2,2,2,1,2,3,3,4,4,4,4,2.04,2.192,Poor,Poor
1,2,1,2,2,2,2,3,4,4,4,4,1.73,2.192,Very Poor,Poor
3,2,2,1,1,2,4,3,4,4,4,4,2.31,2.0,Poor,Very Poor
1,2,1,2,4,2,4,3,4,4,3,4,2.19,2.192,Very Poor,Poor
1,2,1,2,3,2,4,3,4,4,4,4,2.12,2.192,Very Poor,Poor
1,2,1,2,3,2,4,3,4,4,4,4,2.12,2.192,Very Poor,Very Poor
3,2,2,1,1,2,4,3,4,3,4,4,2.31,1.923,Poor,Very Poor
1,2,1,1,3,2,2,3,4,4,4,4,1.88,2.0,Very Poor,Very Poor
1,2,1,1,1,2,4,3,4,4,4,4,1.81,2.0,Very Poor,Very Poor
1,2,1,1,1,2,4,3,3,4,3,4,1.65,2.0,Very Poor,Very Poor
1,2,1,1,3,2,2,3,4,4,4,4,1.88,2.0,Very Poor,Very Poor
2,2,2,1,2,2,2,3,4,4,4,4,2.08,2.0,Poor,Very Poor
1,2,1,2,1,2,4,3,3,4,4,4,1.73,2.192,Very Poor,Very Poor
1,2,1,2,1,2,4,3,4,4,4,4,1.81,2.192,Very Poor,Very Poor
2,2,2,1,2,2,4,3,4,4,4,4,2.31,2.0,Poor,Very Poor
1,2,1,1,2,2,4,3,3,4,4,4,1.88,2.0,Very Poor,Very Poor
1,2,1,2,1,2,2,3,4,4,4,4,1.58,2.192,Very Poor,Very Poor
2,2,2,1,1,2,2,3,4,4,4,4,1.92,2.0,Poor,Very Poor
1,2,1,2,2,2,4,3,3,3,4,4,1.88,2.115,Very Poor,Very Poor
1,2,1,2,2,2,4,3,4,3,2,4,1.81,2.115,Very Poor,Very Poor
1,2,1,1,2,2,3,3,4,4,4,4,1.85,2.0,Very Poor,Very Poor
1,2,1,1,1,2,3,3,4,3,2,4,1.54,1.923,Very Poor,Very Poor
3,1,2,1,3,2,3,3,4,3,4,4,2.5,1.769,Poor,Very Poor
1,2,1,2,1,2,3,3,4,4,4,4,1.69,2.192,Very Poor,Poor
1,2,1,1,3,2,1,3,3,4,4,4,1.69,2.0,Very Poor,Very Poor
1,2,1,2,3,2,4,3,4,4,4,4,2.12,2.192,Very Poor,Very Poor
1,2,1,2,1,2,2,3,4,4,4,4,1.58,2.192,Very Poor,Very Poor
1,2,1,1,3,2,2,3,4,3,4,4,1.88,1.923,Very Poor,Very Poor
2,1,2,1,4,2,4,3,4,4,4,4,2.62,1.846,Poor,Very Poor
1,2,1,1,3,2,1,3,3,4,4,4,1.69,2.0,Very Poor,Very Poor
3,2,2,1,1,2,4,3,4,4,4,4,2.31,2.0,Poor,Very Poor
1,2,1,1,3,2,1,3,3,4,4,4,1.69,2.0,Very Poor,Very Poor
1,2,1,1,3,2,4,3,4,4,4,4,2.12,2.0,Very Poor,Very Poor
1,2,1,1,3,2,1,3,3,4,4,4,1.69,2.0,Very Poor,Very Poor
1,1,1,1,2,2,4,3,4,4,4,4,1.96,1.846,Very Poor,Very Poor
1,2,1,1,2,2,4,3,4,3,4,4,1.96,1.923,Very Poor,Very Poor
1,1,1,1,3,2,2,3,4,4,4,4,1.88,1.846,Very Poor,Very Poor
1,2,1,1,3,2,4,3,4,3,2,4,1.96,1.923,Very Poor,Very Poor
1,1,1,1,4,2,2,3,3,3,4,4,1.96,1.769,Very Poor,Very Poor
1,1,1,1,4,2,2,3,3,4,4,4,1.96,1.846,Very Poor,Very Poor
1,2,1,1,1,2,4,3,4,4,2,4,1.65,2.0,Very Poor,Very Poor
1,2,1,1,4,2,1,3,3,4,4,4,1.85,2.0,Very Poor,Very Poor
1,1,1,1,4,2,2,3,3,4,4,4,1.96,1.846,Very Poor,Very Poor
1,2,1,1,4,2,1,3,3,4,4,4,1.85,2.0,Very Poor,Very Poor
1,1,1,1,4,2,2,3,3,4,2,4,1.81,1.846,Very Poor,Very Poor
1,2,1,2,2,3,1,3,1,1,1,3,1.15,2.038,Very Poor,Very Poor
2,2,2,2,1,2,4,3,2,2,1,3,1.77,1.962,Very Poor,Very Poor
1,1,1,1,2,2,2,3,1,1,2,2,1.35,1.462,Very Poor,Very Poor
1,1,2,1,1,2,2,3,1,1,2,3,1.38,1.538,Very Poor,Very Poor
1,1,1,1,1,2,2,2,1,1,1,2,1.12,1.346,Very Poor,Very Poor
1,2,1,2,3,3,1,3,1,1,1,3,1.31,2.038,Very Poor,Very Poor
2,2,2,2,1,3,4,3,3,2,1,3,1.85,2.115,Very Poor,Very Poor
1,1,1,1,3,2,4,2,1,1,3,2,1.81,1.346,Very Poor,Very Poor
1,1,1,1,2,2,2,2,1,1,1,2,1.27,1.346,Very Poor,Very Poor
1,1,1,1,2,2,4,2,1,1,3,2,1.65,1.346,Very Poor,Very Poor
1,2,1,2,2,3,3,3,1,2,3,3,1.54,2.115,Very Poor,Very Poor
2,1,2,1,3,2,4,2,4,1,4,3,2.69,1.654,Moderately Healthy,Very Poor
1,2,1,2,1,2,2,3,1,2,2,3,1.42,2.192,Very Poor,Very Poor
1,2,1,2,4,2,4,3,3,1,3,3,2.35,2.115,Very Poor,Very Poor
1,2,1,2,3,2,2,3,1,1,2,3,1.73,2.115,Very Poor,Very Poor
1,1,1,1,2,2,3,2,1,1,2,2,1.69,1.577,Very Poor,Very Poor
1,2,1,2,3,2,1,3,1,1,1,3,1.54,2.115,Very Poor,Very Poor
2,2,2,2,2,2,2,3,1,1,2,3,1.92,2.115,Poor,Very Poor
1,1,1,1,4,2,2,2,1,1,2,2,1.88,1.577,Very Poor,Very Poor
1,2,1,2,1,2,1,3,1,1,2,3,1.31,2.115,Very Poor,Very Poor
1,2,1,2,3,2,1,3,1,2,2,3,1.62,2.192,Very Poor,Very Poor
1,2,1,2,1,2,1,3,1,2,3,3,1.38,2.192,Very Poor,Very Poor
3,2,3,2,3,3,1,3,1,2,2,3,2.31,2.346,Poor,Poor
1,1,1,1,3,2,3,2,1,1,3,2,1.92,1.577,Very Poor,Very Poor
1,2,1,2,2,3,2,3,2,1,4,3,1.81,2.269,Very Poor,Very Poor
1,2,1,2,1,2,4,3,1,1,2,3,1.65,2.115,Very Poor,Very Poor
1,1,1,1,1,2,2,2,1,1,2,3,1.42,1.654,Very Poor,Very Poor
1,2,1,2,2,2,2,3,1,1,3,3,1.65,2.115,Very Poor,Very Poor
2,1,2,1,3,2,3,2,1,1,3,2,2.27,1.577,Poor,Very Poor
1,2,1,2,3,3,1,3,3,2,1,3,1.69,2.346,Very Poor,Poor
1,1,1,1,3,2,2,3,1,1,3,3,1.81,1.769,Very Poor,Very Poor
1,1,1,1,1,2,3,2,1,1,2,2,1.54,1.577,Very Poor,Very Poor
1,1,1,1,3,2,2,2,1,1,2,2,1.73,1.577,Very Poor,Very Poor
3,2,2,2,3,2,3,3,1,2,3,3,2.42,2.192,Poor,Very Poor
1,1,1,1,2,2,1,2,1,1,3,2,1.54,1.577,Very Poor,Very Poor
1,1,1,1,2,2,3,2,1,1,2,2,1.69,1.577,Very Poor,Very Poor
1,2,1,2,2,2,3,3,3,1,4,3,2.0,2.115,Very Poor,Very Poor
1,1,1,1,3,2,2,3,1,1,2,3,1.73,1.769,Very Poor,Very Poor
2,2,1,2,3,2,2,3,1,2,3,3,1.96,2.192,Very Poor,Very Poor
1,2,1,2,1,2,2,3,1,1,2,3,1.42,2.115,Very Poor,Very Poor
1,2,1,1,3,2,1,3,1,1,1,3,1.54,1.923,Very Poor,Very Poor
1,2,1,2,4,2,2,3,1,2,1,3,1.81,2.192,Very Poor,Very Poor
1,2,1,1,3,2,3,3,1,1,1,3,1.77,1.923,Very Poor,Very Poor
3,1,2,1,2,2,2,2,1,1,3,3,2.15,1.654,Poor,Very Poor
2,2,1,2,2,2,2,3,1,2,3,3,1.81,2.192,Very Poor,Very Poor
1,2,1,2,1,2,2,3,1,2,3,3,1.5,2.192,Very Poor,Very Poor
3,1,2,1,2,2,2,2,1,1,3,2,2.15,1.577,Poor,Very Poor
1,2,1,1,3,2,2,3,1,1,2,3,1.73,1.923,Very Poor,Very Poor
1,2,1,2,3,2,2,3,1,2,2,3,1.73,2.192,Very Poor,Very Poor
2,1,2,1,3,2,4,2,1,1,3,2,2.38,1.577,Poor,Very Poor
3,2,2,2,3,2,4,3,1,2,4,3,2.62,2.192,Moderately Healthy,Very Poor
1,1,1,1,1,2,3,3,1,1,4,2,1.69,1.692,Very Poor,Very Poor
1,1,1,1,3,2,3,2,1,1,2,2,1.85,1.577,Very Poor,Very Poor
2,1,2,1,3,2,2,2,2,1,3,3,2.23,1.654,Poor,Very Poor
2,1,2,1,3,2,2,3,1,1,3,3,2.15,1.769,Poor,Very Poor
4,1,1,1,2,2,2,2,1,1,2,2,2.04,1.577,Very Poor,Very Poor
1,1,1,1,3,2,1,2,1,1,1,2,1.54,1.577,Very Poor,Very Poor
1,1,1,1,3,2,2,2,1,1,1,2,1.65,1.577,Very Poor,Very Poor
1,1,1,1,3,2,2,2,1,1,2,2,1.73,1.577,Very Poor,Very Poor
1,2,1,2,1,2,1,3,1,1,2,3,1.31,2.115,Very Poor,Very Poor
2,1,1,1,3,2,2,2,1,1,2,2,1.88,1.577,Very Poor,Very Poor
1,1,1,1,3,2,2,3,1,1,1,2,1.65,1.692,Very Poor,Very Poor
2,2,2,1,3,2,2,3,2,1,3,3,2.23,1.923,Poor,Very Poor
1,2,1,2,2,2,3,3,1,1,2,3,1.69,2.115,Very Poor,Very Poor
2,2,2,2,1,3,4,3,2,2,4,3,2.23,2.346,Poor,Very Poor
3,1,3,1,4,2,3,2,1,1,4,2,2.85,1.577,Moderately Healthy,Very Poor
1,2,1,2,1,2,2,3,1,1,3,3,1.5,2.115,Very Poor,Very Poor
1,2,1,2,3,2,2,3,1,2,2,3,1.73,2.192,Very Poor,Very Poor
1,2,1,1,2,2,2,3,1,1,3,3,1.65,1.923,Very Poor,Very Poor
1,2,1,1,3,2,2,3,1,1,2,3,1.73,1.923,Very Poor,Very Poor
3,1,2,1,3,2,4,2,1,1,4,2,2.85,1.808,Moderately Healthy,Very Poor
1,2,1,2,1,2,2,3,2,2,3,3,1.81,2.423,Very Poor,Very Poor
2,1,2,1,3,2,2,2,2,1,3,2,2.46,1.808,Poor,Very Poor
1,1,1,1,3,2,2,2,1,1,1,2,1.88,1.808,Very Poor,Very Poor
2,1,2,1,3,2,3,3,1,1,3,2,2.5,1.923,Moderately Healthy,Very Poor
1,2,1,2,1,2,1,3,1,2,1,3,1.46,2.423,Very Poor,Very Poor
1,1,1,1,3,2,1,2,2,1,2,2,1.92,1.808,Very Poor,Very Poor
1,2,1,2,1,2,2,3,1,2,2,3,1.65,2.423,Very Poor,Very Poor
1,1,1,1,3,2,3,2,1,1,1,3,2.0,1.885,Very Poor,Very Poor
1,1,1,1,2,2,2,3,1,1,2,3,1.81,2.0,Very Poor,Very Poor
1,1,1,1,1,2,2,2,1,1,2,2,1.65,1.808,Very Poor,Very Poor
1,1,1,1,2,2,1,2,1,1,3,2,1.77,1.808,Very Poor,Very Poor
1,1,1,1,3,2,2,3,1,1,2,2,1.96,1.923,Very Poor,Very Poor
1,2,1,2,1,2,4,3,2,2,2,3,1.96,2.423,Very Poor,Very Poor
1,2,1,1,3,2,1,3,1,1,1,3,1.77,2.154,Very Poor,Very Poor
1,1,1,1,2,2,2,3,1,1,2,3,1.81,2.0,Very Poor,Very Poor
1,2,1,2,2,3,4,3,2,2,4,3,2.27,2.577,Very Poor,Very Poor
2,1,2,1,3,2,3,3,2,1,4,2,2.65,1.923,Moderately Healthy,Very Poor
1,2,1,2,3,2,2,3,1,2,1,3,1.88,2.423,Very Poor,Very Poor
1,1,1,1,4,2,4,3,1,1,1,3,2.27,2.0,Very Poor,Very Poor
2,2,2,2,4,2,3,3,1,1,3,3,2.65,2.346,Moderately Healthy,Very Poor
1,2,1,2,2,2,3,3,1,2,3,3,2.0,2.423,Very Poor,Very Poor
1,2,1,1,2,2,3,3,1,2,3,3,2.0,2.231,Very Poor,Very Poor
1,2,1,2,3,2,2,3,1,1,1,3,1.88,2.346,Very Poor,Very Poor
1,1,1,1,2,2,3,3,1,1,2,2,1.92,1.923,Very Poor,Very Poor
2,1,2,1,3,2,3,3,1,1,3,3,2.5,2.0,Moderately Healthy,Very Poor
1,1,1,1,3,2,2,3,1,1,3,2,2.04,1.923,Very Poor,Very Poor
1,1,1,1,1,2,3,3,2,1,2,3,1.85,2.0,Very Poor,Very Poor
1,1,1,1,2,2,4,2,1,1,2,2,2.04,1.808,Very Poor,Very Poor
1,1,1,1,3,2,2,3,1,1,2,3,1.96,2.0,Very Poor,Very Poor
1,1,1,1,4,2,4,3,1,1,2,3,2.35,2.0,Very Poor,Very Poor
1,2,1,1,1,3,1,3,1,1,3,3,1.62,2.308,Very Poor,Very Poor
1,1,1,1,2,2,2,2,1,1,2,2,1.81,1.808,Very Poor,Very Poor
1,1,1,1,4,2,2,2,1,1,1,2,2.04,1.808,Very Poor,Very Poor
3,2,2,2,3,2,4,3,1,1,4,3,2.85,2.346,Moderately Healthy,Very Poor
1,2,1,2,3,2,3,3,1,2,3,3,2.15,2.423,Very Poor,Very Poor
1,1,1,1,2,2,2,3,1,1,1,3,1.73,2.0,Very Poor,Very Poor
3,2,3,2,4,3,4,3,1,2,3,3,3.12,2.577,Moderately Healthy,Very Poor
1,1,1,1,3,2,2,2,1,1,1,2,1.88,1.808,Very Poor,Very Poor
1,2,1,2,3,3,2,3,1,2,1,3,1.88,2.577,Very Poor,Very Poor
1,2,1,2,4,2,4,3,1,2,1,3,2.27,2.423,Very Poor,Very Poor
1,2,1,2,1,3,1,3,1,2,3,3,1.62,2.577,Very Poor,Very Poor
1,1,2,1,2,2,2,3,1,1,3,3,2.08,2.0,Poor,Very Poor
3,2,2,2,3,3,4,3,2,2,4,3,2.92,2.577,Moderately Healthy,Very Poor
1,1,1,1,2,2,3,3,1,1,2,2,1.92,1.923,Very Poor,Very Poor
1,1,1,1,3,3,2,3,1,1,1,3,1.88,2.154,Very Poor,Very Poor
1,1,1,1,4,2,4,3,1,1,2,2,2.35,1.923,Very Poor,Very Poor
1,1,1,1,3,2,2,3,1,1,1,3,1.88,2.0,Very Poor,Very Poor
1,1,1,1,1,2,1,3,1,1,3,3,1.62,2.0,Very Poor,Very Poor
1,1,1,1,2,2,4,2,1,1,3,3,2.12,1.885,Very Poor,Very Poor
1,2,1,1,1,2,3,3,1,1,3,3,1.85,2.154,Very Poor,Very Poor
2,1,1,1,2,2,2,2,1,1,2,3,1.96,1.885,Very Poor,Very Poor
3,2,3,1,3,3,4,3,2,1,2,3,2.96,2.308,Moderately Healthy,Very Poor
1,1,1,1,3,3,2,3,1,1,1,3,1.88,2.154,Very Poor,Very Poor
1,2,1,2,3,3,2,3,1,2,3,3,2.04,2.577,Very Poor,Moderately Healthy
1,1,1,1,1,2,2,2,1,1,1,2,1.58,1.808,Very Poor,Very Poor
1,1,1,1,3,2,3,3,1,2,3,3,2.15,2.077,Very Poor,Very Poor
1,1,1,1,3,3,2,3,1,1,2,2,1.96,2.077,Very Poor,Very Poor
1,1,1,1,4,3,3,2,1,1,3,2,2.31,1.962,Very Poor,Very Poor
1,2,1,2,2,3,2,3,1,2,3,3,1.88,2.577,Very Poor,Very Poor
2,2,2,2,2,3,4,3,1,2,3,3,2.46,2.577,Poor,Very Poor
2,1,1,1,2,3,2,3,2,1,4,2,2.19,2.077,Very Poor,Very Poor
1,1,1,1,4,2,2,3,1,1,1,3,2.04,2.0,Very Poor,Very Poor
1,2,1,2,3,3,2,3,1,2,2,3,1.96,2.577,Very Poor,Moderately Healthy
1,1,1,1,4,3,2,3,1,1,1,3,2.04,2.154,Very Poor,Very Poor
2,1,1,1,2,2,2,3,2,2,3,3,2.12,2.077,Very Poor,Very Poor
2,2,2,1,2,3,3,3,3,2,3,3,2.5,2.385,Moderately Healthy,Very Poor
1,2,1,2,3,3,3,3,1,2,2,3,2.08,2.577,Very Poor,Very Poor
1,2,1,2,1,3,2,3,1,2,3,3,1.73,2.577,Very Poor,Very Poor
2,1,2,1,2,3,4,3,2,1,4,2,2.62,2.077,Moderately Healthy,Very Poor
2,2,2,2,2,2,2,3,1,2,3,3,2.23,2.423,Poor,Very Poor
1,1,1,1,4,3,2,3,2,1,2,3,2.19,2.154,Very Poor,Very Poor
1,2,1,2,4,3,2,3,1,2,3,3,2.19,2.577,Very Poor,Very Poor
1,1,1,1,2,3,3,3,1,1,1,2,1.85,2.077,Very Poor,Very Poor
1,1,1,1,3,3,1,3,1,1,1,2,1.77,2.077,Very Poor,Very Poor
1,1,1,1,3,2,2,2,1,1,1,2,1.88,1.808,Very Poor,Very Poor
1,2,1,2,3,3,3,3,1,2,3,3,2.15,2.577,Very Poor,Very Poor
1,2,1,2,2,3,2,3,1,2,2,3,1.81,2.577,Very Poor,Very Poor
1,1,1,1,1,3,2,3,1,1,3,2,1.73,2.077,Very Poor,Very Poor
2,1,2,1,1,3,2,3,1,1,3,3,2.08,2.154,Poor,Very Poor
1,1,1,1,4,3,2,3,1,1,2,3,2.35,2.385,Very Poor,Very Poor
2,2,2,2,4,3,3,3,3,2,3,3,3.04,2.808,Moderately Healthy,Very Poor
1,1,1,1,3,3,2,3,1,1,2,2,2.19,2.308,Very Poor,Very Poor
1,2,1,2,2,3,2,3,1,2,2,3,2.04,2.808,Very Poor,Moderately Healthy
1,2,1,2,2,3,2,3,1,2,2,3,2.04,2.808,Very Poor,Moderately Healthy
1,2,1,1,2,3,2,3,1,2,2,3,2.04,2.615,Very Poor,Very Poor
1,1,1,1,2,3,3,3,2,1,4,3,2.38,2.385,Very Poor,Very Poor
1,1,1,1,4,3,2,3,1,1,1,3,2.27,2.385,Very Poor,Very Poor
1,2,1,1,3,3,1,3,1,2,3,3,2.15,2.615,Very Poor,Very Poor
1,1,1,1,3,3,2,3,1,1,1,3,2.12,2.385,Very Poor,Very Poor
1,2,1,2,1,2,3,3,1,2,2,3,2.0,2.654,Very Poor,Very Poor
1,1,1,1,2,2,2,3,1,1,2,3,2.04,2.231,Very Poor,Very Poor
1,1,1,1,2,3,3,3,1,1,1,2,2.08,2.308,Very Poor,Very Poor
1,2,1,2,3,3,2,3,2,2,3,3,2.35,2.808,Very Poor,Very Poor
1,1,1,1,3,2,2,3,1,1,3,3,2.27,2.231,Very Poor,Very Poor
1,1,1,1,2,3,3,3,1,1,3,3,2.23,2.385,Very Poor,Very Poor
1,1,1,1,1,3,3,3,1,2,2,3,2.0,2.462,Very Poor,Very Poor
1,1,1,1,3,3,2,3,1,1,1,2,2.12,2.308,Very Poor,Very Poor
1,1,1,1,2,3,2,3,1,1,2,3,2.04,2.385,Very Poor,Very Poor
1,2,1,2,1,3,1,3,1,2,4,3,1.92,2.808,Very Poor,Moderately Healthy
1,2,1,2,3,2,2,3,1,2,2,3,2.19,2.654,Very Poor,Very Poor
1,1,1,1,2,3,4,3,3,1,3,2,2.5,2.308,Poor,Very Poor
1,1,1,1,3,3,2,3,1,1,1,2,2.12,2.308,Very Poor,Very Poor
1,1,1,1,2,3,2,3,1,1,3,3,2.12,2.385,Very Poor,Very Poor
1,1,1,1,2,3,2,3,1,1,3,3,2.12,2.385,Very Poor,Very Poor
1,1,1,1,3,3,2,3,1,1,2,3,2.19,2.385,Very Poor,Very Poor
1,1,1,1,4,3,2,3,1,1,3,2,2.42,2.308,Very Poor,Very Poor
1,1,1,1,2,3,3,3,1,1,3,3,2.23,2.385,Very Poor,Very Poor
1,1,1,1,1,3,4,3,2,1,3,2,2.27,2.308,Very Poor,Very Poor
1,2,1,1,2,3,1,3,1,2,3,3,2.0,2.615,Very Poor,Very Poor
1,1,1,1,2,3,3,3,1,1,3,3,2.23,2.385,Very Poor,Very Poor
1,1,1,1,2,3,1,3,1,1,2,2,1.92,2.308,Very Poor,Very Poor
1,1,1,1,4,3,3,3,1,2,3,3,2.54,2.462,Very Poor,Very Poor
1,2,1,1,3,2,2,3,1,2,2,3,2.19,2.462,Very Poor,Very Poor
1,1,1,1,3,3,2,3,1,1,2,3,2.19,2.385,Very Poor,Very Poor
2,1,1,1,1,3,3,3,2,1,3,2,2.31,2.308,Very Poor,Very Poor
3,1,2,1,1,2,3,3,1,1,3,3,2.58,2.231,Moderately Healthy,Very Poor
1,1,1,1,1,3,1,3,1,1,1,2,1.69,2.308,Very Poor,Very Poor
1,1,1,1,4,3,4,3,1,1,3,2,2.65,2.308,Very Poor,Very Poor
1,1,1,1,2,2,3,3,2,1,2,3,2.23,2.231,Very Poor,Very Poor
1,2,1,1,2,3,3,3,1,2,2,3,2.15,2.615,Very Poor,Very Poor
1,1,1,1,3,2,3,3,1,1,2,3,2.31,2.231,Very Poor,Very Poor
1,2,1,1,3,3,3,3,1,2,2,3,2.31,2.615,Very Poor,Very Poor
1,1,1,1,4,3,2,3,1,1,1,2,2.27,2.308,Very Poor,Very Poor
1,2,1,2,4,3,2,3,1,2,4,3,2.5,2.808,Very Poor,Very Poor
1,2,1,2,3,3,3,3,1,2,3,3,2.38,2.808,Very Poor,Very Poor
1,2,1,1,3,2,1,3,1,2,2,3,2.08,2.462,Very Poor,Very Poor
1,1,1,1,4,3,2,3,1,1,2,3,2.35,2.385,Very Poor,Very Poor
1,1,1,1,2,3,2,3,1,1,4,2,2.19,2.308,Very Poor,Very Poor
1,2,1,2,2,3,2,3,1,2,2,3,2.04,2.808,Very Poor,Very Poor
1,2,1,2,3,3,3,3,1,2,1,3,2.23,2.808,Very Poor,Very Poor
1,2,1,2,2,3,2,3,1,2,2,3,2.04,2.808,Very Poor,Very Poor
1,2,1,2,1,3,3,3,2,2,3,3,2.15,2.808,Very Poor,Very Poor
1,1,1,1,3,3,2,3,1,1,1,2,2.12,2.308,Very Poor,Very Poor
1,1,1,1,2,3,3,3,1,1,2,3,2.15,2.385,Very Poor,Very Poor
3,2,3,1,1,3,4,3,4,2,4,3,3.19,2.615,Moderately Healthy,Very Poor
1,1,1,1,3,2,2,3,1,1,1,3,2.12,2.231,Very Poor,Very Poor
1,2,1,2,3,3,2,3,1,2,1,3,2.12,2.808,Very Poor,Very Poor
3,1,2,1,2,3,3,3,3,2,4,3,2.96,2.462,Moderately Healthy,Very Poor
1,1,1,1,2,3,3,3,2,1,4,2,2.38,2.308,Very Poor,Very Poor
2,1,2,1,4,2,4,3,1,2,3,3,3.0,2.308,Moderately Healthy,Very Poor
2,1,2,1,2,3,4,3,4,1,4,2,3.0,2.308,Moderately Healthy,Very Poor
2,1,2,1,2,3,3,3,2,1,4,3,2.73,2.385,Moderately Healthy,Very Poor
1,1,1,1,2,2,2,3,1,2,2,3,2.04,2.308,Very Poor,Very Poor
2,2,1,2,3,3,2,3,2,2,4,3,2.58,2.808,Poor,Very Poor
1,1,1,1,2,2,3,3,1,1,3,2,2.23,2.154,Very Poor,Very Poor
1,1,1,1,3,3,3,3,1,2,3,3,2.38,2.462,Very Poor,Very Poor
1,1,2,1,2,3,2,3,1,1,3,2,2.31,2.308,Poor,Very Poor
1,2,1,2,3,2,2,3,1,2,2,3,2.19,2.654,Very Poor,Very Poor
1,1,1,1,1,3,2,3,1,2,2,3,1.88,2.462,Very Poor,Very Poor
1,2,1,1,1,3,1,3,1,2,1,3,1.69,2.615,Very Poor,Very Poor
2,2,2,2,4,3,4,3,2,2,2,3,3.0,2.808,Moderately Healthy,Very Poor
1,1,1,1,2,3,2,3,1,1,1,3,1.96,2.385,Very Poor,Very Poor
1,2,1,1,3,3,4,3,3,2,4,3,2.73,2.615,Poor,Very Poor
2,1,2,1,3,3,3,3,2,1,3,2,2.81,2.308,Moderately Healthy,Very Poor
2,1,1,1,2,3,2,3,1,1,3,3,2.27,2.385,Very Poor,Very Poor
1,1,1,1,4,3,2,3,2,1,3,2,2.5,2.308,Poor,Very Poor
2,1,2,1,3,3,3,3,2,1,3,3,2.81,2.385,Moderately Healthy,Very Poor
1,2,1,1,1,3,1,3,2,2,3,3,1.92,2.615,Very Poor,Very Poor
1,1,1,1,4,3,3,3,1,1,3,3,2.54,2.385,Very Poor,Very Poor
4,2,3,1,1,3,4,3,4,2,4,3,3.35,2.615,Moderately Healthy,Very Poor
1,1,1,1,3,3,2,3,1,2,1,3,2.12,2.462,Very Poor,Very Poor
1,1,1,1,2,3,2,3,1,1,3,3,2.12,2.385,Very Poor,Very Poor
1,1,1,1,1,2,2,3,1,1,1,3,1.81,2.231,Very Poor,Very Poor
2,2,1,1,4,3,3,3,1,2,2,3,2.62,2.615,Poor,Very Poor
1,1,1,1,3,3,2,3,1,1,1,3,2.12,2.385,Very Poor,Very Poor
1,2,2,2,2,3,2,3,1,2,2,3,2.23,2.808,Poor,Very Poor
3,1,3,1,4,2,3,3,4,1,4,3,3.54,2.231,Healthy,Very Poor
1,2,1,1,4,3,2,3,1,2,1,3,2.27,2.615,Very Poor,Very Poor
1,1,1,1,4,2,2,3,1,2,1,3,2.27,2.308,Very Poor,Very Poor
1,2,1,1,4,3,2,3,1,2,1,3,2.27,2.615,Very Poor,Very Poor
1,2,1,2,1,3,3,3,1,2,3,3,2.08,2.808,Very Poor,Moderately Healthy
2,1,2,1,3,2,3,3,2,1,3,2,2.81,2.154,Moderately Healthy,Very Poor
2,1,1,1,2,3,2,3,3,2,4,3,2.5,2.462,Poor,Very Poor
1,2,1,2,4,3,2,3,1,2,2,3,2.35,2.808,Very Poor,Very Poor
1,1,1,1,1,2,2,3,1,2,2,3,1.88,2.308,Very Poor,Very Poor
1,2,1,2,2,3,2,3,1,2,3,3,2.12,2.808,Very Poor,Very Poor
1,1,1,1,2,3,2,3,1,1,3,2,2.12,2.308,Very Poor,Very Poor
1,1,1,1,4,3,2,3,2,1,3,3,2.5,2.385,Poor,Very Poor
1,1,1,1,3,2,3,3,1,2,4,3,2.46,2.308,Very Poor,Very Poor
1,2,1,1,3,2,3,3,1,2,2,3,2.31,2.462,Very Poor,Very Poor
1,1,1,1,1,3,3,3,1,1,2,2,2.0,2.308,Very Poor,Very Poor
1,1,1,1,3,2,2,3,1,2,1,3,2.12,2.308,Very Poor,Very Poor
1,2,1,2,2,3,1,3,1,2,3,3,2.0,2.808,Very Poor,Very Poor
1,1,1,1,2,2,2,3,2,1,3,3,2.19,2.231,Very Poor,Very Poor
2,1,2,1,1,3,2,3,3,2,3,3,2.46,2.462,Poor,Very Poor
1,1,1,1,2,3,2,3,2,2,3,3,2.19,2.462,Very Poor,Very Poor
1,1,1,1,4,3,4,3,1,1,2,2,2.58,2.308,Very Poor,Very Poor
1,1,1,1,4,3,3,3,1,2,3,3,2.54,2.462,Very Poor,Very Poor
1,1,1,1,3,3,4,3,1,1,3,3,2.5,2.385,Very Poor,Very Poor
1,1,1,1,1,2,3,3,1,1,2,3,2.0,2.231,Very Poor,Very Poor
1,1,1,1,1,3,2,3,1,1,3,3,1.96,2.385,Very Poor,Very Poor
1,2,1,2,4,3,3,3,1,2,3,3,2.54,2.808,Very Poor,Very Poor
1,1,1,1,3,3,3,3,1,1,1,3,2.23,2.385,Very Poor,Very Poor
1,2,1,2,4,3,3,3,1,2,2,3,2.46,2.808,Very Poor,Moderately Healthy
1,1,1,1,3,2,3,3,1,1,2,3,2.31,2.231,Very Poor,Very Poor
1,1,1,1,3,3,3,3,1,2,2,3,2.31,2.462,Very Poor,Very Poor
1,1,1,1,1,3,2,3,1,1,4,3,2.04,2.385,Very Poor,Very Poor
1,2,1,1,1,3,2,3,1,2,2,3,1.88,2.615,Very Poor,Very Poor
1,1,1,1,4,3,3,3,1,2,3,3,2.54,2.462,Very Poor,Very Poor
4,2,4,1,1,3,4,3,4,2,4,3,3.54,2.615,Healthy,Very Poor
1,1,1,1,2,2,2,3,1,1,1,3,1.96,2.231,Very Poor,Very Poor
1,2,1,2,1,3,2,3,2,2,3,3,2.04,2.808,Very Poor,Moderately Healthy
1,2,1,2,3,3,3,3,1,2,3,3,2.38,2.808,Very Poor,Very Poor
3,2,3,1,1,3,4,3,4,2,4,3,3.19,2.615,Moderately Healthy,Very Poor
1,1,1,1,1,3,3,3,2,1,3,3,2.15,2.385,Very Poor,Very Poor
2,1,2,1,1,3,2,3,1,1,4,3,2.38,2.385,Poor,Very Poor
1,2,1,2,4,2,4,3,2,2,3,3,2.73,2.654,Poor,Very Poor
1,1,1,1,3,2,3,3,1,1,3,3,2.38,2.231,Very Poor,Very Poor
1,2,1,2,1,3,3,3,1,2,3,3,2.08,2.808,Very Poor,Moderately Healthy
1,1,1,1,3,2,3,3,1,2,3,3,2.38,2.308,Very Poor,Very Poor
1,1,1,1,3,2,4,3,1,2,3,3,2.5,2.308,Very Poor,Very Poor
3,1,2,1,3,3,4,3,3,1,4,3,3.23,2.385,Moderately Healthy,Very Poor
2,1,1,1,1,3,2,3,3,2,2,3,2.19,2.462,Very Poor,Very Poor
3,1,2,1,4,3,4,3,2,1,4,3,3.31,2.385,Moderately Healthy,Very Poor
1,1,1,1,3,3,4,3,2,1,4,3,2.65,2.385,Poor,Very Poor
1,2,1,2,1,3,2,3,1,2,3,3,1.96,2.808,Very Poor,Moderately Healthy
1,1,1,1,3,3,2,3,1,2,4,3,2.35,2.462,Very Poor,Very Poor
2,2,1,2,4,3,4,3,1,2,3,3,2.81,2.808,Poor,Very Poor
1,1,1,1,4,3,3,3,2,2,2,3,2.54,2.462,Poor,Very Poor
1,2,1,1,1,3,4,3,1,2,3,3,2.19,2.615,Very Poor,Very Poor
1,2,1,1,3,3,2,3,1,2,1,3,2.12,2.615,Very Poor,Very Poor
1,2,1,2,4,3,2,3,1,2,1,3,2.27,2.808,Very Poor,Moderately Healthy
1,2,1,2,3,3,3,3,1,2,3,3,2.38,2.808,Very Poor,Very Poor
1,2,1,1,3,2,4,3,1,2,3,3,2.5,2.462,Very Poor,Very Poor
2,2,1,2,3,3,4,3,3,2,4,3,2.88,2.808,Poor,Very Poor
1,1,1,1,1,3,3,3,2,1,4,3,2.23,2.385,Very Poor,Very Poor
3,1,3,1,1,3,4,3,4,1,4,3,3.19,2.385,Moderately Healthy,Very Poor
1,1,1,1,1,3,3,3,1,1,2,3,2.0,2.385,Very Poor,Very Poor
1,2,1,1,3,3,3,3,1,2,1,3,2.23,2.615,Very Poor,Very Poor
1,1,1,1,1,3,2,3,1,1,1,2,1.81,2.308,Very Poor,Very Poor
1,1,1,1,4,2,3,3,1,1,1,3,2.38,2.231,Very Poor,Very Poor
1,1,1,1,1,3,2,3,2,1,3,3,2.04,2.385,Very Poor,Very Poor
1,1,1,1,1,3,3,3,1,2,1,3,1.92,2.462,Very Poor,Very Poor
1,2,1,2,2,3,3,3,2,2,3,3,2.31,2.808,Very Poor,Very Poor
1,2,1,1,2,3,1,3,1,2,1,3,1.85,2.615,Very Poor,Very Poor
1,1,1,1,4,3,3,3,1,1,4,3,2.62,2.385,Very Poor,Very Poor
2,1,1,1,2,3,3,3,2,1,4,3,2.54,2.385,Poor,Very Poor
2,2,2,1,1,3,2,3,2,2,2,3,2.31,2.615,Poor,Very Poor
1,1,2,1,3,2,3,3,3,1,3,3,2.73,2.231,Moderately Healthy,Very Poor
1,1,1,1,2,3,2,3,1,2,4,3,2.19,2.462,Very Poor,Very Poor
1,1,1,1,3,2,3,3,1,2,2,3,2.31,2.308,Very Poor,Very Poor
1,1,1,1,3,3,3,3,1,1,3,3,2.38,2.385,Very Poor,Very Poor
2,1,2,1,3,3,4,3,2,1,3,3,2.92,2.385,Moderately Healthy,Very Poor
2,2,1,2,2,3,3,3,3,2,3,3,2.54,2.808,Poor,Very Poor
2,2,1,2,2,3,3,3,2,2,3,3,2.46,2.808,Very Poor,Very Poor
1,1,1,1,1,3,2,3,2,2,4,3,2.12,2.462,Very Poor,Very Poor
1,1,1,1,4,3,4,3,3,2,4,3,2.88,2.462,Poor,Very Poor
2,2,1,2,3,3,3,3,1,2,3,3,2.54,2.808,Poor,Very Poor
1,1,1,1,2,3,2,3,1,2,2,3,2.04,2.462,Very Poor,Very Poor
1,1,1,1,2,2,2,3,1,1,2,3,2.04,2.231,Very Poor,Very Poor
1,1,1,1,2,2,2,3,1,2,2,3,2.04,2.308,Very Poor,Very Poor
1,1,1,1,3,3,3,3,1,1,2,3,2.31,2.385,Very Poor,Very Poor
1,2,1,1,3,3,3,3,1,2,2,3,2.31,2.615,Very Poor,Very Poor
1,2,1,1,1,2,2,3,3,2,2,3,2.04,2.462,Very Poor,Very Poor
2,1,1,1,4,3,4,3,3,1,3,3,2.96,2.385,Poor,Very Poor
1,1,1,1,2,3,3,3,1,1,2,3,2.15,2.385,Very Poor,Very Poor
2,1,2,1,4,3,4,3,3,1,4,3,3.23,2.385,Moderately Healthy,Very Poor
1,2,1,2,4,3,1,3,1,2,3,3,2.31,2.808,Very Poor,Very Poor
1,1,1,1,2,3,2,3,1,2,1,3,1.96,2.462,Very Poor,Very Poor
1,1,1,1,1,3,2,3,2,2,2,3,1.96,2.462,Very Poor,Very Poor
1,1,1,1,2,3,4,3,1,1,2,3,2.27,2.385,Very Poor,Very Poor
2,1,1,1,1,3,3,3,1,1,3,3,2.23,2.385,Very Poor,Very Poor
1,1,1,1,3,2,3,3,2,1,3,3,2.46,2.231,Very Poor,Very Poor
2,1,2,1,3,3,4,3,3,1,4,3,3.08,2.385,Moderately Healthy,Very Poor
3,2,3,2,1,2,3,3,4,2,4,3,3.08,2.654,Moderately Healthy,Very Poor
1,1,1,1,3,3,3,3,1,1,2,3,2.31,2.385,Very Poor,Very Poor
1,1,1,1,4,3,3,3,2,2,3,3,2.62,2.462,Poor,Very Poor
1,1,1,1,3,3,3,3,1,2,2,3,2.31,2.462,Very Poor,Very Poor
1,1,1,1,3,2,2,3,1,2,3,3,2.27,2.308,Very Poor,Very Poor
1,1,1,1,4,3,3,3,2,2,2,3,2.54,2.462,Poor,Very Poor
1,2,1,1,3,3,3,3,1,2,3,3,2.38,2.615,Very Poor,Very Poor
2,2,2,2,1,3,2,3,2,2,2,3,2.31,2.808,Poor,Very Poor
1,1,1,1,4,3,4,3,2,1,3,3,2.73,2.385,Poor,Very Poor
1,2,1,2,3,3,3,3,1,2,3,3,2.38,2.808,Very Poor,Very Poor
1,1,1,1,1,3,3,3,2,1,2,3,2.08,2.385,Very Poor,Very Poor
1,1,1,1,3,3,4,3,1,2,2,3,2.42,2.462,Very Poor,Very Poor
1,1,1,1,2,2,2,3,1,2,4,3,2.19,2.308,Very Poor,Very Poor
2,1,2,1,1,3,2,3,2,2,2,3,2.31,2.462,Poor,Very Poor
1,2,1,2,4,3,4,3,1,2,3,3,2.65,2.808,Very Poor,Moderately Healthy
1,1,1,1,2,2,3,3,1,1,2,3,2.15,2.231,Very Poor,Very Poor
2,2,1,2,3,3,3,3,2,2,4,3,2.69,2.808,Poor,Very Poor
1,2,1,1,3,3,3,3,2,2,2,3,2.38,2.615,Very Poor,Very Poor
4,1,3,1,4,3,4,3,4,2,4,3,3.81,2.462,Healthy,Very Poor
1,1,1,1,4,2,4,3,1,2,3,3,2.65,2.308,Very Poor,Very Poor
1,1,1,1,3,2,3,3,1,2,1,3,2.23,2.308,Very Poor,Very Poor
2,1,1,1,2,3,3,3,1,2,2,3,2.31,2.462,Very Poor,Very Poor
1,1,1,1,3,3,2,3,1,2,2,3,2.19,2.462,Very Poor,Very Poor
1,2,1,1,2,3,3,3,1,2,3,3,2.23,2.615,Very Poor,Very Poor
2,1,1,1,3,3,4,3,3,2,4,3,2.88,2.462,Poor,Very Poor
1,1,1,1,2,3,2,3,1,2,1,3,1.96,2.462,Very Poor,Very Poor
2,1,1,1,2,2,3,3,1,2,4,3,2.46,2.308,Very Poor,Very Poor
1,2,1,2,2,3,4,3,1,2,3,3,2.35,2.808,Very Poor,Very Poor
1,1,1,1,3,3,3,3,1,2,3,3,2.38,2.462,Very Poor,Very Poor
3,1,2,1,1,3,4,3,3,2,4,3,2.92,2.462,Moderately Healthy,Very Poor
1,1,1,1,2,3,3,3,1,2,2,3,2.15,2.462,Very Poor,Very Poor
1,1,1,1,1,3,2,3,2,1,4,3,2.12,2.385,Very Poor,Very Poor
1,1,1,1,2,3,3,3,1,2,2,3,2.15,2.462,Very Poor,Very Poor
1,1,1,1,3,3,3,3,1,1,2,3,2.31,2.385,Very Poor,Very Poor
1,1,1,1,3,3,4,3,1,1,3,3,2.5,2.385,Very Poor,Very Poor
1,2,1,2,4,3,4,3,1,2,3,3,2.65,2.808,Very Poor,Very Poor
1,1,1,1,3,2,2,3,2,2,1,3,2.19,2.308,Very Poor,Very Poor
2,2,1,1,4,2,4,3,4,2,4,3,3.12,2.462,Poor,Very Poor
1,1,1,1,2,3,4,3,1,2,3,3,2.35,2.462,Very Poor,Very Poor
1,1,1,1,1,3,2,3,2,2,3,3,2.04,2.462,Very Poor,Very Poor
1,1,1,1,3,3,2,3,1,2,4,3,2.35,2.462,Very Poor,Very Poor
1,2,1,1,1,3,3,3,3,2,3,3,2.23,2.615,Very Poor,Very Poor
2,2,2,2,1,3,4,3,2,2,4,3,2.69,2.808,Moderately Healthy,Very Poor
1,1,1,1,3,2,2,3,1,2,2,3,2.19,2.308,Very Poor,Very Poor
1,2,1,2,2,3,1,3,1,2,3,3,2.0,2.808,Very Poor,Very Poor
1,2,1,1,2,3,2,3,1,2,3,3,2.12,2.615,Very Poor,Very Poor
2,1,2,1,2,3,2,3,2,2,4,3,2.62,2.462,Moderately Healthy,Very Poor
1,2,1,1,3,2,4,3,1,2,3,3,2.5,2.462,Very Poor,Very Poor
1,2,1,2,3,3,3,3,1,2,3,3,2.38,2.808,Very Poor,Very Poor
1,1,1,1,2,2,2,3,1,1,2,3,2.04,2.231,Very Poor,Very Poor
1,1,1,1,2,3,2,3,2,2,2,3,2.12,2.462,Very Poor,Very Poor
1,1,1,1,3,3,1,3,1,2,2,3,2.08,2.462,Very Poor,Very Poor
3,1,2,1,2,3,4,3,3,2,3,3,3.0,2.462,Moderately Healthy,Very Poor
3,1,2,1,4,3,4,3,2,2,4,3,3.31,2.462,Moderately Healthy,Very Poor
1,1,1,1,2,3,4,3,2,2,3,3,2.42,2.462,Very Poor,Very Poor
1,2,1,2,3,3,4,3,1,2,3,3,2.5,2.808,Very Poor,Very Poor
3,2,2,2,2,3,4,3,3,2,3,3,3.0,2.808,Moderately Healthy,Very Poor
2,1,1,1,2,3,3,3,2,2,4,3,2.54,2.462,Poor,Very Poor
1,1,1,1,1,3,1,3,1,2,2,3,1.77,2.462,Very Poor,Very Poor
1,1,1,1,1,2,1,3,1,2,2,3,1.77,2.308,Very Poor,Very Poor
1,1,1,1,2,3,2,3,1,2,2,3,2.04,2.462,Very Poor,Very Poor
2,2,1,1,3,3,3,3,1,2,3,3,2.54,2.615,Poor,Very Poor
1,1,1,1,1,3,2,3,1,2,3,3,1.96,2.462,Very Poor,Very Poor
2,1,2,1,3,3,2,3,3,2,4,3,2.85,2.462,Moderately Healthy,Very Poor
2,1,2,1,1,2,3,3,3,2,4,3,2.65,2.308,Moderately Healthy,Very Poor
1,2,1,1,4,2,4,3,1,2,3,3,2.65,2.462,Very Poor,Very Poor
1,1,1,1,2,3,4,3,1,2,3,3,2.35,2.462,Very Poor,Very Poor
1,1,1,1,3,3,3,3,1,2,3,3,2.38,2.462,Very Poor,Very Poor
1,1,1,1,3,3,3,3,1,2,2,3,2.31,2.462,Very Poor,Very Poor
3,1,3,1,3,2,4,3,4,2,4,3,3.5,2.308,Healthy,Very Poor
1,1,1,1,4,3,2,3,1,2,1,3,2.27,2.462,Very Poor,Very Poor
2,2,1,1,4,2,1,3,1,2,3,3,2.46,2.462,Very Poor,Very Poor
1,1,1,1,3,3,4,3,1,2,2,3,2.42,2.462,Very Poor,Very Poor
1,2,1,2,3,3,4,3,1,2,3,3,2.5,2.808,Very Poor,Very Poor
1,1,1,1,2,2,4,3,1,2,3,3,2.35,2.308,Very Poor,Very Poor
1,1,1,1,2,2,4,3,1,2,3,3,2.35,2.308,Very Poor,Very Poor
1,2,1,1,1,3,2,3,1,2,2,3,1.88,2.615,Very Poor,Very Poor
2,1,1,1,2,3,3,3,1,2,1,3,2.23,2.462,Very Poor,Very Poor
1,1,1,1,3,3,2,3,1,2,2,3,2.19,2.462,Very Poor,Very Poor
1,1,1,1,4,3,3,3,1,2,2,3,2.46,2.462,Very Poor,Very Poor
2,1,1,1,3,3,3,3,2,2,2,3,2.54,2.462,Poor,Very Poor
1,1,1,1,4,3,1,3,1,2,2,3,2.23,2.462,Very Poor,Very Poor
1,1,1,1,4,3,1,3,1,2,1,3,2.15,2.462,Very Poor,Very Poor
1,1,1,1,2,3,3,3,1,2,3,3,2.23,2.462,Very Poor,Very Poor
1,1,1,1,2,3,4,3,1,2,3,3,2.35,2.462,Very Poor,Very Poor
1,1,1,1,3,3,2,3,1,2,2,3,2.19,2.462,Very Poor,Very Poor
1,1,1,1,3,3,3,3,2,2,4,3,2.54,2.462,Poor,Very Poor
1,1,1,1,4,2,3,3,1,2,2,3,2.46,2.308,Very Poor,Very Poor
1,1,1,1,3,3,4,3,1,1,3,3,2.5,2.385,Very Poor,Very Poor
1,1,1,1,3,3,3,3,1,2,3,3,2.38,2.462,Very Poor,Very Poor
1,1,1,1,2,3,2,3,1,2,2,3,2.04,2.462,Very Poor,Very Poor
2,2,2,1,1,2,2,3,2,2,4,3,2.46,2.462,Poor,Very Poor
1,2,1,2,1,3,2,3,2,2,2,3,1.96,2.808,Very Poor,Very Poor
1,2,1,2,3,3,3,3,1,2,3,3,2.38,2.808,Very Poor,Very Poor
3,1,2,1,1,3,4,3,3,2,4,3,2.92,2.462,Moderately Healthy,Very Poor
1,1,1,1,1,3,3,3,2,2,2,3,2.08,2.462,Very Poor,Very Poor
1,1,1,1,3,3,3,3,1,2,3,3,2.38,2.462,Very Poor,Very Poor
2,1,2,1,1,3,2,3,3,2,3,3,2.46,2.462,Poor,Very Poor
1,2,1,1,2,2,4,3,1,2,2,3,2.27,2.462,Very Poor,Very Poor
1,1,1,1,1,3,3,3,2,1,3,3,2.15,2.385,Very Poor,Very Poor
2,1,2,1,1,3,3,3,3,2,4,3,2.65,2.462,Moderately Healthy,Very Poor
2,1,2,1,3,3,2,3,2,2,2,3,2.62,2.462,Moderately Healthy,Very Poor
1,1,1,1,4,3,3,3,1,2,4,3,2.62,2.462,Very Poor,Very Poor
1,1,1,1,3,2,3,3,1,2,2,3,2.31,2.308,Very Poor,Very Poor
1,2,1,2,2,3,2,3,1,2,2,3,2.04,2.808,Very Poor,Very Poor
1,2,1,2,2,3,4,4,2,3,4,3,2.5,3.0,Poor,Very Poor
1,1,2,1,2,2,3,3,3,2,4,3,2.65,2.308,Moderately Healthy,Very Poor
2,1,2,1,1,3,3,3,3,2,4,3,2.65,2.462,Moderately Healthy,Very Poor
2,1,2,1,1,2,3,3,3,2,4,3,2.65,2.308,Moderately Healthy,Very Poor
1,1,1,1,2,3,1,3,1,2,1,3,1.85,2.462,Very Poor,Very Poor
1,1,1,1,1,3,1,3,2,2,2,3,1.85,2.462,Very Poor,Very Poor
2,1,2,1,2,3,2,3,1,2,4,3,2.54,2.462,Moderately Healthy,Very Poor
2,1,1,1,4,3,4,3,1,2,2,3,2.73,2.462,Poor,Very Poor
1,1,1,1,3,3,2,3,1,2,1,3,2.12,2.462,Very Poor,Very Poor
1,1,1,1,2,3,2,3,2,2,4,3,2.27,2.462,Very Poor,Very Poor
1,2,1,2,4,3,4,3,4,2,4,3,2.96,2.808,Poor,Very Poor
1,1,1,1,2,3,4,3,3,2,3,3,2.5,2.462,Poor,Very Poor
1,1,1,1,4,3,3,3,1,1,1,3,2.38,2.385,Very Poor,Very Poor
1,2,1,2,2,2,2,3,1,2,3,3,2.12,2.654,Very Poor,Very Poor
2,1,2,1,4,3,4,3,1,1,3,3,3.0,2.385,Moderately Healthy,Very Poor
1,1,1,1,3,3,4,3,1,2,2,3,2.42,2.462,Very Poor,Very Poor
3,1,3,1,2,2,3,3,3,2,4,3,3.15,2.308,Moderately Healthy,Very Poor
3,2,3,2,2,3,4,4,3,3,4,4,3.27,3.077,Moderately Healthy,Healthy
2,1,1,1,2,3,3,3,1,2,3,3,2.38,2.462,Very Poor,Very Poor
1,1,1,1,3,3,3,3,2,2,1,3,2.31,2.462,Very Poor,Very Poor
2,1,1,1,2,3,3,3,3,2,3,3,2.54,2.462,Poor,Very Poor
1,1,1,1,4,3,3,3,2,2,4,3,2.69,2.462,Poor,Very Poor
1,2,1,2,3,3,4,3,1,2,3,3,2.5,2.808,Very Poor,Very Poor
1,2,1,1,2,2,4,3,2,2,3,3,2.42,2.462,Very Poor,Very Poor
1,1,2,1,3,3,4,3,3,2,4,3,2.92,2.462,Moderately Healthy,Very Poor
2,1,2,1,2,3,4,3,3,2,3,3,2.85,2.462,Moderately Healthy,Very Poor
1,2,1,2,2,3,3,3,2,2,3,3,2.31,2.808,Very Poor,Very Poor
1,1,1,1,3,3,4,3,2,2,3,3,2.58,2.462,Poor,Very Poor
1,1,1,1,3,3,2,3,1,2,3,3,2.27,2.462,Very Poor,Very Poor
1,2,1,2,3,3,2,3,1,2,3,3,2.27,2.808,Very Poor,Very Poor
1,1,1,1,1,3,3,3,1,2,4,3,2.15,2.462,Very Poor,Very Poor
1,2,1,1,3,2,4,3,2,2,3,3,2.58,2.462,Poor,Very Poor
1,1,1,1,1,3,3,3,3,2,3,3,2.23,2.462,Very Poor,Very Poor
1,1,1,1,2,2,3,3,2,2,3,3,2.31,2.308,Very Poor,Very Poor
3,1,3,1,4,2,4,3,3,2,4,3,3.58,2.308,Healthy,Very Poor
1,2,1,2,4,3,4,3,2,2,4,3,2.81,2.808,Poor,Very Poor
1,1,1,1,1,3,2,3,2,2,2,3,1.96,2.462,Very Poor,Very Poor
1,1,1,1,3,2,4,3,1,2,3,3,2.5,2.308,Very Poor,Very Poor
2,1,1,1,1,3,3,3,2,2,3,3,2.31,2.462,Very Poor,Very Poor
1,1,1,1,4,3,3,3,2,2,3,3,2.62,2.462,Poor,Very Poor
1,1,1,1,3,2,3,3,1,2,2,3,2.31,2.308,Very Poor,Very Poor
2,1,1,1,1,3,2,3,2,2,2,3,2.12,2.462,Very Poor,Very Poor
1,1,1,1,2,3,3,3,2,2,3,3,2.31,2.462,Very Poor,Very Poor
1,1,1,1,2,3,2,3,1,2,3,3,2.12,2.462,Very Poor,Very Poor
2,2,2,1,1,2,3,3,2,2,4,3,2.58,2.462,Moderately Healthy,Very Poor
1,1,1,1,3,2,4,3,1,2,3,3,2.5,2.308,Very Poor,Very Poor
1,1,1,1,3,3,3,3,1,2,3,3,2.38,2.462,Very Poor,Very Poor
1,2,1,2,4,3,2,3,3,2,2,3,2.5,2.808,Poor,Very Poor
1,1,1,1,2,3,3,3,1,2,3,3,2.23,2.462,Very Poor,Very Poor
1,2,1,2,4,3,3,3,4,2,3,3,2.77,2.808,Poor,Very Poor
1,1,1,1,3,3,2,3,1,2,2,3,2.19,2.462,Very Poor,Very Poor
1,1,1,1,1,3,3,3,1,2,3,3,2.08,2.462,Very Poor,Very Poor
1,2,1,2,1,3,3,4,2,3,4,4,2.23,3.077,Very Poor,Moderately Healthy
1,1,1,1,4,3,4,3,1,2,3,3,2.65,2.462,Very Poor,Very Poor
1,1,1,1,3,3,4,3,2,2,3,3,2.58,2.462,Poor,Very Poor
1,1,1,1,3,3,3,3,3,2,4,3,2.62,2.462,Poor,Very Poor
1,2,1,1,3,3,3,3,1,2,3,3,2.38,2.615,Very Poor,Very Poor
2,2,2,2,1,3,3,4,3,3,4,4,2.65,3.077,Moderately Healthy,Healthy
1,1,1,1,3,3,4,3,1,2,3,3,2.5,2.462,Very Poor,Very Poor
2,1,2,1,1,3,3,3,2,2,4,3,2.58,2.462,Moderately Healthy,Very Poor
1,2,1,1,2,3,4,3,2,2,4,3,2.5,2.615,Poor,Very Poor
1,1,1,1,1,3,2,3,1,2,3,3,1.96,2.462,Very Poor,Very Poor
1,1,1,1,4,2,4,3,1,2,3,3,2.65,2.308,Very Poor,Very Poor
1,1,1,1,3,3,2,3,1,2,3,3,2.27,2.462,Very Poor,Very Poor
1,1,1,1,3,2,4,3,1,2,3,3,2.5,2.308,Very Poor,Very Poor
1,2,1,2,3,3,4,3,1,2,3,3,2.5,2.808,Very Poor,Very Poor
1,2,1,2,3,3,3,4,2,3,2,4,2.38,3.077,Very Poor,Moderately Healthy
3,1,2,1,2,2,4,3,2,2,4,3,3.0,2.308,Moderately Healthy,Very Poor
2,2,2,2,2,3,2,3,1,2,4,3,2.54,2.808,Moderately Healthy,Very Poor
1,1,1,1,3,3,4,3,1,2,4,3,2.58,2.462,Very Poor,Very Poor
1,2,1,1,3,3,3,3,1,2,2,3,2.31,2.615,Very Poor,Very Poor
1,2,1,2,3,3,3,3,1,2,3,3,2.38,2.808,Very Poor,Very Poor
1,1,1,1,2,3,4,3,1,2,3,3,2.35,2.462,Very Poor,Very Poor
1,1,1,1,1,3,3,3,1,2,2,3,2.0,2.462,Very Poor,Very Poor
1,1,1,1,1,3,3,3,1,2,2,3,2.0,2.462,Very Poor,Very Poor
1,1,1,1,4,3,4,3,2,2,3,3,2.73,2.462,Poor,Very Poor
1,2,1,2,4,3,3,3,2,2,4,3,2.69,2.808,Poor,Very Poor
1,1,1,1,4,3,3,3,1,2,3,3,2.54,2.462,Very Poor,Very Poor
1,2,1,2,2,3,4,4,1,3,3,4,2.35,3.077,Very Poor,Moderately Healthy
2,1,1,1,3,3,2,3,1,2,2,3,2.35,2.462,Very Poor,Very Poor
1,1,1,1,2,2,2,3,1,2,4,3,2.19,2.308,Very Poor,Very Poor
2,1,1,1,3,3,3,3,2,2,4,3,2.69,2.462,Poor,Very Poor
1,1,1,1,1,3,4,3,1,2,3,3,2.19,2.462,Very Poor,Very Poor
1,1,1,1,2,3,2,3,2,2,3,3,2.19,2.462,Very Poor,Very Poor
2,2,2,2,3,3,4,3,4,2,4,3,3.15,2.808,Moderately Healthy,Very Poor
1,1,1,1,3,3,3,3,1,2,2,3,2.31,2.462,Very Poor,Very Poor
1,1,1,1,2,3,2,3,1,2,3,3,2.12,2.462,Very Poor,Very Poor
1,2,1,2,3,3,2,3,1,2,2,3,2.19,2.808,Very Poor,Very Poor
1,2,1,2,2,3,2,3,1,2,4,3,2.19,2.808,Very Poor,Very Poor
1,1,1,1,3,3,4,3,2,2,3,3,2.58,2.462,Poor,Very Poor
2,2,1,2,3,3,3,4,2,3,4,4,2.69,3.077,Poor,Healthy
1,2,1,2,1,3,2,4,1,3,2,4,1.88,3.077,Very Poor,Healthy
1,2,1,2,4,3,1,4,3,3,3,4,2.46,3.077,Very Poor,Healthy
1,2,1,2,3,3,3,3,1,2,2,3,2.31,2.808,Very Poor,Very Poor
3,2,2,2,3,3,2,3,1,2,4,3,2.85,2.808,Moderately Healthy,Moderately Healthy
1,1,1,1,3,3,3,3,2,2,2,3,2.38,2.462,Very Poor,Very Poor
1,1,1,1,3,3,2,3,2,2,3,3,2.35,2.462,Very Poor,Very Poor
3,1,2,1,4,3,4,3,3,2,3,3,3.31,2.462,Moderately Healthy,Very Poor
2,2,2,2,4,3,4,4,3,3,3,3,3.15,3.0,Moderately Healthy,Healthy
1,1,1,1,3,2,3,3,1,2,3,3,2.38,2.308,Very Poor,Very Poor
1,2,1,2,3,3,4,3,2,3,4,3,2.65,2.885,Poor,Very Poor
1,1,1,1,2,3,3,3,1,2,3,3,2.23,2.462,Very Poor,Very Poor
2,2,1,1,2,3,2,3,2,2,3,3,2.35,2.615,Very Poor,Very Poor
3,1,2,1,4,3,4,3,3,2,4,3,3.38,2.462,Moderately Healthy,Very Poor
1,1,1,1,2,3,2,3,2,2,2,3,2.12,2.462,Very Poor,Very Poor
1,1,1,1,2,3,2,3,2,2,2,3,2.12,2.462,Very Poor,Very Poor
2,2,1,1,2,3,2,3,1,2,1,3,2.12,2.615,Very Poor,Very Poor
1,1,1,1,4,3,2,3,1,2,2,3,2.35,2.462,Very Poor,Very Poor
1,2,1,2,3,3,4,4,2,3,4,3,2.65,3.0,Poor,Moderately Healthy
1,2,1,2,2,3,4,3,2,3,3,3,2.42,2.885,Very Poor,Very Poor
1,2,1,2,1,3,2,3,1,2,3,3,1.96,2.808,Very Poor,Very Poor
2,1,1,1,3,3,4,3,2,2,3,3,2.73,2.462,Poor,Very Poor
1,1,1,1,4,3,3,3,1,2,2,3,2.46,2.462,Very Poor,Very Poor
2,2,2,2,4,3,4,3,2,2,4,3,3.15,2.808,Moderately Healthy,Very Poor
1,2,1,2,3,3,2,3,1,2,2,3,2.19,2.808,Very Poor,Very Poor
1,2,1,2,2,3,4,3,1,2,2,3,2.27,2.808,Very Poor,Very Poor
1,1,1,1,1,3,3,3,1,2,2,3,2.0,2.462,Very Poor,Very Poor
1,2,1,1,1,3,2,3,1,2,3,3,1.96,2.615,Very Poor,Very Poor
1,1,1,1,3,3,4,3,1,2,3,3,2.5,2.462,Very Poor,Very Poor
2,2,2,1,4,3,3,3,4,2,3,3,3.12,2.615,Moderately Healthy,Very Poor
1,2,1,2,4,3,4,3,2,2,1,3,2.58,2.808,Very Poor,Very Poor
1,1,1,1,1,3,2,3,2,2,2,3,1.96,2.462,Very Poor,Very Poor
2,1,1,1,4,2,4,3,3,2,4,3,3.04,2.308,Poor,Very Poor
1,2,1,2,3,3,4,3,2,2,2,3,2.5,2.808,Poor,Very Poor
1,2,1,2,3,3,3,4,1,3,3,3,2.38,3.0,Very Poor,Very Poor
1,1,1,1,3,2,3,3,2,2,3,3,2.46,2.308,Very Poor,Very Poor
1,1,1,1,4,3,3,3,1,2,4,3,2.62,2.462,Very Poor,Very Poor
1,2,1,2,1,3,2,4,3,3,3,4,2.12,3.077,Very Poor,Very Poor
1,1,1,1,3,3,2,3,1,2,3,3,2.27,2.462,Very Poor,Very Poor
1,2,1,2,4,3,3,4,2,3,4,3,2.69,3.0,Poor,Very Poor
1,1,1,1,3,3,3,3,1,2,2,3,2.31,2.462,Very Poor,Very Poor
3,1,3,1,2,3,4,3,3,2,4,3,3.27,2.462,Moderately Healthy,Very Poor
1,2,1,2,4,3,2,3,1,2,1,3,2.27,2.808,Very Poor,Very Poor
1,1,1,1,2,3,3,3,1,2,3,3,2.23,2.462,Very Poor,Very Poor
1,2,1,2,2,3,2,3,1,2,3,3,2.12,2.808,Very Poor,Very Poor
1,1,1,1,2,3,3,3,2,2,3,3,2.31,2.462,Very Poor,Very Poor
1,2,1,2,2,3,2,4,1,3,4,4,2.19,3.077,Very Poor,Healthy
1,1,1,1,2,2,4,3,2,2,3,3,2.42,2.308,Very Poor,Very Poor
1,1,1,1,2,3,2,3,1,2,3,3,2.12,2.462,Very Poor,Very Poor
1,2,1,2,2,3,4,3,1,3,3,3,2.35,2.885,Very Poor,Very Poor
1,1,1,1,4,3,3,3,1,2,2,3,2.46,2.462,Very Poor,Very Poor
1,2,1,2,2,3,1,4,1,3,1,3,1.85,3.0,Very Poor,Very Poor
1,2,1,2,1,3,1,3,2,2,4,3,2.0,2.808,Very Poor,Very Poor
1,2,1,1,3,3,3,3,3,2,1,3,2.38,2.615,Very Poor,Very Poor
1,1,1,1,1,3,3,3,1,2,2,3,2.0,2.462,Very Poor,Very Poor
1,1,1,1,1,3,2,3,1,2,3,3,1.96,2.462,Very Poor,Very Poor
1,2,1,2,4,3,3,4,3,3,3,4,2.69,3.077,Poor,Moderately Healthy
1,2,1,2,4,3,3,3,2,2,3,3,2.62,2.808,Poor,Very Poor
2,2,1,2,3,3,3,3,3,2,3,3,2.69,2.808,Poor,Very Poor
1,2,1,2,3,3,1,3,1,3,4,3,2.23,2.885,Very Poor,Very Poor
1,1,1,1,4,3,4,3,3,2,3,3,2.81,2.462,Poor,Very Poor
1,1,1,1,3,3,3,3,1,2,2,3,2.31,2.462,Very Poor,Very Poor
1,1,1,1,1,3,3,3,1,2,3,3,2.08,2.462,Very Poor,Very Poor
1,2,1,2,2,3,3,3,2,3,3,3,2.31,2.885,Very Poor,Very Poor
1,2,1,2,3,3,3,4,3,3,2,4,2.46,3.077,Very Poor,Moderately Healthy
1,2,1,1,4,2,3,3,1,3,4,3,2.62,2.538,Very Poor,Very Poor
3,2,3,1,3,2,4,3,4,2,4,3,3.27,2.231,Moderately Healthy,Very Poor
1,2,1,1,1,2,4,3,3,2,4,3,2.19,2.231,Very Poor,Very Poor
1,2,1,2,3,2,4,4,1,3,3,4,2.27,2.692,Very Poor,Very Poor
1,2,1,2,1,2,4,4,2,3,4,4,2.12,2.692,Very Poor,Very Poor
1,2,1,2,3,2,2,3,1,3,3,3,2.04,2.5,Very Poor,Very Poor
1,2,1,2,1,2,3,4,1,3,2,3,1.77,2.615,Very Poor,Very Poor
1,2,1,2,3,2,3,4,3,3,3,4,2.31,2.692,Very Poor,Very Poor
1,2,1,1,2,2,3,3,1,3,1,3,1.85,2.308,Very Poor,Very Poor
1,2,1,2,3,2,4,3,4,3,4,3,2.58,2.5,Poor,Very Poor
1,2,1,1,1,2,3,3,2,3,3,3,1.92,2.308,Very Poor,Very Poor
1,2,1,2,1,2,2,3,2,3,2,3,1.73,2.5,Very Poor,Very Poor
2,2,2,2,3,2,4,4,4,3,4,4,2.92,2.692,Moderately Healthy,Very Poor
1,2,1,1,1,2,4,3,1,3,3,3,1.96,2.308,Very Poor,Very Poor
2,2,2,2,1,2,4,3,4,3,4,3,2.62,2.5,Moderately Healthy,Very Poor
3,2,2,2,1,2,4,4,4,3,3,4,2.69,2.692,Moderately Healthy,Moderately Healthy
1,2,1,1,1,2,2,3,2,3,3,3,1.81,2.308,Very Poor,Very Poor
1,1,1,1,1,2,2,3,1,2,4,3,1.81,2.077,Very Poor,Very Poor
1,2,1,2,1,2,2,4,1,3,1,4,1.58,2.692,Very Poor,Very Poor
1,2,1,2,3,2,4,3,4,3,4,3,2.58,2.5,Poor,Very Poor
1,2,1,2,3,2,2,4,1,3,2,4,1.96,2.692,Very Poor,Very Poor
1,2,1,1,4,2,2,3,1,3,2,3,2.12,2.308,Very Poor,Very Poor
1,2,1,2,2,2,3,3,1,3,3,4,2.0,2.577,Very Poor,Very Poor
1,2,1,1,1,2,3,3,2,3,3,3,1.92,2.308,Very Poor,Very Poor
2,2,2,2,2,2,2,4,2,3,4,4,2.38,2.692,Poor,Very Poor
3,2,2,1,4,2,4,3,3,3,4,3,3.15,2.308,Moderately Healthy,Very Poor
3,2,2,1,4,2,4,4,4,3,4,4,3.23,2.5,Moderately Healthy,Very Poor
1,2,1,2,1,2,3,4,1,3,2,4,1.77,2.692,Very Poor,Very Poor
1,2,1,1,1,2,3,3,2,2,3,3,1.92,2.231,Very Poor,Very Poor
1,2,1,2,2,2,3,4,2,3,3,4,2.08,2.692,Very Poor,Very Poor
1,2,1,1,1,2,1,3,1,3,4,3,1.69,2.308,Very Poor,Very Poor
1,2,1,1,1,2,3,3,1,3,1,4,1.69,2.385,Very Poor,Very Poor
1,1,1,1,2,2,3,3,1,3,3,3,2.0,2.154,Very Poor,Very Poor
1,2,1,1,2,2,2,4,2,3,2,4,1.88,2.5,Very Poor,Very Poor
4,2,4,1,4,2,4,3,4,3,4,3,3.77,2.308,Healthy,Very Poor
1,2,1,2,1,2,3,3,3,3,3,4,2.0,2.577,Very Poor,Very Poor
1,1,1,1,3,2,4,3,2,3,1,3,2.19,2.154,Very Poor,Very Poor
2,2,2,2,3,2,2,4,3,3,3,3,2.54,2.615,Moderately Healthy,Very Poor
1,2,1,2,1,2,3,3,1,3,2,4,1.77,2.577,Very Poor,Very Poor
1,2,1,1,1,2,3,3,1,3,1,3,1.69,2.308,Very Poor,Very Poor
1,2,1,2,3,2,2,4,1,3,3,4,2.04,2.692,Very Poor,Very Poor
2,2,2,2,1,2,4,3,1,3,4,3,2.38,2.5,Poor,Very Poor
1,2,1,2,4,2,4,4,4,3,3,4,2.65,2.692,Poor,Very Poor
1,2,1,2,1,2,2,4,1,3,2,4,1.65,2.692,Very Poor,Very Poor
1,2,1,2,1,2,2,3,2,3,2,4,1.73,2.577,Very Poor,Very Poor
3,2,3,2,4,2,4,4,4,3,3,4,3.35,2.692,Moderately Healthy,Very Poor
1,2,1,2,3,2,2,4,2,3,3,4,2.12,2.692,Very Poor,Very Poor
2,2,1,2,2,2,4,3,3,3,4,3,2.5,2.5,Poor,Very Poor
1,2,1,2,1,2,3,3,4,3,4,4,2.15,2.577,Very Poor,Very Poor
2,2,2,2,1,2,4,4,3,3,4,4,2.54,2.692,Moderately Healthy,Very Poor
3,2,2,1,1,2,3,3,1,3,3,4,2.35,2.385,Poor,Very Poor
1,2,1,2,2,2,3,4,2,3,3,4,2.08,2.692,Very Poor,Very Poor
1,2,1,1,2,2,2,3,1,3,4,3,1.96,2.308,Very Poor,Very Poor
1,2,1,1,2,2,2,3,1,3,4,3,1.96,2.308,Very Poor,Very Poor
1,2,1,2,1,2,3,3,2,3,4,4,2.0,2.577,Very Poor,Very Poor
2,2,1,2,1,2,1,3,2,3,4,4,1.92,2.577,Very Poor,Very Poor
3,1,3,1,3,2,4,3,4,3,4,3,3.27,2.154,Moderately Healthy,Very Poor
2,2,2,2,3,2,4,4,2,3,3,4,2.69,2.692,Moderately Healthy,Very Poor
2,2,2,2,2,2,3,4,4,3,4,4,2.65,2.692,Moderately Healthy,Very Poor
1,2,1,1,4,2,3,3,4,3,4,3,2.62,2.308,Poor,Very Poor
1,2,1,1,3,2,3,3,2,3,3,3,2.23,2.308,Very Poor,Very Poor
3,2,2,2,2,2,4,4,4,3,4,4,2.92,2.692,Moderately Healthy,Very Poor
3,2,2,1,1,2,4,3,3,3,4,4,2.69,2.385,Moderately Healthy,Very Poor
1,2,1,2,1,2,3,3,1,3,1,3,1.69,2.5,Very Poor,Very Poor
2,2,2,1,3,2,4,3,4,3,4,3,2.92,2.308,Moderately Healthy,Very Poor
2,2,2,2,2,2,4,3,3,3,4,3,2.69,2.5,Moderately Healthy,Very Poor
1,2,1,1,1,2,2,3,1,3,2,3,1.65,2.308,Very Poor,Very Poor
2,2,1,2,4,2,4,4,2,3,3,4,2.65,2.692,Poor,Very Poor
3,2,3,2,1,2,4,4,4,3,4,4,2.96,2.692,Moderately Healthy,Very Poor
4,2,1,2,1,2,4,3,1,3,3,4,2.42,2.577,Very Poor,Very Poor
1,2,1,2,1,2,3,4,2,3,3,4,1.92,2.692,Very Poor,Very Poor
3,2,2,2,3,2,4,3,2,3,2,3,2.77,2.5,Moderately Healthy,Very Poor
1,2,1,2,1,2,3,4,3,3,4,4,2.08,2.692,Very Poor,Very Poor
1,2,1,2,1,2,4,4,3,3,4,4,2.19,2.692,Very Poor,Very Poor
3,2,3,2,3,2,4,3,4,3,4,4,3.27,2.577,Moderately Healthy,Very Poor
2,2,2,2,3,2,4,4,2,3,2,4,2.62,2.692,Moderately Healthy,Very Poor
1,2,1,2,1,2,3,3,2,3,3,4,1.92,2.577,Very Poor,Very Poor
3,2,2,2,1,2,4,3,4,3,4,4,2.77,2.577,Moderately Healthy,Very Poor
2,2,1,1,1,2,2,3,1,3,3,3,1.88,2.308,Very Poor,Very Poor
2,2,1,2,1,2,2,3,1,3,3,4,1.88,2.577,Very Poor,Very Poor
1,2,1,1,1,2,2,3,1,3,1,3,1.58,2.308,Very Poor,Very Poor
3,2,3,2,2,2,4,4,4,3,4,4,3.12,2.692,Moderately Healthy,Very Poor
1,2,1,1,2,2,1,3,1,3,3,4,1.77,2.385,Very Poor,Very Poor
1,2,1,2,1,2,2,4,1,3,4,4,1.81,2.692,Very Poor,Very Poor
1,2,1,2,1,2,3,3,1,3,1,4,1.69,2.577,Very Poor,Very Poor
1,2,1,2,1,2,3,4,1,3,1,4,1.69,2.692,Very Poor,Very Poor
4,2,4,2,4,2,4,4,4,3,4,4,3.77,2.692,Healthy,Very Poor
1,2,1,2,1,2,3,4,2,3,3,4,1.92,2.692,Very Poor,Poor
1,2,1,2,1,2,3,4,3,3,4,4,2.08,2.692,Very Poor,Very Poor
3,2,3,2,1,2,4,4,4,3,4,4,2.96,2.692,Moderately Healthy,Very Poor
1,2,1,2,2,2,2,3,2,3,2,4,1.88,2.577,Very Poor,Very Poor
1,2,1,2,2,2,2,4,4,3,3,4,2.12,2.692,Very Poor,Very Poor
3,2,3,2,3,2,4,4,4,3,4,4,3.04,2.462,Moderately Healthy,Very Poor
2,2,2,2,1,2,4,4,3,3,4,4,2.31,2.462,Poor,Very Poor
1,2,1,2,2,2,4,3,1,3,4,4,1.96,2.346,Very Poor,Very Poor
3,2,2,2,1,2,4,4,4,3,4,4,2.54,2.462,Moderately Healthy,Very Poor
4,2,4,1,1,2,4,3,4,3,4,3,3.08,2.077,Moderately Healthy,Very Poor
2,2,2,2,2,2,4,4,4,3,4,4,2.54,2.462,Poor,Very Poor
1,2,1,2,1,2,2,3,1,3,3,4,1.5,2.346,Very Poor,Very Poor
1,2,1,2,3,2,4,4,1,3,3,4,2.04,2.462,Very Poor,Poor
2,2,2,2,1,2,4,4,3,3,4,4,2.31,2.462,Poor,Very Poor
1,2,1,2,1,2,4,3,4,3,4,4,2.04,2.346,Very Poor,Very Poor
1,2,1,2,2,2,2,4,2,3,2,4,1.65,2.462,Very Poor,Very Poor
4,2,4,2,4,2,4,4,4,3,3,4,3.46,2.462,Moderately Healthy,Very Poor
4,2,4,1,2,2,4,3,4,3,4,3,3.23,2.077,Moderately Healthy,Very Poor
1,2,1,1,1,2,3,3,3,3,4,3,1.85,2.077,Very Poor,Very Poor
3,2,2,2,2,2,2,3,4,3,4,4,2.46,2.346,Poor,Very Poor
1,2,1,2,1,2,3,4,4,3,4,4,1.92,2.462,Very Poor,Very Poor
1,2,1,2,1,2,3,3,2,3,3,4,1.69,2.346,Very Poor,Very Poor
1,2,1,1,1,2,3,3,2,3,4,4,1.77,2.154,Very Poor,Very Poor
1,2,1,1,1,2,4,3,2,3,3,4,1.81,2.154,Very Poor,Very Poor
3,2,2,2,1,2,3,4,2,3,4,4,2.27,2.462,Poor,Very Poor
3,2,2,1,3,2,4,3,3,3,4,4,2.77,2.154,Moderately Healthy,Very Poor
2,2,2,2,1,2,4,3,4,3,3,4,2.31,2.346,Poor,Very Poor
1,2,1,2,2,2,3,3,1,3,2,4,1.69,2.346,Very Poor,Very Poor
1,2,1,2,1,2,3,3,2,3,3,4,1.69,2.346,Very Poor,Very Poor
1,2,1,2,1,2,1,4,1,3,4,4,1.46,2.462,Very Poor,Very Poor
4,2,4,2,4,2,4,4,4,3,4,4,3.54,2.462,Healthy,Poor
2,2,2,2,2,2,4,3,4,3,4,4,2.54,2.346,Poor,Very Poor
1,2,1,2,3,2,2,3,1,3,3,4,1.81,2.346,Very Poor,Very Poor
1,2,1,2,2,2,1,4,3,3,2,4,1.62,2.462,Very Poor,Poor
1,2,1,2,1,2,2,4,3,3,1,4,1.5,2.462,Very Poor,Very Poor
1,2,1,1,4,2,4,3,4,3,4,4,2.5,2.154,Poor,Very Poor
3,2,3,2,1,2,4,4,4,3,4,4,2.73,2.462,Moderately Healthy,Poor
1,2,1,2,2,2,4,4,1,3,2,4,1.81,2.462,Very Poor,Very Poor
1,2,1,2,1,2,4,4,4,3,3,4,1.96,2.462,Very Poor,Very Poor
4,2,4,1,1,2,3,3,4,3,4,4,2.96,2.154,Moderately Healthy,Poor
4,2,3,2,3,2,3,4,4,3,4,4,3.08,2.462,Moderately Healthy,Very Poor
3,2,3,2,3,2,3,3,4,3,4,4,2.92,2.346,Moderately Healthy,Very Poor
1,2,1,2,3,2,4,3,4,3,4,4,2.35,2.346,Very Poor,Very Poor
2,2,1,2,2,2,2,4,1,3,4,4,1.88,2.462,Very Poor,Poor
1,2,1,2,1,2,1,3,2,3,3,4,1.46,2.346,Very Poor,Very Poor
1,2,1,1,3,2,3,3,4,3,4,4,2.23,2.154,Very Poor,Very Poor
3,2,2,2,2,2,4,3,4,3,4,4,2.69,2.346,Moderately Healthy,Very Poor
1,2,1,2,3,2,4,3,3,3,4,4,2.27,2.346,Very Poor,Very Poor
2,2,2,1,4,2,4,3,4,3,4,4,2.85,2.154,Moderately Healthy,Very Poor
1,2,1,2,2,2,4,3,4,3,4,4,2.19,2.346,Very Poor,Very Poor
2,2,1,1,1,2,4,3,4,3,4,4,2.19,2.154,Very Poor,Very Poor
4,2,3,1,3,2,2,3,4,3,4,4,2.96,2.154,Moderately Healthy,Very Poor
1,2,1,1,3,2,4,3,4,3,4,4,2.35,2.154,Very Poor,Very Poor
1,2,1,2,1,2,4,4,3,3,4,4,1.96,2.462,Very Poor,Very Poor
1,2,1,2,1,2,4,3,2,3,2,4,1.73,2.346,Very Poor,Very Poor
1,2,1,2,2,2,4,3,3,3,4,4,2.12,2.346,Very Poor,Very Poor
1,2,1,1,1,2,4,3,3,3,3,4,1.88,2.154,Very Poor,Very Poor
1,2,1,2,1,2,4,4,4,3,4,4,2.04,2.462,Very Poor,Poor
3,2,2,1,1,2,4,3,4,3,4,4,2.54,2.154,Moderately Healthy,Very Poor
1,2,1,1,1,2,2,3,1,3,1,4,1.35,2.154,Very Poor,Very Poor
1,2,1,1,3,2,3,3,4,3,4,4,2.23,2.154,Very Poor,Very Poor
1,2,1,2,1,2,4,3,2,3,4,4,1.88,2.346,Very Poor,Very Poor
1,2,1,1,1,2,4,3,2,3,3,4,1.81,2.154,Very Poor,Very Poor
1,2,1,1,1,2,4,3,2,3,3,4,1.81,2.154,Very Poor,Very Poor
1,2,1,2,1,2,4,3,4,3,4,4,2.04,2.346,Very Poor,Very Poor
1,2,1,1,3,2,3,3,2,3,4,4,2.08,2.154,Very Poor,Very Poor
2,1,1,1,1,2,3,3,4,3,4,4,2.08,2.0,Very Poor,Very Poor
2,2,1,1,1,2,4,3,3,3,4,4,2.12,2.154,Very Poor,Very Poor
1,2,1,2,3,2,4,3,4,3,4,4,2.35,2.346,Very Poor,Very Poor
1,2,1,2,3,2,4,3,4,3,4,4,2.35,2.346,Very Poor,Poor
1,2,1,1,2,2,3,3,1,3,4,3,1.85,2.077,Very Poor,Very Poor
1,2,1,2,1,2,4,4,3,3,4,4,1.96,2.462,Very Poor,Poor
3,2,3,2,2,2,4,4,4,3,4,4,2.65,2.231,Poor,Poor
2,2,2,1,1,2,4,3,4,3,4,4,2.15,1.923,Poor,Very Poor
1,2,1,1,1,2,3,3,2,3,1,4,1.31,1.923,Very Poor,Very Poor
1,2,1,1,1,2,3,3,2,3,1,4,1.31,1.923,Very Poor,Very Poor
2,2,1,2,1,2,4,4,4,3,4,4,1.96,2.231,Very Poor,Very Poor
2,2,2,1,2,2,3,3,4,3,3,4,2.12,1.923,Poor,Very Poor
2,2,2,2,1,2,2,4,2,3,2,4,1.62,2.231,Poor,Poor
3,2,2,2,1,2,4,4,3,3,4,4,2.23,2.231,Poor,Poor
2,2,2,2,1,2,3,4,4,3,4,4,2.04,2.231,Poor,Poor
1,2,1,1,1,2,4,3,3,3,4,4,1.73,1.923,Very Poor,Very Poor
2,2,2,2,4,2,4,4,2,3,4,4,2.46,2.231,Poor,Poor
2,2,2,2,1,2,4,3,2,3,3,4,1.92,2.115,Poor,Very Poor
1,2,2,1,2,2,2,3,4,3,4,4,1.92,1.923,Poor,Very Poor
1,2,1,1,2,2,2,3,2,3,3,4,1.5,1.923,Very Poor,Very Poor
1,2,1,1,1,2,2,3,4,3,4,4,1.58,1.923,Very Poor,Very Poor
2,2,2,2,4,2,4,4,4,3,4,4,2.62,2.231,Poor,Very Poor
2,2,1,2,1,2,1,3,4,3,4,4,1.62,2.115,Very Poor,Poor
3,2,3,1,1,2,3,3,4,3,4,4,2.38,1.923,Poor,Very Poor
2,2,2,2,1,2,4,4,4,3,4,4,2.15,2.231,Poor,Very Poor
1,2,1,1,1,2,3,3,2,3,1,4,1.31,1.923,Very Poor,Very Poor
1,1,1,1,1,2,4,3,3,3,4,4,1.73,1.769,Very Poor,Very Poor
1,2,1,2,3,2,3,4,3,3,3,4,1.85,2.231,Very Poor,Very Poor
1,2,1,1,2,2,3,3,3,3,3,4,1.69,1.923,Very Poor,Very Poor
1,2,1,2,3,2,4,4,2,3,4,4,1.96,2.231,Very Poor,Poor
1,2,1,2,3,2,3,3,4,3,3,4,1.92,2.115,Very Poor,Very Poor
3,2,3,1,1,2,4,3,2,3,4,4,2.35,1.923,Poor,Very Poor
1,2,1,2,2,2,3,3,2,3,3,4,1.62,2.115,Very Poor,Very Poor
1,2,1,1,1,2,3,3,3,3,3,4,1.54,1.923,Very Poor,Very Poor
1,2,1,1,1,2,4,3,3,3,4,4,1.73,1.923,Very Poor,Very Poor
1,1,1,1,1,2,3,3,4,3,4,4,1.69,1.769,Very Poor,Very Poor
1,2,1,1,2,2,4,3,4,3,4,4,1.96,1.923,Very Poor,Very Poor
3,2,2,1,3,2,4,3,3,3,4,4,2.54,1.923,Poor,Very Poor
1,2,1,1,1,2,3,3,2,3,4,4,1.54,1.923,Very Poor,Very Poor
1,1,1,1,1,2,4,3,4,4,4,4,1.81,1.846,Very Poor,Very Poor
1,2,1,1,1,2,3,3,3,3,4,4,1.62,1.923,Very Poor,Very Poor
1,2,1,1,3,2,2,3,4,3,4,4,1.88,1.923,Very Poor,Very Poor
1,2,1,1,1,2,3,3,1,3,2,4,1.31,1.923,Very Poor,Very Poor
1,1,1,1,1,2,4,3,4,4,3,4,1.73,1.846,Very Poor,Very Poor
2,1,1,1,1,1,3,3,2,4,3,4,1.62,1.692,Very Poor,Very Poor
2,2,1,1,1,2,1,3,4,4,4,4,1.62,2.0,Very Poor,Very Poor
1,2,1,1,1,2,4,3,4,4,4,4,1.81,2.0,Very Poor,Very Poor
2,1,1,1,1,2,2,4,3,4,4,4,1.65,1.962,Very Poor,Very Poor
1,1,1,1,1,2,3,3,1,4,3,4,1.38,1.846,Very Poor,Very Poor
1,2,1,1,1,2,3,3,1,3,3,4,1.38,1.923,Very Poor,Very Poor
1,1,1,1,1,1,1,3,4,4,4,4,1.46,1.692,Very Poor,Very Poor
1,1,1,1,2,2,4,3,4,4,4,4,1.96,1.846,Very Poor,Very Poor
1,1,1,1,1,2,4,3,3,4,4,4,1.73,1.846,Very Poor,Very Poor
1,2,1,1,1,2,1,3,4,4,4,4,1.46,2.0,Very Poor,Very Poor
1,1,1,1,2,1,2,3,4,4,4,4,1.73,1.692,Very Poor,Very Poor
1,1,1,1,1,1,4,3,2,4,4,4,1.65,1.692,Very Poor,Very Poor
1,2,1,1,1,2,4,4,4,4,4,4,1.81,2.115,Very Poor,Poor
3,1,2,1,4,2,4,3,4,4,3,4,2.69,1.846,Poor,Very Poor
1,1,1,1,1,1,4,3,4,3,4,4,1.81,1.615,Very Poor,Very Poor
1,1,1,1,1,2,1,3,4,4,4,4,1.46,1.846,Very Poor,Very Poor
1,2,1,1,2,1,3,3,4,4,4,4,1.85,1.846,Very Poor,Very Poor
1,1,1,1,1,1,4,3,4,4,4,4,1.81,1.692,Very Poor,Very Poor
1,1,1,1,2,1,2,3,4,4,4,4,1.73,1.692,Very Poor,Very Poor
1,1,1,1,1,1,4,3,4,3,4,4,1.81,1.615,Very Poor,Very Poor
1,2,1,1,1,2,3,3,4,4,4,4,1.69,2.0,Very Poor,Very Poor
1,1,1,1,1,2,4,3,4,4,4,4,1.81,1.846,Very Poor,Very Poor
1,1,1,1,1,2,4,3,2,4,4,4,1.65,1.846,Very Poor,Very Poor
2,2,2,1,4,2,4,3,4,4,4,4,2.62,2.0,Poor,Very Poor
1,1,1,1,1,1,4,3,4,4,4,4,1.81,1.692,Very Poor,Very Poor
1,1,1,1,1,2,4,3,3,4,4,4,1.73,1.846,Very Poor,Very Poor
1,1,1,1,1,2,4,3,4,4,4,4,1.81,1.846,Very Poor,Very Poor
1,2,1,1,1,2,3,3,4,4,4,4,1.69,2.0,Very Poor,Very Poor
1,1,1,1,1,2,4,3,4,4,4,4,1.81,1.846,Very Poor,Very Poor
1,1,1,1,3,1,3,3,1,4,4,4,1.77,1.692,Very Poor,Very Poor
1,1,1,1,1,1,4,3,4,4,4,4,1.81,1.692,Very Poor,Very Poor
1,1,1,1,1,2,4,3,4,4,4,4,1.81,1.846,Very Poor,Very Poor
2,1,1,1,1,1,4,3,4,4,4,4,1.96,1.692,Very Poor,Very Poor
1,1,1,1,1,1,3,3,4,4,4,4,1.69,1.692,Very Poor,Very Poor
1,1,1,1,1,2,4,3,4,4,4,4,1.81,1.846,Very Poor,Very Poor
4,1,4,1,4,2,4,3,4,4,4,4,3.31,1.846,Poor,Very Poor
1,1,1,1,1,2,4,3,4,4,4,4,1.81,1.846,Very Poor,Very Poor
1,1,1,1,1,2,3,3,4,4,4,4,1.69,1.846,Very Poor,Very Poor
1,2,1,1,1,2,4,3,4,3,4,4,1.81,1.923,Very Poor,Very Poor
1,1,1,1,1,1,3,3,4,4,4,4,1.69,1.692,Very Poor,Very Poor
1,1,1,1,1,2,4,3,4,4,4,4,1.81,1.846,Very Poor,Very Poor
1,1,1,1,1,2,4,3,4,4,4,4,1.81,1.846,Very Poor,Very Poor
1,1,1,1,1,1,4,3,4,4,4,4,1.81,1.692,Very Poor,Very Poor
1,1,1,1,1,2,4,3,4,4,4,4,1.81,1.846,Very Poor,Very Poor
1,1,1,1,1,1,3,3,4,4,4,4,1.69,1.692,Very Poor,Very Poor
1,1,1,1,1,1,3,3,4,3,4,4,1.69,1.615,Very Poor,Very Poor
1,2,2,2,1,2,3,3,1,2,2,3,1.5,1.962,Very Poor,Poor
1,1,1,1,3,2,3,2,1,1,1,2,1.77,1.577,Very Poor,Very Poor
1,2,1,1,2,3,4,3,1,2,3,3,2.35,2.615,Very Poor,Poor
1,2,1,1,3,3,4,3,1,2,3,3,2.5,2.615,Very Poor,Poor
2,2,2,2,4,3,3,4,3,2,3,4,3.04,3.0,Moderately Healthy,Moderately Healthy
2,2,1,2,4,3,3,3,3,2,3,3,2.85,2.808,Poor,Poor
1,2,1,2,3,3,3,4,2,2,3,4,2.46,3.0,Very Poor,Poor
1,2,1,1,2,3,4,4,2,2,3,3,2.42,2.731,Very Poor,Poor
2,2,1,2,3,3,4,4,3,2,3,3,2.81,2.923,Poor,Poor
2,2,1,2,4,3,3,4,2,2,4,3,2.85,2.923,Poor,Moderately Healthy
2,2,2,2,2,3,4,4,2,2,4,3,2.85,2.923,Moderately Healthy,Moderately Healthy
2,2,1,1,4,3,3,4,2,2,3,3,2.77,2.731,Poor,Poor
1,2,1,1,2,3,4,4,1,2,4,3,2.42,2.731,Very Poor,Poor
2,2,1,2,3,3,4,4,2,2,3,3,2.73,2.923,Poor,Poor
1,2,1,2,3,3,4,4,2,2,4,3,2.65,2.923,Poor,Poor
2,2,2,1,3,3,4,4,3,2,3,3,3.0,2.731,Moderately Healthy,Poor
2,2,2,2,2,3,4,4,2,3,4,3,2.85,3.0,Moderately Healthy,Moderately Healthy
1,2,1,1,4,3,4,4,3,2,4,3,2.88,2.731,Poor,Poor
3,2,2,2,3,3,4,4,3,2,4,4,3.23,3.0,Moderately Healthy,Moderately Healthy
1,2,1,1,2,3,3,4,2,2,3,3,2.31,2.731,Very Poor,Poor
1,2,1,1,3,3,4,4,2,2,3,3,2.58,2.731,Poor,Poor
1,2,1,1,1,3,3,4,1,2,3,3,2.08,2.731,Very Poor,Poor
1,2,1,1,2,3,4,4,2,2,3,3,2.42,2.731,Very Poor,Poor
2,2,2,2,3,3,4,4,2,3,3,4,2.92,3.077,Moderately Healthy,Moderately Healthy
1,2,1,1,3,3,4,4,3,2,3,3,2.65,2.731,Poor,Poor
3,2,2,1,4,3,4,4,1,2,4,3,3.23,2.731,Moderately Healthy,Poor
1,2,1,2,4,3,4,4,3,3,4,4,2.88,3.077,Poor,Poor
2,2,2,2,2,3,3,4,2,3,4,4,2.73,3.077,Moderately Healthy,Poor
2,2,2,1,1,3,4,4,3,2,4,3,2.77,2.731,Moderately Healthy,Poor
2,2,2,2,4,3,3,4,3,2,4,3,3.12,2.923,Moderately Healthy,Poor
1,2,1,1,4,3,4,4,2,2,3,3,2.73,2.731,Poor,Poor
3,2,2,1,2,3,4,4,3,2,4,3,3.08,2.731,Moderately Healthy,Poor
1,2,1,1,1,3,4,4,1,2,4,3,2.27,2.731,Very Poor,Poor
1,2,1,2,2,3,4,4,2,3,3,4,2.42,3.077,Very Poor,Moderately Healthy
2,2,2,2,4,3,4,4,4,3,4,4,3.31,3.077,Moderately Healthy,Moderately Healthy
1,2,1,1,2,3,4,4,2,2,4,3,2.5,2.731,Poor,Poor
2,2,2,1,2,3,4,4,2,2,4,3,2.85,2.731,Moderately Healthy,Poor
2,2,1,1,4,3,3,4,1,2,4,3,2.77,2.731,Poor,Poor
2,2,1,1,3,3,4,4,3,2,3,3,2.81,2.731,Poor,Poor
1,2,1,2,1,3,4,4,1,3,3,4,2.19,3.077,Very Poor,Moderately Healthy
2,2,2,1,4,3,3,4,2,2,2,3,2.88,2.731,Moderately Healthy,Poor
2,2,2,1,3,3,3,4,3,2,4,3,2.96,2.731,Moderately Healthy,Poor
3,2,2,1,3,3,4,4,3,2,3,3,3.15,2.731,Moderately Healthy,Poor
2,2,1,2,4,3,4,4,2,3,3,4,2.88,3.077,Poor,Moderately Healthy
1,2,1,1,4,3,3,4,2,2,3,3,2.62,2.731,Poor,Poor
1,2,1,1,4,3,3,4,3,2,4,3,2.77,2.731,Poor,Poor
2,2,2,2,4,3,4,4,3,3,3,4,3.15,3.077,Moderately Healthy,Moderately Healthy
1,2,1,2,3,3,4,4,3,2,4,4,2.73,3.0,Poor,Poor
1,2,1,1,4,3,4,4,2,2,4,3,2.81,2.731,Poor,Poor
1,2,1,1,4,3,4,4,2,2,4,3,2.81,2.731,Poor,Poor
1,2,1,1,3,3,4,4,2,2,4,3,2.65,2.731,Poor,Poor
1,2,2,2,1,3,4,4,3,2,3,4,2.54,3.0,Moderately Healthy,Poor
1,2,1,1,4,3,4,4,2,2,4,3,2.81,2.731,Poor,Poor
1,2,1,1,2,3,4,4,1,2,2,3,2.27,2.731,Very Poor,Poor
2,2,1,1,4,3,3,4,3,2,2,3,2.77,2.731,Poor,Poor
2,2,1,2,3,3,3,4,2,3,3,4,2.62,3.077,Poor,Moderately Healthy
2,2,1,1,3,3,4,4,2,2,3,3,2.73,2.731,Poor,Poor
1,2,1,2,3,3,3,4,1,2,4,3,2.46,2.923,Very Poor,Poor
1,2,1,1,3,3,4,4,2,2,4,3,2.65,2.731,Poor,Poor
2,2,2,2,3,3,4,4,2,2,4,3,3.0,2.923,Moderately Healthy,Poor
1,2,1,2,4,3,4,4,1,2,4,3,2.73,2.923,Very Poor,Poor
1,2,1,1,4,3,3,4,1,2,3,3,2.54,2.731,Very Poor,Poor
2,2,1,1,4,3,4,4,4,2,3,3,3.04,2.731,Poor,Poor
3,2,2,1,4,3,4,4,3,2,4,3,3.38,2.731,Moderately Healthy,Poor
1,2,1,2,4,3,4,4,2,2,3,3,2.73,2.923,Poor,Poor
2,2,1,1,2,3,3,4,1,2,4,3,2.46,2.731,Very Poor,Poor
2,2,1,1,4,3,4,4,2,2,4,3,2.96,2.731,Poor,Poor
1,2,1,2,4,3,2,4,3,2,2,3,2.5,2.923,Poor,Poor
1,2,1,1,1,3,4,4,1,2,3,3,2.19,2.731,Very Poor,Poor
2,2,1,1,2,3,4,4,2,2,4,3,2.65,2.731,Poor,Poor
2,1,2,1,4,3,4,4,2,2,4,3,3.15,2.577,Moderately Healthy,Poor
3,2,2,2,1,3,4,4,3,2,4,3,2.92,2.923,Moderately Healthy,Poor
3,2,2,2,1,3,4,4,3,2,4,3,2.92,2.923,Moderately Healthy,Poor
1,2,1,1,3,3,4,4,2,2,4,3,2.65,2.731,Poor,Poor
1,2,1,1,4,4,4,4,1,2,3,3,2.65,2.885,Very Poor,Poor
1,2,1,1,2,3,4,4,1,2,3,3,2.35,2.731,Very Poor,Poor
2,2,1,1,4,3,3,4,3,2,2,3,2.77,2.731,Poor,Poor
1,2,1,1,4,3,3,4,1,2,3,3,2.54,2.731,Very Poor,Poor
1,2,1,1,1,3,4,4,2,2,3,3,2.27,2.731,Very Poor,Poor
1,2,1,1,4,3,4,4,2,2,3,3,2.73,2.731,Poor,Poor
1,2,1,2,4,3,4,4,2,2,3,3,2.73,2.923,Poor,Poor
1,2,1,1,4,3,4,4,2,2,4,3,2.81,2.731,Poor,Poor
2,2,2,1,4,3,4,4,3,2,4,3,3.23,2.731,Moderately Healthy,Poor
2,2,1,2,4,3,4,4,3,2,2,3,2.88,2.923,Poor,Poor
2,2,1,2,4,3,4,4,3,2,3,3,2.96,2.923,Poor,Poor
1,2,2,1,4,3,4,4,3,2,4,3,3.08,2.731,Moderately Healthy,Poor
2,2,1,1,2,3,4,4,3,2,3,3,2.65,2.731,Poor,Poor
2,2,1,2,4,3,4,4,3,2,3,3,2.96,2.923,Poor,Poor
2,2,2,1,3,3,4,4,2,2,3,3,2.92,2.731,Moderately Healthy,Poor
1,2,1,1,2,3,4,4,3,2,4,3,2.58,2.731,Poor,Poor
2,2,2,1,4,3,4,4,4,2,4,3,3.31,2.731,Moderately Healthy,Poor
2,2,2,1,3,3,4,4,2,2,3,3,2.92,2.731,Moderately Healthy,Poor
2,2,1,1,2,3,4,4,2,2,3,3,2.58,2.731,Poor,Poor
2,2,1,1,2,3,2,4,2,2,2,3,2.27,2.731,Very Poor,Poor
2,2,2,1,4,3,4,4,3,2,3,3,3.15,2.731,Moderately Healthy,Poor
1,2,1,2,4,3,4,4,2,2,4,3,2.81,2.923,Poor,Poor
1,2,1,1,4,3,4,4,1,2,3,3,2.65,2.731,Very Poor,Poor
2,2,2,2,4,3,4,4,2,2,3,3,3.08,2.923,Moderately Healthy,Poor
1,2,1,1,4,3,4,4,3,2,4,3,2.88,2.731,Poor,Poor
1,2,1,1,3,3,3,4,2,2,3,3,2.46,2.731,Very Poor,Poor
2,2,2,1,3,3,4,4,2,2,4,3,3.0,2.731,Moderately Healthy,Poor
2,2,2,1,3,3,4,4,2,2,4,3,3.0,2.731,Moderately Healthy,Poor
1,2,1,2,4,3,4,4,2,2,3,3,2.73,2.923,Poor,Poor
1,2,1,1,4,3,4,4,2,2,3,3,2.73,2.731,Poor,Poor
2,2,1,1,4,3,3,4,1,2,3,3,2.69,2.731,Poor,Poor
2,2,1,1,4,3,3,4,1,2,3,3,2.69,2.731,Poor,Poor
1,2,1,2,2,3,4,4,1,2,4,3,2.42,2.923,Very Poor,Poor
1,2,1,2,1,3,3,4,1,2,3,3,2.08,2.923,Very Poor,Poor
1,2,1,2,2,3,3,4,3,2,4,3,2.46,2.923,Very Poor,Poor
2,2,2,1,4,4,4,4,4,2,4,3,3.31,2.885,Moderately Healthy,Poor
2,2,1,1,3,3,4,4,2,2,3,3,2.73,2.731,Poor,Poor
1,2,1,2,2,3,4,4,1,2,3,3,2.35,2.923,Very Poor,Poor
2,2,2,1,4,4,4,4,3,2,4,3,3.23,2.885,Moderately Healthy,Poor
1,2,1,2,3,3,3,4,1,3,3,4,2.38,3.077,Very Poor,Poor
2,2,1,1,4,3,4,4,3,2,3,3,2.96,2.731,Poor,Poor
1,2,1,2,4,3,4,4,2,2,3,3,2.73,2.923,Poor,Poor
2,2,2,2,4,3,3,4,3,2,4,3,3.12,2.923,Moderately Healthy,Poor
2,2,1,2,4,3,4,4,3,3,4,3,3.04,3.0,Poor,Poor
2,2,1,2,3,3,4,4,3,2,3,3,2.81,2.923,Poor,Poor
2,2,2,2,4,3,4,4,3,2,4,3,3.23,2.923,Moderately Healthy,Poor
1,2,1,2,3,3,2,4,2,3,4,3,2.42,3.0,Very Poor,Poor
4,2,3,2,4,3,4,4,2,2,3,3,3.58,2.923,Healthy,Moderately Healthy
3,2,2,2,3,3,4,4,2,2,3,3,3.08,2.923,Moderately Healthy,Poor
2,2,2,2,4,3,4,4,3,3,3,4,3.15,3.077,Moderately Healthy,Healthy
1,2,1,2,4,3,4,4,2,3,4,3,2.81,3.0,Poor,Poor
1,2,1,2,4,3,4,4,2,2,3,3,2.73,2.923,Poor,Moderately Healthy
2,2,2,2,4,3,4,4,3,2,4,4,3.23,3.0,Moderately Healthy,Moderately Healthy
2,2,2,2,4,3,4,4,2,2,3,3,3.08,2.923,Moderately Healthy,Moderately Healthy
1,2,2,2,2,3,4,4,3,2,4,3,2.77,2.923,Moderately Healthy,Poor
2,2,2,2,4,3,4,4,4,2,4,4,3.31,3.0,Moderately Healthy,Moderately Healthy
1,2,1,2,4,3,4,4,3,3,3,4,2.81,3.077,Poor,Poor
1,2,1,2,4,3,4,4,2,2,4,4,2.81,3.0,Poor,Poor
2,2,2,1,4,3,2,4,1,2,3,3,2.77,2.731,Moderately Healthy,Poor
2,2,1,2,3,3,4,4,3,2,3,3,2.81,2.923,Poor,Poor
1,2,1,2,1,3,3,4,2,3,4,4,2.23,3.077,Very Poor,Poor
1,2,1,2,4,3,3,4,3,3,2,3,2.62,3.0,Poor,Poor
1,2,1,2,4,3,4,4,2,2,4,4,2.81,3.0,Poor,Moderately Healthy
1,2,1,2,4,3,4,4,2,2,4,3,2.81,2.923,Poor,Poor
1,2,1,2,3,3,3,4,2,3,3,4,2.46,3.077,Very Poor,Poor
2,2,1,2,3,3,4,4,2,3,4,3,2.81,3.0,Poor,Poor
1,2,1,2,4,3,4,4,3,3,4,4,2.88,3.077,Poor,Poor
1,2,1,2,4,3,4,4,2,3,4,4,2.81,3.077,Poor,Moderately Healthy
1,2,1,2,4,3,2,4,2,3,2,4,2.42,3.077,Very Poor,Poor
1,2,1,2,3,3,4,4,2,2,4,3,2.65,2.923,Poor,Moderately Healthy
1,2,1,2,4,3,4,4,1,2,3,4,2.65,3.0,Very Poor,Poor
1,2,1,2,1,3,2,4,2,3,2,4,1.96,3.077,Very Poor,Poor
1,2,1,2,1,3,4,4,2,3,4,4,2.35,3.077,Very Poor,Moderately Healthy
1,2,1,2,1,2,4,4,2,3,4,4,2.12,2.692,Very Poor,Moderately Healthy
1,2,1,1,1,2,4,4,1,3,3,4,1.96,2.5,Very Poor,Poor
1,2,1,1,1,2,4,4,3,3,3,3,2.12,2.423,Very Poor,Poor
1,2,1,1,1,2,1,4,1,3,4,4,1.69,2.5,Very Poor,Very Poor
1,2,1,1,1,2,3,4,2,2,2,4,1.85,2.423,Very Poor,Very Poor
1,2,1,1,3,2,4,4,2,2,4,3,2.42,2.346,Very Poor,Very Poor
1,2,1,2,1,2,4,4,1,3,3,4,1.96,2.692,Very Poor,Very Poor
2,2,2,1,4,2,4,4,2,3,4,4,2.92,2.5,Moderately Healthy,Moderately Healthy
2,2,2,1,4,2,4,4,3,3,4,3,3.0,2.423,Moderately Healthy,Very Poor
1,2,1,1,1,2,3,4,1,3,3,4,1.85,2.5,Very Poor,Moderately Healthy
1,2,1,1,3,2,4,4,2,3,2,4,2.27,2.5,Very Poor,Very Poor
2,2,2,1,1,2,4,4,4,3,4,4,2.62,2.5,Moderately Healthy,Very Poor
1,2,1,1,1,2,4,4,2,3,4,4,2.12,2.5,Very Poor,Very Poor
1,2,1,1,1,2,4,4,2,2,2,3,1.96,2.346,Very Poor,Very Poor
1,2,1,1,3,2,4,4,2,3,4,3,2.42,2.423,Very Poor,Very Poor
1,2,1,1,1,2,3,4,1,2,3,3,1.85,2.346,Very Poor,Very Poor
1,2,1,1,1,2,3,4,3,3,4,3,2.08,2.423,Very Poor,Very Poor
2,2,2,1,1,2,4,4,2,2,4,3,2.46,2.346,Poor,Very Poor
1,2,1,2,1,2,4,4,2,3,4,4,2.12,2.692,Very Poor,Moderately Healthy
1,2,1,1,1,2,4,4,3,3,3,3,2.12,2.423,Very Poor,Very Poor
1,2,1,2,1,2,3,4,2,3,4,4,2.0,2.692,Very Poor,Moderately Healthy
2,2,2,1,4,2,4,4,4,3,4,4,3.08,2.5,Moderately Healthy,Very Poor
1,2,1,1,1,2,4,4,1,2,3,3,1.96,2.346,Very Poor,Poor
1,2,1,1,3,2,3,4,3,3,4,4,2.38,2.5,Very Poor,Very Poor
1,2,1,1,1,2,4,4,1,3,3,4,1.96,2.5,Very Poor,Very Poor
1,2,1,1,2,2,4,4,2,3,3,4,2.19,2.5,Very Poor,Very Poor
2,2,2,1,3,2,4,4,2,3,4,3,2.77,2.423,Moderately Healthy,Very Poor
2,2,2,1,4,2,4,4,2,2,3,3,2.85,2.346,Moderately Healthy,Very Poor
2,2,2,2,4,2,4,4,2,3,4,4,2.92,2.692,Moderately Healthy,Very Poor
1,2,1,1,1,2,4,4,2,3,3,3,2.04,2.423,Very Poor,Moderately Healthy
3,2,3,1,1,2,3,4,1,3,4,3,2.62,2.423,Moderately Healthy,Very Poor
1,2,1,1,1,2,3,4,3,3,3,4,2.0,2.5,Very Poor,Very Poor
2,2,1,1,1,2,3,4,2,3,4,3,2.15,2.423,Very Poor,Very Poor
1,2,1,1,1,2,4,4,1,3,3,4,1.96,2.5,Very Poor,Very Poor
2,2,1,1,1,2,3,4,1,3,4,4,2.08,2.5,Very Poor,Very Poor
1,2,1,2,1,2,4,4,2,3,4,4,2.12,2.692,Very Poor,Moderately Healthy
1,2,1,1,2,2,4,4,2,2,3,3,2.19,2.346,Very Poor,Very Poor
2,2,2,1,3,2,4,4,3,2,3,3,2.77,2.346,Moderately Healthy,Very Poor
1,2,1,1,3,2,4,4,1,3,4,4,2.35,2.5,Very Poor,Very Poor
1,2,1,1,1,2,3,4,1,3,3,4,1.85,2.5,Very Poor,Very Poor
1,2,1,1,1,2,4,4,2,3,3,4,2.04,2.5,Very Poor,Very Poor
1,2,1,1,1,2,3,4,1,3,4,4,1.92,2.5,Very Poor,Moderately Healthy
2,2,2,1,1,2,4,4,3,2,4,3,2.54,2.346,Moderately Healthy,Very Poor
2,2,2,1,2,2,4,4,3,3,4,4,2.69,2.5,Moderately Healthy,Very Poor
3,2,3,1,2,2,4,4,3,2,4,3,3.04,2.346,Moderately Healthy,Very Poor
1,2,1,1,4,2,4,4,2,2,4,3,2.58,2.346,Poor,Very Poor
1,2,1,1,1,2,3,4,1,3,3,3,1.85,2.423,Very Poor,Very Poor
1,2,1,1,1,2,4,4,3,2,2,3,2.04,2.346,Very Poor,Very Poor
2,2,1,2,4,2,4,4,4,3,3,4,2.81,2.692,Poor,Very Poor
1,2,2,1,2,2,4,4,4,3,4,4,2.62,2.5,Moderately Healthy,Very Poor
2,2,1,1,1,2,3,4,1,3,4,4,2.08,2.5,Very Poor,Very Poor
2,2,2,1,3,2,4,4,4,3,3,4,2.85,2.5,Moderately Healthy,Very Poor
2,2,2,1,1,2,3,4,2,2,3,3,2.27,2.346,Poor,Very Poor
1,2,1,1,2,2,4,4,3,3,3,3,2.27,2.423,Very Poor,Very Poor
1,2,1,1,1,2,4,4,2,3,4,3,2.12,2.423,Very Poor,Very Poor
1,2,1,1,1,2,3,4,1,3,4,4,1.92,2.5,Very Poor,Very Poor
1,2,1,2,3,2,3,4,2,3,2,4,2.15,2.692,Very Poor,Very Poor
1,2,1,1,1,2,3,4,1,3,4,4,1.92,2.5,Very Poor,Very Poor
1,2,1,1,1,2,4,4,1,3,3,4,1.96,2.5,Very Poor,Very Poor
1,2,1,1,1,2,4,4,1,3,3,3,1.96,2.423,Very Poor,Very Poor
1,2,1,1,2,2,4,4,2,3,3,4,2.19,2.5,Very Poor,Very Poor
1,2,1,2,3,2,4,4,3,3,4,4,2.5,2.692,Poor,Moderately Healthy
1,2,1,1,3,2,3,4,1,3,2,4,2.08,2.5,Very Poor,Very Poor
3,2,2,1,1,2,4,4,2,3,3,4,2.54,2.5,Moderately Healthy,Very Poor
1,2,1,2,1,2,4,4,2,3,4,4,2.12,2.692,Very Poor,Very Poor
1,2,1,1,1,2,4,4,1,3,3,3,1.96,2.423,Very Poor,Very Poor
1,2,1,1,1,2,4,4,1,3,3,3,1.96,2.423,Very Poor,Very Poor
2,2,1,1,1,2,1,4,2,3,3,4,1.85,2.5,Very Poor,Very Poor
1,2,1,1,2,2,3,4,2,3,2,3,2.0,2.423,Very Poor,Very Poor
1,2,1,1,1,2,3,4,2,3,4,3,2.0,2.423,Very Poor,Very Poor
1,2,1,1,1,2,4,4,2,3,4,3,2.12,2.423,Very Poor,Very Poor
1,2,1,1,1,2,4,4,2,3,3,4,2.04,2.5,Very Poor,Very Poor
1,2,1,1,1,2,4,4,2,3,3,4,2.04,2.5,Very Poor,Very Poor
1,2,1,1,2,2,3,4,3,3,4,4,2.23,2.5,Very Poor,Very Poor
1,2,1,1,1,2,3,4,2,2,2,3,1.85,2.346,Very Poor,Very Poor
1,2,1,1,3,2,4,4,4,3,3,4,2.27,2.269,Very Poor,Very Poor
2,2,1,1,1,2,3,4,1,3,3,4,1.77,2.269,Very Poor,Very Poor
2,2,1,1,1,2,3,4,4,3,2,3,1.92,2.192,Very Poor,Very Poor
1,1,1,1,2,2,4,4,2,2,3,3,1.96,1.962,Very Poor,Very Poor
3,2,2,1,1,2,4,4,4,3,4,4,2.54,2.269,Moderately Healthy,Very Poor
1,2,1,1,1,2,4,4,2,3,3,3,1.81,2.192,Very Poor,Very Poor
2,2,1,1,2,2,4,4,4,3,4,3,2.35,2.192,Very Poor,Very Poor
1,2,1,1,4,2,4,4,2,3,4,4,2.35,2.269,Very Poor,Very Poor
2,2,2,1,2,2,3,4,2,3,3,4,2.19,2.269,Poor,Very Poor
2,2,1,1,2,2,3,4,4,3,4,4,2.23,2.269,Very Poor,Very Poor
2,2,2,1,4,2,4,4,3,3,4,4,2.77,2.269,Moderately Healthy,Very Poor
1,2,1,1,1,2,4,4,1,2,4,3,1.81,2.115,Very Poor,Poor
1,2,1,1,1,2,3,4,4,2,3,3,1.85,2.115,Very Poor,Very Poor
2,2,2,1,1,2,4,4,2,3,3,4,2.15,2.269,Poor,Very Poor
2,2,2,1,1,2,4,4,2,3,4,4,2.23,2.269,Poor,Poor
1,2,1,1,1,2,4,4,1,3,3,3,1.73,2.192,Very Poor,Poor
3,2,2,1,2,2,4,4,3,3,4,4,2.62,2.269,Moderately Healthy,Very Poor
1,2,1,1,3,2,4,4,3,3,3,4,2.19,2.269,Very Poor,Poor
1,2,1,1,1,2,4,4,2,3,4,4,1.88,2.269,Very Poor,Very Poor
1,2,1,1,1,2,4,4,1,3,3,3,1.73,2.192,Very Poor,Very Poor
1,2,1,1,1,2,4,4,2,3,2,4,1.73,2.269,Very Poor,Very Poor
1,2,1,1,2,2,4,4,3,3,4,4,2.12,2.269,Very Poor,Very Poor
1,2,1,2,1,2,4,4,2,3,3,4,1.81,2.462,Very Poor,Poor
1,2,1,1,1,2,3,4,4,3,4,4,1.92,2.269,Very Poor,Very Poor
1,2,1,1,1,2,4,4,2,3,3,3,1.81,2.192,Very Poor,Very Poor
2,2,2,2,4,2,4,4,3,3,4,3,2.77,2.385,Moderately Healthy,Poor
2,2,1,1,4,2,4,4,4,3,4,4,2.65,2.269,Poor,Very Poor
1,2,1,1,3,2,4,4,2,3,3,3,2.12,2.192,Very Poor,Very Poor
3,2,2,1,2,2,4,4,3,3,4,4,2.62,2.269,Moderately Healthy,Very Poor
2,2,1,1,1,2,3,4,2,2,3,3,1.85,2.115,Very Poor,Very Poor
3,2,3,1,4,2,4,4,4,2,4,3,3.19,2.115,Moderately Healthy,Poor
2,2,1,2,4,2,4,4,3,3,4,4,2.58,2.462,Poor,Very Poor
1,2,1,1,1,2,4,4,3,3,4,3,1.96,2.192,Very Poor,Poor
1,2,1,1,1,2,4,4,2,3,3,3,1.81,2.192,Very Poor,Very Poor
1,2,1,1,4,2,4,4,2,3,3,4,2.27,2.269,Very Poor,Very Poor
2,2,1,2,3,2,3,4,4,3,3,4,2.31,2.462,Very Poor,Very Poor
2,2,1,1,4,2,3,4,4,3,4,4,2.54,2.269,Poor,Poor
1,2,1,1,2,2,4,4,4,3,4,4,2.19,2.269,Very Poor,Very Poor
1,2,1,1,1,2,3,4,2,3,3,4,1.69,2.269,Very Poor,Very Poor
2,2,2,1,4,2,4,4,4,3,4,4,2.85,2.269,Moderately Healthy,Very Poor
1,2,1,1,1,2,3,4,2,3,3,4,1.69,2.269,Very Poor,Poor
1,2,1,1,1,2,3,4,1,3,3,4,1.62,2.269,Very Poor,Very Poor
2,2,2,2,1,2,3,4,4,3,4,3,2.27,2.385,Poor,Very Poor
1,2,1,1,1,2,3,4,1,3,3,4,1.62,2.269,Very Poor,Very Poor
2,2,2,1,1,2,3,4,4,3,4,4,2.27,2.269,Poor,Very Poor
2,2,2,1,1,2,3,4,1,3,3,3,1.96,2.192,Poor,Poor
1,2,1,1,1,2,4,4,2,3,4,4,1.88,2.269,Very Poor,Very Poor
1,2,1,1,3,2,4,4,3,3,3,4,2.19,2.269,Very Poor,Very Poor
2,2,2,1,1,2,2,4,4,3,4,4,2.15,2.269,Poor,Very Poor
1,2,1,1,4,2,4,4,4,3,4,4,2.5,2.269,Poor,Poor
2,2,2,1,2,2,4,4,4,3,4,4,2.54,2.269,Poor,Very Poor
2,2,2,1,1,2,3,4,3,3,4,4,2.19,2.269,Poor,Very Poor
2,2,2,1,1,2,4,4,1,3,3,4,2.08,2.269,Poor,Very Poor
1,2,1,1,1,2,3,4,3,3,3,4,1.77,2.269,Very Poor,Very Poor
2,2,2,1,1,2,3,4,4,3,4,4,2.27,2.269,Poor,Poor
2,2,2,1,1,2,3,4,4,3,3,4,2.19,2.269,Poor,Very Poor
2,2,2,2,1,2,4,4,2,3,3,4,1.92,2.231,Poor,Very Poor
1,2,1,2,1,2,4,4,1,3,4,4,1.58,2.231,Very Poor,Very Poor
1,2,1,2,1,2,4,4,2,3,3,4,1.58,2.231,Very Poor,Poor
2,2,2,2,1,2,3,4,2,3,4,4,1.88,2.231,Poor,Very Poor
2,2,2,1,4,1,4,4,4,3,4,4,2.62,1.885,Poor,Very Poor
3,2,3,2,1,2,4,4,1,3,4,4,2.27,2.231,Very Poor,Very Poor
1,2,1,1,1,2,4,4,1,3,3,4,1.5,2.038,Very Poor,Very Poor
1,2,1,1,1,2,3,4,2,3,3,4,1.46,2.038,Very Poor,Very Poor
1,2,1,1,1,2,4,4,2,3,4,4,1.65,2.038,Very Poor,Very Poor
2,2,1,1,1,2,4,4,1,3,3,4,1.65,2.038,Very Poor,Very Poor
1,2,1,2,1,2,3,4,1,3,3,4,1.38,2.231,Very Poor,Very Poor
2,2,2,1,1,2,4,4,2,3,3,4,1.92,2.038,Poor,Very Poor
1,2,1,1,1,2,3,4,1,3,2,4,1.31,2.038,Very Poor,Very Poor
2,2,2,2,1,2,4,4,2,3,3,4,1.92,2.231,Poor,Very Poor
2,2,1,2,1,2,3,4,4,3,4,4,1.85,2.231,Very Poor,Very Poor
3,2,2,1,2,1,4,4,3,3,4,4,2.38,1.885,Poor,Very Poor
1,2,1,1,1,2,4,4,1,3,3,4,1.5,2.038,Very Poor,Very Poor
2,2,2,1,1,2,3,4,1,2,3,4,1.73,1.962,Very Poor,Very Poor
1,2,1,1,1,2,4,4,1,2,3,3,1.5,1.885,Very Poor,Very Poor
1,2,1,1,3,1,3,4,1,3,4,4,1.77,1.885,Very Poor,Very Poor
2,2,1,1,1,2,3,3,1,3,3,4,1.54,1.923,Very Poor,Very Poor
1,2,1,1,1,1,4,3,2,3,2,4,1.5,1.769,Very Poor,Very Poor
3,2,4,1,4,2,4,3,4,3,4,4,3.15,1.923,Poor,Very Poor
2,2,2,1,4,1,4,3,4,3,4,4,2.62,1.769,Poor,Very Poor
2,2,2,1,1,2,3,3,2,3,3,4,1.81,1.923,Poor,Very Poor
3,2,2,1,2,1,3,3,4,3,4,4,2.35,1.769,Poor,Very Poor
2,2,2,1,3,1,4,3,3,3,4,4,2.38,1.769,Poor,Very Poor
1,2,1,2,3,3,2,3,4,2,4,3,2.58,2.808,Poor,Very Poor
1,2,1,2,3,3,4,3,3,2,2,3,2.58,2.808,Poor,Very Poor
1,2,1,2,1,3,2,3,1,2,3,3,1.96,2.808,Very Poor,Moderately Healthy
1,2,1,2,1,3,3,3,4,2,4,3,2.38,2.808,Very Poor,Very Poor
1,2,1,2,3,3,2,3,1,2,3,3,2.27,2.808,Very Poor,Very Poor
2,2,1,2,4,3,4,3,1,2,3,3,2.81,2.808,Poor,Very Poor
1,2,1,2,4,3,2,3,1,2,3,3,2.42,2.808,Very Poor,Moderately Healthy
1,2,1,1,3,3,3,3,2,2,2,3,2.38,2.615,Very Poor,Very Poor
1,2,1,2,2,3,3,3,2,2,2,3,2.23,2.808,Very Poor,Very Poor
1,2,1,1,3,3,3,3,1,2,3,3,2.38,2.615,Very Poor,Very Poor
1,2,1,2,2,3,2,3,1,2,2,3,2.04,2.808,Very Poor,Moderately Healthy
2,2,2,2,1,2,4,4,2,3,4,4,2.46,2.692,Poor,Very Poor
2,2,1,2,1,2,4,4,4,3,3,4,2.35,2.692,Very Poor,Very Poor
2,2,2,2,2,2,4,4,2,3,3,4,2.31,2.462,Poor,Very Poor
2,2,2,2,2,2,4,4,2,3,3,4,2.31,2.462,Poor,Moderately Healthy
1,2,1,2,1,2,4,4,1,3,3,4,1.73,2.462,Very Poor,Moderately Healthy
2,2,1,2,1,2,4,4,1,3,3,4,1.88,2.462,Very Poor,Very Poor
1,2,1,1,1,2,2,3,2,3,3,4,1.35,1.923,Very Poor,Very Poor
3,2,3,2,3,3,4,3,1,1,4,3,2.58,2.038,Poor,Very Poor
3,2,3,1,4,2,3,3,1,1,3,3,2.54,1.692,Poor,Very Poor
1,2,1,2,4,3,3,3,1,1,2,3,1.77,2.038,Very Poor,Very Poor
2,2,1,2,4,3,3,3,1,1,2,3,1.92,2.038,Very Poor,Very Poor
3,2,2,1,1,2,3,3,2,1,3,3,1.96,1.692,Poor,Very Poor
2,2,2,1,4,2,4,3,1,1,3,3,2.31,1.692,Poor,Very Poor
1,2,1,1,2,3,2,3,1,1,3,3,1.42,1.846,Very Poor,Very Poor
1,2,1,2,3,3,3,3,1,1,3,3,1.69,2.038,Very Poor,Very Poor
2,2,2,2,4,3,3,3,1,1,2,3,2.35,2.269,Poor,Very Poor
3,2,2,2,1,3,2,3,1,1,4,3,2.08,2.269,Poor,Very Poor
1,2,1,2,2,3,3,3,2,1,3,3,1.85,2.269,Very Poor,Poor
2,2,1,2,4,3,3,3,1,1,3,3,2.23,2.269,Very Poor,Very Poor
2,2,1,2,3,3,3,3,1,1,2,3,2.0,2.269,Very Poor,Very Poor
2,2,1,2,3,3,4,3,1,1,2,3,2.12,2.269,Very Poor,Very Poor
2,2,1,2,3,3,3,3,1,1,2,3,2.0,2.269,Very Poor,Very Poor
3,2,3,2,1,3,3,3,1,1,4,3,2.38,2.269,Poor,Very Poor
1,2,1,2,3,3,4,3,3,1,3,3,2.19,2.269,Very Poor,Poor
2,2,2,2,3,3,3,3,2,1,4,3,2.42,2.269,Poor,Very Poor
2,2,1,2,4,3,3,3,1,1,2,3,2.15,2.269,Very Poor,Very Poor
3,2,2,2,1,3,4,3,2,1,4,3,2.38,2.269,Poor,Very Poor
1,2,1,2,3,3,4,3,2,1,3,3,2.12,2.269,Very Poor,Very Poor
1,2,1,2,4,2,3,3,1,1,3,3,2.08,2.115,Very Poor,Poor
3,2,3,2,3,2,3,3,1,1,2,3,2.54,2.115,Moderately Healthy,Very Poor
1,2,1,2,3,2,4,3,3,2,4,3,2.27,2.192,Very Poor,Very Poor
3,2,2,2,2,2,4,3,2,2,3,3,2.46,2.192,Poor,Poor
2,2,1,2,2,2,4,3,3,1,4,3,2.27,2.115,Very Poor,Very Poor
2,2,2,2,2,2,4,3,1,2,4,3,2.31,2.192,Poor,Very Poor
3,2,2,2,3,2,2,3,1,1,4,3,2.38,2.115,Poor,Very Poor
4,2,4,2,4,2,4,3,4,1,4,3,3.54,2.115,Healthy,Very Poor
3,2,3,2,2,2,4,3,3,1,4,3,3.04,2.346,Moderately Healthy,Very Poor
2,2,2,2,2,2,4,3,1,2,3,3,2.46,2.423,Poor,Very Poor
2,2,2,2,3,2,3,3,2,1,4,3,2.65,2.346,Moderately Healthy,Very Poor
2,2,1,2,2,2,3,3,1,2,3,3,2.15,2.423,Very Poor,Very Poor
2,2,2,2,3,2,3,3,1,2,2,3,2.42,2.423,Poor,Very Poor
1,2,1,2,2,3,2,3,1,2,3,3,1.88,2.577,Very Poor,Very Poor
2,2,1,2,4,2,3,3,2,2,4,3,2.62,2.423,Poor,Very Poor
1,2,1,2,4,2,3,3,1,2,3,3,2.31,2.423,Very Poor,Very Poor
4,2,4,2,3,2,3,3,3,2,4,3,3.42,2.423,Moderately Healthy,Very Poor
2,2,2,2,1,2,3,3,1,1,3,3,2.19,2.346,Poor,Very Poor
2,2,2,2,3,2,4,3,1,2,3,3,2.62,2.423,Moderately Healthy,Very Poor
2,2,2,2,3,2,4,3,1,1,3,3,2.62,2.346,Moderately Healthy,Very Poor
2,2,2,2,3,2,4,3,1,2,3,3,2.62,2.423,Moderately Healthy,Very Poor
2,2,1,2,4,2,2,3,2,2,3,3,2.42,2.423,Very Poor,Very Poor
2,2,2,2,1,2,4,3,2,2,3,3,2.38,2.423,Poor,Very Poor
3,2,3,2,4,3,4,3,2,2,4,3,3.27,2.577,Moderately Healthy,Very Poor
4,2,4,2,3,2,4,3,1,2,4,3,3.38,2.423,Moderately Healthy,Very Poor
3,2,2,2,1,2,4,3,3,2,4,3,2.69,2.423,Moderately Healthy,Very Poor
2,2,2,2,3,2,3,3,1,2,2,3,2.42,2.423,Poor,Very Poor
4,2,3,2,3,2,4,3,2,2,1,3,3.04,2.423,Moderately Healthy,Very Poor
3,2,3,2,1,2,4,3,3,2,4,3,2.88,2.423,Moderately Healthy,Very Poor
1,2,1,2,2,3,4,3,1,2,2,3,2.04,2.577,Very Poor,Very Poor
1,2,1,2,2,2,2,3,1,2,3,3,1.88,2.423,Very Poor,Very Poor
2,2,2,2,3,3,4,3,3,2,4,3,2.85,2.577,Moderately Healthy,Very Poor
2,2,2,2,1,3,4,3,3,2,3,3,2.46,2.577,Poor,Very Poor
1,2,1,2,3,2,1,3,1,2,3,3,1.92,2.423,Very Poor,Very Poor
3,2,2,2,2,2,4,3,3,2,4,3,2.85,2.423,Moderately Healthy,Very Poor
2,2,2,2,4,2,4,3,1,2,4,3,2.85,2.423,Moderately Healthy,Very Poor
1,2,1,2,4,2,4,3,2,2,3,3,2.5,2.423,Poor,Very Poor
2,2,1,2,3,3,3,3,1,2,3,3,2.31,2.577,Very Poor,Very Poor
2,2,1,2,3,2,4,3,1,2,4,3,2.5,2.423,Poor,Very Poor
1,2,1,2,2,2,4,3,1,2,4,3,2.19,2.423,Very Poor,Very Poor
1,2,1,2,3,2,4,3,2,2,3,3,2.35,2.423,Very Poor,Very Poor
3,2,3,2,3,2,4,3,3,2,4,3,3.19,2.423,Moderately Healthy,Very Poor
2,2,1,2,2,2,3,3,2,2,2,3,2.15,2.423,Very Poor,Very Poor
1,2,1,2,4,2,4,3,1,2,3,3,2.42,2.423,Very Poor,Moderately Healthy
2,2,2,2,3,2,3,3,1,2,3,3,2.5,2.423,Moderately Healthy,Very Poor
2,2,2,2,3,2,4,3,1,2,3,3,2.62,2.423,Moderately Healthy,Very Poor
3,2,3,2,1,3,4,3,3,2,4,3,2.88,2.577,Moderately Healthy,Very Poor
2,2,1,2,3,2,4,3,2,2,3,3,2.5,2.423,Poor,Moderately Healthy
3,2,2,2,3,2,3,3,1,2,3,3,2.65,2.423,Moderately Healthy,Very Poor
1,2,1,2,2,3,4,3,1,2,1,3,1.96,2.577,Very Poor,Moderately Healthy
1,2,1,1,1,2,3,3,1,2,2,3,1.77,2.231,Very Poor,Very Poor
2,2,1,2,3,3,4,3,2,2,2,3,2.42,2.577,Very Poor,Moderately Healthy
2,2,2,2,3,3,3,4,1,2,4,3,2.58,2.692,Moderately Healthy,Moderately Healthy
4,2,3,2,4,3,3,4,3,2,3,3,3.31,2.692,Moderately Healthy,Moderately Healthy
1,2,1,2,4,3,4,3,2,2,3,3,2.5,2.577,Poor,Very Poor
2,2,2,2,1,3,3,4,1,2,3,3,2.19,2.692,Poor,Moderately Healthy
1,2,1,2,4,3,4,3,1,2,2,3,2.35,2.577,Very Poor,Very Poor
2,2,2,2,3,3,4,3,1,2,3,3,2.62,2.577,Moderately Healthy,Very Poor
2,2,1,2,4,3,4,4,2,2,3,3,2.65,2.692,Poor,Moderately Healthy
3,2,2,2,3,3,3,3,2,2,4,3,2.81,2.577,Moderately Healthy,Moderately Healthy
1,2,1,2,2,3,3,3,2,2,3,3,2.08,2.577,Very Poor,Very Poor
2,2,2,2,2,3,1,3,2,2,3,3,2.19,2.577,Poor,Moderately Healthy
3,2,2,2,4,3,4,3,2,2,1,3,2.85,2.577,Moderately Healthy,Moderately Healthy
2,2,2,2,3,3,4,4,4,2,4,3,2.92,2.692,Moderately Healthy,Moderately Healthy
1,2,1,2,3,3,4,3,1,2,3,3,2.27,2.577,Very Poor,Very Poor
1,2,1,2,4,3,4,4,1,2,3,3,2.42,2.692,Very Poor,Moderately Healthy
2,2,2,2,3,3,4,4,1,2,2,3,2.54,2.692,Moderately Healthy,Moderately Healthy
1,2,1,2,3,3,3,4,1,2,2,3,2.08,2.692,Very Poor,Moderately Healthy
2,2,1,2,2,3,2,3,1,2,3,3,2.04,2.577,Very Poor,Very Poor
1,2,1,2,3,3,1,3,1,2,2,3,1.85,2.577,Very Poor,Very Poor
1,2,1,2,2,3,4,3,2,2,3,3,2.19,2.577,Very Poor,Very Poor
2,2,2,2,4,3,4,3,1,2,3,3,2.77,2.577,Moderately Healthy,Very Poor
3,2,3,2,2,3,4,4,3,2,4,3,3.04,2.692,Moderately Healthy,Moderately Healthy
3,2,3,2,3,3,3,4,2,2,4,3,3.0,2.692,Moderately Healthy,Moderately Healthy
3,2,3,2,2,3,4,4,3,2,4,3,3.04,2.692,Moderately Healthy,Moderately Healthy
3,2,2,2,1,3,4,3,1,2,2,3,2.38,2.577,Poor,Moderately Healthy
1,2,1,2,3,3,2,3,2,2,3,3,2.12,2.577,Very Poor,Very Poor
3,2,3,2,2,3,4,4,3,2,4,3,3.04,2.692,Moderately Healthy,Moderately Healthy
4,2,3,2,4,3,4,3,4,2,4,3,3.58,2.577,Healthy,Very Poor
2,2,2,2,4,3,3,4,2,2,3,3,2.73,2.692,Moderately Healthy,Moderately Healthy
3,2,2,2,2,3,3,3,1,2,3,3,2.5,2.577,Moderately Healthy,Moderately Healthy
3,2,2,2,3,3,4,4,2,2,4,3,2.92,2.692,Moderately Healthy,Moderately Healthy
3,2,2,2,3,3,4,4,3,2,4,3,3.0,2.692,Moderately Healthy,Moderately Healthy
3,2,2,2,1,3,3,4,1,2,4,3,2.42,2.692,Poor,Moderately Healthy
1,2,1,2,1,3,2,4,1,2,4,3,1.81,2.692,Very Poor,Moderately Healthy
1,2,1,2,4,3,4,3,2,2,3,3,2.73,2.808,Poor,Very Poor
2,2,2,2,4,3,3,3,2,2,3,3,2.96,2.808,Moderately Healthy,Moderately Healthy
1,2,1,2,1,3,3,4,2,2,3,3,2.15,2.923,Very Poor,Moderately Healthy
1,2,1,2,2,2,4,3,2,2,3,3,2.42,2.654,Very Poor,Very Poor
1,2,1,2,3,3,4,4,1,2,2,3,2.42,2.923,Very Poor,Moderately Healthy
2,2,1,2,3,3,4,4,1,2,3,3,2.65,2.923,Poor,Moderately Healthy
3,2,2,2,4,3,4,3,2,2,4,3,3.31,2.808,Moderately Healthy,Moderately Healthy
2,2,2,2,4,3,4,4,1,2,3,3,3.0,2.923,Moderately Healthy,Moderately Healthy
1,2,1,2,2,3,3,4,1,2,4,3,2.31,2.923,Very Poor,Moderately Healthy
2,2,1,2,1,3,4,3,2,2,4,3,2.5,2.808,Poor,Moderately Healthy
2,2,2,2,2,3,2,4,3,2,4,3,2.69,2.923,Moderately Healthy,Moderately Healthy
1,2,1,2,3,3,3,4,1,2,2,3,2.31,2.923,Very Poor,Moderately Healthy
1,2,1,2,2,3,3,4,1,2,2,3,2.15,2.923,Very Poor,Poor
3,2,2,2,4,3,4,3,1,2,2,3,3.08,2.808,Moderately Healthy,Very Poor
2,2,1,2,3,3,3,3,1,2,3,3,2.54,2.808,Poor,Moderately Healthy
3,2,2,2,2,3,4,4,3,2,4,3,3.08,2.923,Moderately Healthy,Moderately Healthy
2,2,1,2,4,3,4,3,1,2,4,3,2.88,2.808,Poor,Poor
4,2,3,2,4,3,4,4,4,2,4,3,3.81,2.923,Healthy,Moderately Healthy
2,2,2,2,3,3,4,4,1,2,4,3,2.92,2.923,Moderately Healthy,Moderately Healthy
2,2,2,2,3,3,3,4,3,2,4,3,2.96,2.923,Moderately Healthy,Moderately Healthy
2,2,2,2,3,3,3,3,3,2,4,3,2.96,2.808,Moderately Healthy,Moderately Healthy
2,2,1,2,3,3,4,4,2,2,3,3,2.73,2.923,Poor,Moderately Healthy
2,2,1,2,4,3,4,3,2,2,3,3,2.88,2.808,Poor,Moderately Healthy
3,2,2,2,3,3,4,4,2,2,4,3,3.15,2.923,Moderately Healthy,Moderately Healthy
1,2,1,2,1,3,3,4,2,2,3,4,2.15,3.0,Very Poor,Moderately Healthy
1,2,1,2,4,3,4,4,2,2,3,3,2.73,2.923,Poor,Moderately Healthy
1,2,1,2,3,3,3,3,1,2,3,3,2.38,2.808,Very Poor,Moderately Healthy
3,2,2,2,3,3,1,3,1,2,4,3,2.73,2.808,Moderately Healthy,Very Poor
3,2,2,2,3,3,1,4,1,2,4,3,2.73,2.923,Moderately Healthy,Moderately Healthy
3,2,2,2,2,3,2,4,2,2,3,3,2.69,2.923,Moderately Healthy,Moderately Healthy
1,2,1,2,3,3,4,4,1,2,2,3,2.42,2.923,Very Poor,Moderately Healthy
2,2,1,2,2,3,3,3,1,2,2,3,2.31,2.808,Very Poor,Very Poor
1,2,1,2,2,3,4,4,3,2,2,3,2.42,2.923,Very Poor,Poor
2,2,2,2,2,3,4,4,3,2,3,3,2.85,2.923,Moderately Healthy,Moderately Healthy
3,2,2,2,2,3,4,3,2,2,4,3,3.0,2.808,Moderately Healthy,Very Poor
2,2,2,2,4,3,4,4,1,2,4,3,3.08,2.923,Moderately Healthy,Moderately Healthy
1,2,1,2,3,3,4,3,2,2,3,3,2.58,2.808,Poor,Moderately Healthy
1,2,1,2,4,3,4,3,1,2,3,3,2.65,2.808,Very Poor,Moderately Healthy
3,2,3,2,3,3,4,4,3,2,4,3,3.42,2.923,Moderately Healthy,Moderately Healthy
2,2,2,2,4,3,4,4,2,2,4,3,3.15,2.923,Moderately Healthy,Moderately Healthy
1,2,1,2,4,3,4,4,2,2,3,3,2.73,2.923,Poor,Moderately Healthy
2,2,1,2,3,3,4,4,2,2,3,3,2.73,2.923,Poor,Poor
4,2,4,2,4,3,3,4,2,2,4,3,3.73,2.923,Healthy,Moderately Healthy
2,2,1,2,2,3,4,4,1,2,3,4,2.5,3.0,Poor,Moderately Healthy
2,2,1,2,2,3,4,3,1,2,3,3,2.5,2.808,Poor,Moderately Healthy
2,2,2,2,2,3,2,4,1,2,3,3,2.46,2.923,Poor,Moderately Healthy
3,2,2,2,1,3,4,4,2,2,4,3,2.85,2.923,Moderately Healthy,Poor
1,2,1,2,3,3,4,3,1,2,3,3,2.5,2.808,Very Poor,Moderately Healthy
2,2,2,2,2,3,4,3,3,2,4,3,2.92,2.808,Moderately Healthy,Moderately Healthy
1,2,1,2,1,3,4,3,2,2,3,3,2.27,2.808,Very Poor,Poor
3,2,2,2,2,3,4,4,3,2,4,3,3.08,2.923,Moderately Healthy,Moderately Healthy
2,2,1,2,2,3,4,4,2,2,4,3,2.65,2.923,Poor,Moderately Healthy
2,2,1,2,2,3,3,3,2,2,4,3,2.54,2.808,Poor,Moderately Healthy
2,2,1,2,3,2,4,3,2,2,3,3,2.73,2.654,Poor,Very Poor
2,2,1,2,3,3,4,4,2,2,3,3,2.73,2.923,Poor,Poor
1,2,1,2,3,3,4,3,1,2,2,3,2.42,2.808,Very Poor,Moderately Healthy
1,2,1,2,2,3,2,3,2,2,4,3,2.27,2.808,Very Poor,Moderately Healthy
1,2,1,2,3,3,4,3,3,2,4,3,2.73,2.808,Poor,Moderately Healthy
1,2,1,2,3,3,4,4,1,2,4,3,2.58,2.923,Very Poor,Moderately Healthy
2,2,1,2,4,3,4,4,1,2,4,3,2.88,2.923,Poor,Moderately Healthy
2,2,2,2,1,3,3,4,3,2,4,3,2.65,2.923,Moderately Healthy,Moderately Healthy
2,2,1,2,3,3,4,4,2,2,3,3,2.73,2.923,Poor,Moderately Healthy
2,2,2,2,4,3,4,3,2,2,3,3,3.08,2.808,Moderately Healthy,Moderately Healthy
1,2,1,2,4,3,4,4,2,2,3,3,2.73,2.923,Poor,Poor
2,2,2,2,3,3,4,4,2,2,2,3,2.85,2.923,Moderately Healthy,Moderately Healthy
3,2,2,2,2,3,4,4,4,2,4,3,3.15,2.923,Moderately Healthy,Moderately Healthy
2,2,1,2,3,3,4,4,1,2,4,3,2.73,2.923,Poor,Moderately Healthy
2,2,2,2,3,3,3,4,3,2,3,3,2.88,2.923,Moderately Healthy,Moderately Healthy
2,2,2,2,2,3,3,4,1,2,2,3,2.5,2.923,Moderately Healthy,Moderately Healthy
2,2,2,2,4,3,4,4,1,2,3,3,3.0,2.923,Moderately Healthy,Moderately Healthy
1,2,1,2,3,3,4,4,1,2,4,3,2.58,2.923,Very Poor,Poor
2,2,1,2,3,3,4,4,1,2,4,3,2.73,2.923,Poor,Moderately Healthy
1,2,1,2,4,3,3,4,1,2,3,3,2.54,2.923,Very Poor,Moderately Healthy
1,2,1,2,3,3,3,4,4,2,3,3,2.62,2.923,Poor,Moderately Healthy
1,2,1,2,4,3,4,4,1,2,4,3,2.73,2.923,Very Poor,Moderately Healthy
1,2,1,2,2,3,3,4,2,2,3,3,2.31,2.923,Very Poor,Poor
1,2,1,2,4,3,3,4,3,2,2,3,2.62,2.923,Poor,Moderately Healthy
2,2,1,2,3,3,4,4,2,2,4,3,2.81,2.923,Poor,Moderately Healthy
2,2,2,2,2,3,4,4,1,3,4,4,2.77,3.077,Moderately Healthy,Moderately Healthy
3,2,2,2,4,3,4,4,2,3,3,4,3.23,3.077,Moderately Healthy,Moderately Healthy
2,2,1,2,2,3,4,4,4,2,4,4,2.81,3.0,Poor,Moderately Healthy
2,3,2,2,2,3,2,4,4,3,2,4,2.62,3.231,Moderately Healthy,Healthy
2,2,2,2,3,3,4,4,2,2,3,4,2.92,3.0,Moderately Healthy,Moderately Healthy
3,2,2,2,3,3,4,4,3,2,4,4,3.23,3.0,Moderately Healthy,Moderately Healthy
2,2,2,2,2,3,4,4,2,3,4,4,2.85,3.077,Moderately Healthy,Healthy
1,2,1,2,3,3,4,4,1,2,4,4,2.58,3.0,Very Poor,Moderately Healthy
