fid             , centroid_lat         , centroid_lon      , phaq, phkc, area    , county                                                                         , county_iso
ken_soil_ph.1   , 5.165039319246914    , 35.36799708697331 ,  8.0,  6.9, 0.220366, Eastern Equatoria الاستوائية الشرقية                                           , SS-EE
ken_soil_ph.2   , 5.101475256284636    , 35.674074945410055,  9.1,  8.1, 0.05905 , Eastern Equatoria الاستوائية الشرقية                                           , SS-EE
ken_soil_ph.3   , 5.05938047732152     , 35.82796910823764 ,  7.9,  7.2, 0.016689, ደቡብ ኢትዮጵያ ክልላዊ መንግስት South Ethiopia Regional State ولاية جنوب إثيوبيا الإقليمية, 
ken_soil_ph.5   , 5.016486189281491    , 35.01507700025764 ,  7.9,  7.2, 0.015205, Eastern Equatoria الاستوائية الشرقية                                           , SS-EE
ken_soil_ph.6   , 5.006009979571135    , 35.25431520885513 ,  7.7,  6.9, 0.004159, Eastern Equatoria الاستوائية الشرقية                                           , SS-EE
ken_soil_ph.7   , 4.59270187610315     , 35.653830452546494,  8.0,  6.9, 0.108965, Turkana                                                                        , KE-43
ken_soil_ph.11  , 4.729390166661495    , 35.01937566169312 ,  9.1,  8.1, 0.029   , Eastern Equatoria الاستوائية الشرقية                                           , SS-EE
ken_soil_ph.12  , 4.574337428079993    , 34.65618999562875 ,  9.1,  8.1, 0.156506, Turkana                                                                        , KE-43
ken_soil_ph.13  , 4.883181331085532    , 35.12685542204676 ,  7.7,  6.9, 0.011298, Eastern Equatoria الاستوائية الشرقية                                           , SS-EE
ken_soil_ph.14  , 4.674135572973799    , 35.09546904700415 ,  8.0,  6.9, 0.055064, Eastern Equatoria الاستوائية الشرقية                                           , SS-EE
ken_soil_ph.18  , 3.9459879822084436   , 35.22866601295756 ,  8.0,  6.9, 0.268425, Turkana                                                                        , KE-43
ken_soil_ph.20  , 4.014257082123868    , 35.52290135070004 ,  7.7,  6.9, 0.249088, Turkana                                                                        , KE-43
ken_soil_ph.25  , 4.6317774840571495   , 35.15560959328801 ,  9.2,  8.2, 0.002125, Eastern Equatoria الاستوائية الشرقية                                           , SS-EE
ken_soil_ph.26  , 4.182499571995748    , 34.90730455520339 ,  7.9,  7.2, 0.141568, Turkana                                                                        , KE-43
ken_soil_ph.27  , 4.508960422319226    , 34.57830359987716 ,  7.9,  7.2, 0.017708, Turkana                                                                        , KE-43
ken_soil_ph.30  , 4.404585313486013    , 34.4588676990141  ,  8.0,  6.9, 0.024248, Turkana                                                                        , KE-43
ken_soil_ph.31  , 4.388825390250375    , 34.38894666796699 ,  9.2,  8.2, 0.013223, Turkana                                                                        , KE-43
ken_soil_ph.32  , 4.353963337607701    , 34.30882257047151 ,  8.0,  6.9, 0.01389 , Turkana                                                                        , KE-43
ken_soil_ph.36  , 4.343587946570429    , 34.24980696638518 ,  7.9,  7.2, 0.007046, Turkana                                                                        , KE-43
ken_soil_ph.38  , 4.2748625935411635   , 34.17157995022592 ,  9.1,  8.1, 0.031632, Eastern Equatoria الاستوائية الشرقية                                           , SS-EE
ken_soil_ph.42  , 4.437536421529336    , 36.66863485192832 ,  8.5,  7.3, 0.000662, Marsabit                                                                       , KE-25
ken_soil_ph.44  , 4.118624364598469    , 36.36361526978203 ,  7.8,  7.0, 0.139502, Marsabit                                                                       , KE-25
ken_soil_ph.45  , 4.414402669680686    , 36.717194820234994,  9.0,  6.6, 0.002809, Marsabit                                                                       , KE-25
ken_soil_ph.46  , 4.3604074706466704   , 35.17194128396175 ,  9.2,  8.2, 0.005999, Turkana                                                                        , KE-43
ken_soil_ph.47  , 4.3493406979333855   , 34.169636019843   ,  7.9,  7.2, 0.004519, Eastern Equatoria الاستوائية الشرقية                                           , SS-EE
ken_soil_ph.48  , 4.355919505775988    , 35.03775678371232 ,  9.1,  8.1, 0.002415, Turkana                                                                        , KE-43
ken_soil_ph.53  , 4.135403760973623    , 34.245855508363356,  7.4,  5.5, 0.021051, Turkana                                                                        , KE-43
ken_soil_ph.56  , 4.154436063982041    , 35.20621316008589 ,  9.1,  8.1, 0.039752, Turkana                                                                        , KE-43
ken_soil_ph.60  , 3.9559378669447867   , 34.20475144239505 ,  8.5,  7.3, 0.053753, Turkana                                                                        , KE-43
ken_soil_ph.61  , 4.110298041750046    , 34.31061888872852 ,  7.9,  7.2, 0.014853, Turkana                                                                        , KE-43
ken_soil_ph.62  , 3.808864045822303    , 37.237292302639865,  7.8,  6.9, 0.015514, Marsabit                                                                       , KE-25
ken_soil_ph.64  , 4.1639355281813195   , 36.29270641524088 ,  7.6,  7.0, 0.005601, Marsabit                                                                       , KE-25
ken_soil_ph.65  , 4.050878187302976    , 34.4497234993578  ,  9.2,  8.2, 0.020788, Turkana                                                                        , KE-43
ken_soil_ph.66  , 4.100661398925828    , 34.713922435537405,  9.1,  8.1, 0.013718, Turkana                                                                        , KE-43
ken_soil_ph.70  , 3.9773685998820003   , 34.62492813016344 ,  8.0,  6.9, 0.044296, Turkana                                                                        , KE-43
ken_soil_ph.71  , 4.090158383169353    , 35.28525942793868 ,  7.7,  6.9, 0.006295, Turkana                                                                        , KE-43
ken_soil_ph.75  , 3.9158781704857604   , 36.90125171247254 ,  7.1,  5.1, 0.011804, Marsabit                                                                       , KE-25
ken_soil_ph.77  , 4.049858099663925    , 36.67663089200574 ,  7.1,  5.1, 0.001769, Marsabit                                                                       , KE-25
ken_soil_ph.81  , 4.017592802136245    , 36.34235113432138 ,  7.6,  7.0, 0.007114, Marsabit                                                                       , KE-25
ken_soil_ph.82  , 4.0545973057324405   , 36.05835805290686 ,  7.8,  7.0, 0.00023 , Turkana                                                                        , KE-43
ken_soil_ph.83  , 3.9975181308198007   , 35.071105967790075,  7.7,  6.9, 0.00903 , Turkana                                                                        , KE-43
ken_soil_ph.84  , 3.9747444571016532   , 34.3659378357246  ,  7.4,  5.5, 0.007244, Turkana                                                                        , KE-43
ken_soil_ph.86  , 3.6307315156488964   , 36.702398490394934,  7.1,  5.1, 0.017705, Marsabit                                                                       , KE-25
ken_soil_ph.88  , 3.816015207951639    , 35.14004477528336 ,  9.2,  8.2, 0.01405 , Turkana                                                                        , KE-43
ken_soil_ph.91  , 3.8800033850055424   , 35.294603717196956,  7.7,  6.9, 0.013956, Turkana                                                                        , KE-43
ken_soil_ph.93  , 3.8673015235890116   , 34.28836874107918 ,  6.7,  5.2, 0.009088, Turkana                                                                        , KE-43
ken_soil_ph.97  , 3.915436110181844    , 34.70398094791015 ,  7.9,  7.2, 0.003845, Turkana                                                                        , KE-43
ken_soil_ph.98  , 3.5974202061365124   , 40.16779878206054 ,  8.3,  7.2, 0.033185, Mandera                                                                        , KE-24
ken_soil_ph.99  , 3.8503779765540807   , 37.07953073708122 ,  7.8,  6.9, 0.003746, Marsabit                                                                       , KE-25
ken_soil_ph.103 , 3.8261045920919106   , 36.68192955312706 ,  7.1,  5.1, 0.003725, Marsabit                                                                       , KE-25
ken_soil_ph.108 , 3.742189580544814    , 36.36097081811895 ,  7.6,  7.0, 0.028365, Marsabit                                                                       , KE-25
ken_soil_ph.115 , 3.894313353122599    , 39.97423300426291 ,  7.0,  5.8, 0.000853, ሶማሌ ክልል Somali صومالى                                                          , ET-SO
ken_soil_ph.117 , 3.7982258200628913   , 34.88705044501859 ,  9.1,  8.1, 0.002378, Turkana                                                                        , KE-43
ken_soil_ph.118 , 3.829767349850289    , 34.546935937221   ,  7.7,  6.9, 0.005147, Turkana                                                                        , KE-43
ken_soil_ph.120 , 3.8641184966486946   , 39.88457627716903 ,  7.0,  5.8, 0.00104 , ሶማሌ ክልል Somali صومالى                                                          , ET-SO
ken_soil_ph.122 , 3.8380074823057306   , 34.97164792310356 ,  7.7,  6.9, 0.001267, Turkana                                                                        , KE-43
ken_soil_ph.127 , 3.8352468788668244   , 34.898687978602084,  7.7,  6.9, 0.001105, Turkana                                                                        , KE-43
ken_soil_ph.128 , 3.731377106528598    , 34.770367784846336,  8.0,  6.9, 0.017206, Turkana                                                                        , KE-43
ken_soil_ph.129 , 3.832057824837138    , 37.800076622185095,  7.0,  5.8, 0.000672, ኦሮሚያ ክልል Oromia أوروميا                                                        , ET-OR
ken_soil_ph.133 , 3.805370948820951    , 34.18775078455187 ,  6.7,  5.2, 0.000551, Kaabong                                                                        , UG-318
ken_soil_ph.134 , 3.754577276277113    , 36.630105786948135,  7.1,  5.1, 0.002271, Marsabit                                                                       , KE-25
ken_soil_ph.136 , 3.306670847789628    , 34.67292308781281 ,  7.7,  6.9, 0.13166 , Turkana                                                                        , KE-43
ken_soil_ph.137 , 3.7131107959185035   , 34.74491316564854 ,  9.2,  8.2, 0.008064, Turkana                                                                        , KE-43
ken_soil_ph.139 , 3.7736557358296725   , 34.5935026720315  ,  7.7,  6.9, 0.000504, Kaabong                                                                        , UG-318
ken_soil_ph.140 , 3.713118740348486    , 41.02626399972816 ,  8.6,  7.4, 0.007951, Mandera                                                                        , KE-24
ken_soil_ph.141 , 3.49193489749338     , 35.834373126399825,  8.0,  6.9, 0.016842, Turkana                                                                        , KE-43
ken_soil_ph.142 , 3.5201326329302227   , 37.741640263333885,  6.7,  5.5, 0.042741, Marsabit                                                                       , KE-25
ken_soil_ph.143 , 3.7264351360111045   , 37.05579713311939 ,  7.8,  6.9, 0.003158, Marsabit                                                                       , KE-25
ken_soil_ph.147 , 3.686854368992387    , 37.992847765175   ,  7.0,  5.8, 0.004119, Marsabit                                                                       , KE-25
ken_soil_ph.149 , 3.6698286245690444   , 34.93029473904212 ,  9.2,  8.2, 0.00469 , Turkana                                                                        , KE-43
ken_soil_ph.150 , 3.6765638230653472   , 36.753193306206214,  7.1,  5.1, 0.00145 , Marsabit                                                                       , KE-25
ken_soil_ph.151 , 3.691962366825517    , 34.45019952470385 ,  6.7,  5.2, 0.002252, Kaabong                                                                        , UG-318
ken_soil_ph.156 , 3.6528527582474486   , 39.77309926782037 ,  7.0,  5.8, 0.002027, ሶማሌ ክልል Somali صومالى                                                          , ET-SO
ken_soil_ph.157 , 3.6272319008080562   , 39.89999955996404 ,  7.0,  5.8, 0.010433, Mandera                                                                        , KE-24
ken_soil_ph.160 , 3.596142332089405    , 35.022674836658624,  7.7,  6.9, 0.016382, Turkana                                                                        , KE-43
ken_soil_ph.161 , 3.618277009180055    , 36.77453031573149 ,  7.1,  5.1, 0.001608, Marsabit                                                                       , KE-25
ken_soil_ph.163 , 3.587409518305785    , 34.58802812415605 ,  8.0,  6.9, 0.007218, Kaabong                                                                        , UG-318
ken_soil_ph.169 , 3.5622032198595206   , 38.066745315105415,  8.2,  6.5, 0.015276, Marsabit                                                                       , KE-25
ken_soil_ph.170 , 3.5589882751312274   , 37.08767095337617 ,  8.0,  6.9, 0.014811, Marsabit                                                                       , KE-25
ken_soil_ph.173 , 3.603044478522922    , 38.10147651487904 ,  7.0,  5.8, 0.002769, Marsabit                                                                       , KE-25
ken_soil_ph.174 , 3.631105141609044    , 38.53000329618661 ,  6.1,  5.4, 0.000947, Marsabit                                                                       , KE-25
ken_soil_ph.175 , 3.5639194355518073   , 34.88333945385582 ,  8.0,  6.9, 0.005525, Turkana                                                                        , KE-43
ken_soil_ph.176 , 3.6027479266846236   , 38.54344754817207 ,  7.0,  5.8, 0.002683, Marsabit                                                                       , KE-25
ken_soil_ph.179 , 3.607248625784367    , 38.68843635145724 ,  6.1,  5.4, 0.000643, ኦሮሚያ ክልል Oromia أوروميا                                                        , ET-OR
ken_soil_ph.183 , 3.5899521929346756   , 39.70737259572641 ,  7.0,  5.8, 0.001806, ሶማሌ ክልል Somali صومالى                                                          , ET-SO
ken_soil_ph.187 , 3.541487850576454    , 38.63570351541247 ,  7.0,  5.8, 0.005236, ኦሮሚያ ክልል Oromia أوروميا                                                        , ET-OR
ken_soil_ph.189 , 3.389272834778322    , 34.495587198495166,  8.5,  7.3, 0.030621, Kaabong                                                                        , UG-318
ken_soil_ph.194 , 3.523404152396919    , 35.63846931813349 ,  8.0,  6.9, 0.007723, Turkana                                                                        , KE-43
ken_soil_ph.200 , 3.3775962540297813   , 36.962585175729416,  8.2,  6.9, 0.086776, Marsabit                                                                       , KE-25
ken_soil_ph.202 , 3.544185694473314    , 35.875295307656046,  9.0,  6.6, 0.0017  , Turkana                                                                        , KE-43
ken_soil_ph.207 , 3.509737907693301    , 38.23707154820978 ,  7.0,  5.8, 0.00256 , Marsabit                                                                       , KE-25
ken_soil_ph.208 , 3.451174175839663    , 37.73824932227982 ,  5.0,  4.5, 0.015744, Marsabit                                                                       , KE-25
ken_soil_ph.210 , 3.5146859413547977   , 35.26571728880697 ,  8.8,  6.8, 0.00267 , Turkana                                                                        , KE-43
ken_soil_ph.211 , 3.4843936996201714   , 34.75731379366879 ,  8.0,  6.9, 0.010634, Turkana                                                                        , KE-43
ken_soil_ph.212 , 3.526370283074246    , 38.558520173367214,  7.0,  5.8, 0.000502, Marsabit                                                                       , KE-25
ken_soil_ph.215 , 3.2898142795016923   , 37.22152756419029 ,  9.8,  8.5, 0.049846, Marsabit                                                                       , KE-25
ken_soil_ph.218 , 3.5006457677661778   , 39.04547452301617 ,  6.1,  5.4, 0.002663, ኦሮሚያ ክልል Oromia أوروميا                                                        , ET-OR
ken_soil_ph.220 , 3.4778160506086815   , 34.444731456805336,  6.7,  5.2, 0.002154, Kaabong                                                                        , UG-318
ken_soil_ph.221 , 3.416562568192255    , 35.47063020521124 ,  8.8,  6.8, 0.026412, Turkana                                                                        , KE-43
ken_soil_ph.225 , 3.3841265920693524   , 39.60238875374119 ,  7.0,  5.8, 0.010904, Wajir                                                                          , KE-46
ken_soil_ph.226 , 3.435624348835012    , 39.23383941519674 ,  7.0,  5.8, 0.011325, ኦሮሚያ ክልል Oromia أوروميا                                                        , ET-OR
ken_soil_ph.227 , 3.372654317671485    , 35.306786965525525,  8.3,  7.0, 0.036694, Turkana                                                                        , KE-43
ken_soil_ph.230 , 3.495191231428078    , 36.06314883236103 ,  7.8,  7.0, 0.000267, Turkana                                                                        , KE-43
ken_soil_ph.231 , 3.459884332930448    , 35.64037056890163 ,  7.8,  6.9, 0.003924, Turkana                                                                        , KE-43
ken_soil_ph.234 , 3.4574009549152813   , 38.79987187644693 ,  7.0,  5.8, 0.002925, ኦሮሚያ ክልል Oromia أوروميا                                                        , ET-OR
ken_soil_ph.236 , 3.0939913881393704   , 38.65103589162649 ,  7.8,  6.9, 0.017732, Marsabit                                                                       , KE-25
ken_soil_ph.237 , 3.4130467204151573   , 39.06377510235597 ,  7.0,  5.8, 0.00908 , ኦሮሚያ ክልል Oromia أوروميا                                                        , ET-OR
ken_soil_ph.238 , 3.3585951768271434   , 35.661611041005436,  8.3,  7.0, 0.016956, Turkana                                                                        , KE-43
ken_soil_ph.241 , 3.390280939789449    , 39.81275197937553 ,  7.0,  5.8, 0.009175, Wajir                                                                          , KE-46
ken_soil_ph.244 , 3.3716500645683074   , 37.111061108786906,  8.6,  7.4, 0.015237, Marsabit                                                                       , KE-25
ken_soil_ph.246 , 3.3097055919708684   , 39.45571137359501 ,  7.0,  5.8, 0.021448, Wajir                                                                          , KE-46
ken_soil_ph.248 , 3.272734768656331    , 37.32832812862868 ,  8.6,  7.4, 0.017434, Marsabit                                                                       , KE-25
ken_soil_ph.249 , 2.6984098167512633   , 35.50131450874848 ,  7.9,  7.2, 0.081044, Turkana                                                                        , KE-43
ken_soil_ph.251 , 3.4162072913257537   , 37.389807916461045,  9.2,  8.2, 0.004305, Marsabit                                                                       , KE-25
ken_soil_ph.253 , 3.4018290009255576   , 35.68196720144055 ,  8.0,  6.9, 0.001283, Turkana                                                                        , KE-43
ken_soil_ph.256 , 3.3842837042469274   , 39.34905650105427 ,  8.2,  7.0, 0.001724, Marsabit                                                                       , KE-25
ken_soil_ph.258 , 3.375758438042442    , 40.20290671891169 ,  7.0,  5.8, 0.002188, Mandera                                                                        , KE-24
ken_soil_ph.263 , 3.328842608299104    , 37.4450024652019  ,  9.2,  8.2, 0.014483,                                                                                , 
ken_soil_ph.267 , 3.251750738446937    , 36.347808659760794,  7.6,  7.0, 0.033998, Marsabit                                                                       , KE-25
ken_soil_ph.268 , 3.147227183147047    , 38.10682651514981 ,  7.8,  6.9, 0.007837, Marsabit                                                                       , KE-25
ken_soil_ph.272 , 3.3620079864483503   , 40.03107042504214 ,  7.0,  5.8, 0.001437, Wajir                                                                          , KE-46
ken_soil_ph.273 , 3.334344468005059    , 38.38235315365967 ,  7.0,  5.8, 0.003463, Marsabit                                                                       , KE-25
ken_soil_ph.274 , 3.259232785095356    , 35.54157032859619 ,  7.7,  6.9, 0.026567, Turkana                                                                        , KE-43
ken_soil_ph.276 , 3.238314831524158    , 34.48150324141932 ,  6.7,  5.2, 0.004551, Kaabong                                                                        , UG-318
ken_soil_ph.278 , 3.334311569742414    , 38.7060116105046  ,  7.0,  5.8, 0.002222, Marsabit                                                                       , KE-25
ken_soil_ph.283 , 3.172719472482692    , 35.272977265881934,  8.3,  7.0, 0.057744, Turkana                                                                        , KE-43
ken_soil_ph.291 , 2.3499275118532905   , 39.30165034731674 ,  9.2,  7.6, 0.470135, Wajir                                                                          , KE-46
ken_soil_ph.293 , 3.0638099179874962   , 38.32862358165734 ,  8.2,  6.5, 0.124644, Marsabit                                                                       , KE-25
ken_soil_ph.296 , 3.1750366152860945   , 38.01406138639044 ,  7.8,  6.9, 0.004016, Marsabit                                                                       , KE-25
ken_soil_ph.299 , 3.289195862203307    , 39.05806072806405 ,  7.0,  5.8, 0.000871, Marsabit                                                                       , KE-25
ken_soil_ph.301 , 3.2068175068715474   , 35.72527169095078 ,  8.4,  6.7, 0.024104, Turkana                                                                        , KE-43
ken_soil_ph.303 , 3.0161763725158752   , 38.91765333305391 ,  7.8,  6.9, 0.016759, Marsabit                                                                       , KE-25
ken_soil_ph.304 , 3.2444787283919503   , 37.4357363674293  ,  9.2,  8.2, 0.004737,                                                                                , 
ken_soil_ph.305 , 3.19307608011695     , 35.17196889110727 ,  8.8,  6.8, 0.009023, Turkana                                                                        , KE-43
ken_soil_ph.309 , 3.184178145935033    , 35.98886410679777 ,  8.5,  7.3, 0.025732, Turkana                                                                        , KE-43
ken_soil_ph.311 , 3.0194937392846763   , 38.02769364750368 ,  8.2,  6.5, 0.072879, Marsabit                                                                       , KE-25
ken_soil_ph.320 , 3.2256126836768413   , 39.9067065839399  ,  7.0,  5.8, 0.005309, Wajir                                                                          , KE-46
ken_soil_ph.325 , 3.1045057583482345   , 36.80295523077739 ,  8.2,  6.9, 0.013157, Marsabit                                                                       , KE-25
ken_soil_ph.329 , 3.0568964343953424   , 35.39352686018317 ,  8.4,  6.7, 0.021497, Turkana                                                                        , KE-43
ken_soil_ph.330 , 3.176194328071386    , 37.13795081289848 ,  9.2,  8.2, 0.001974, Marsabit                                                                       , KE-25
ken_soil_ph.331 , 3.1472568286437603   , 39.62435153577784 ,  7.0,  5.8, 0.004431, Wajir                                                                          , KE-46
ken_soil_ph.333 , 3.1421637050815314   , 37.484056396956134,  9.2,  8.2, 0.007539,                                                                                , 
ken_soil_ph.339 , 2.5127496815930597   , 40.70739583929447 ,  7.8,  7.4, 0.08234 , Mandera                                                                        , KE-24
ken_soil_ph.341 , 3.1325322295014755   , 36.82866060062372 ,  7.8,  6.9, 0.002169, Marsabit                                                                       , KE-25
ken_soil_ph.342 , 3.105063740861494    , 37.0227186440678  ,  9.2,  8.2, 0.00459 , Marsabit                                                                       , KE-25
ken_soil_ph.347 , 2.3817785983420596   , 40.67291710639782 ,  7.8,  7.4, 0.089736, Mandera                                                                        , KE-24
ken_soil_ph.348 , 3.1278663708895884   , 35.83004659174906 ,  8.4,  6.7, 0.00209 , Turkana                                                                        , KE-43
ken_soil_ph.349 , 3.064364336339898    , 35.48794742621765 ,  8.4,  6.7, 0.009833, Turkana                                                                        , KE-43
ken_soil_ph.350 , 3.0516840831721104   , 35.75413871330208 ,  9.1,  8.1, 0.034902, Turkana                                                                        , KE-43
ken_soil_ph.351 , 3.0662670070495017   , 35.94464148386115 ,  8.5,  7.3, 0.009066, Turkana                                                                        , KE-43
ken_soil_ph.354 , 2.9718623383056406   , 36.573502705714866,  7.8,  7.0, 0.02649 , Marsabit                                                                       , KE-25
ken_soil_ph.356 , 2.953020435965812    , 37.4211052711226  ,  9.8,  8.5, 0.039776, Marsabit                                                                       , KE-25
ken_soil_ph.359 , 3.0508769700584404   , 36.11493879569215 ,  8.5,  7.3, 0.002207, Turkana                                                                        , KE-43
ken_soil_ph.360 , 2.939231526417478    , 37.105708715209545,  6.7,  5.5, 0.021215, Marsabit                                                                       , KE-25
ken_soil_ph.362 , 3.0671818126159183   , 35.74258411442284 ,  8.5,  7.3, 0.001363, Turkana                                                                        , KE-43
ken_soil_ph.364 , 2.636418958812973    , 36.16702563313254 ,  9.0,  6.6, 0.031931, Turkana                                                                        , KE-43
ken_soil_ph.365 , 3.005140294120698    , 35.102289434944396,  7.7,  6.9, 0.00535 , Turkana                                                                        , KE-43
ken_soil_ph.366 , 2.933528595804626    , 34.659660506235966,  8.5,  7.3, 0.009827, Turkana                                                                        , KE-43
ken_soil_ph.367 , 2.9423939801782666   , 35.180210918097444,  8.0,  6.9, 0.023813, Turkana                                                                        , KE-43
ken_soil_ph.368 , 2.560515627651176    , 35.75367383203382 ,  8.3,  7.0, 0.129902, Turkana                                                                        , KE-43
ken_soil_ph.369 , 2.988933449604121    , 38.75485662068903 ,  7.0,  5.8, 0.006368, Marsabit                                                                       , KE-25
ken_soil_ph.371 , 2.228590120944143    , 35.61976065948599 ,  8.8,  6.8, 0.311346, Turkana                                                                        , KE-43
ken_soil_ph.372 , 2.9740060460873696   , 37.280784281663884,  9.1,  8.1, 0.003612, Marsabit                                                                       , KE-25
ken_soil_ph.374 , 2.760893843844373    , 37.212408174167244,  7.9,  7.2, 0.023525, Marsabit                                                                       , KE-25
ken_soil_ph.375 , 2.99188371929443     , 39.326109594039735,  7.0,  5.8, 0.001831, Wajir                                                                          , KE-46
ken_soil_ph.377 , 2.8402682399821106   , 39.695433416075254,  7.0,  5.8, 0.020128, Wajir                                                                          , KE-46
ken_soil_ph.380 , 2.899403782174273    , 37.37948389998331 ,  9.1,  8.1, 0.006331, Marsabit                                                                       , KE-25
ken_soil_ph.381 , 2.9651247566447494   , 35.4925960276008  ,  8.3,  7.0, 0.001447, Turkana                                                                        , KE-43
ken_soil_ph.384 , 2.9521847768551095   , 35.28532128217971 ,  8.8,  6.8, 0.00275 , Turkana                                                                        , KE-43
ken_soil_ph.385 , 2.618174739592787    , 35.92115643185628 ,  7.7,  6.9, 0.052292, Turkana                                                                        , KE-43
ken_soil_ph.387 , 2.76887794528409     , 36.10889949421865 ,  8.2,  6.9, 0.059772, Turkana                                                                        , KE-43
ken_soil_ph.389 , 2.865304670915671    , 40.91158131158653 ,  8.2,  7.2, 0.042556, Mandera                                                                        , KE-24
ken_soil_ph.390 , 2.962494830937808    , 41.10447386938452 ,  8.2,  7.2, 0.001061, Gedo جدو                                                                       , 
ken_soil_ph.392 , 2.8761863128818765   , 36.25897922000217 ,  8.5,  7.3, 0.014631, Marsabit                                                                       , KE-25
ken_soil_ph.393 , 2.176121057557177    , 39.49799352095272 ,  8.3,  7.2, 0.053544, Wajir                                                                          , KE-46
ken_soil_ph.394 , 2.83707553988872     , 36.7161062155084  ,  8.2,  6.9, 0.011631, Marsabit                                                                       , KE-25
ken_soil_ph.395 , 2.9124764227078      , 35.81246866619108 ,  8.2,  6.9, 0.004347, Turkana                                                                        , KE-43
ken_soil_ph.396 , 2.873384249502977    , 34.988945795194546,  7.7,  6.9, 0.013657, Turkana                                                                        , KE-43
ken_soil_ph.398 , 2.9182422275637188   , 37.62992506244366 ,  8.2,  6.9, 0.00333 , Marsabit                                                                       , KE-25
ken_soil_ph.399 , 2.9048511636074807   , 38.703534649667695,  8.2,  6.5, 0.006466, Marsabit                                                                       , KE-25
ken_soil_ph.401 , 2.7988620468259953   , 37.594166761323706,  9.8,  8.5, 0.024909, Marsabit                                                                       , KE-25
ken_soil_ph.403 , 2.87529015437488     , 38.59753934224573 ,  8.2,  6.5, 0.011862, Marsabit                                                                       , KE-25
ken_soil_ph.406 , 2.827443994696633    , 37.64698256878627 ,  8.6,  7.4, 0.007329, Marsabit                                                                       , KE-25
ken_soil_ph.407 , 2.8548585597119565   , 36.17883075293702 ,  8.5,  7.3, 0.006413, Turkana                                                                        , KE-43
ken_soil_ph.410 , 2.754292371704953    , 37.44623497608384 ,  8.0,  6.9, 0.038688, Marsabit                                                                       , KE-25
ken_soil_ph.412 , 2.8351308708531833   , 39.4803690137942  ,  9.2,  7.6, 0.003964, Wajir                                                                          , KE-46
ken_soil_ph.413 , 2.876349295791854    , 37.71777749267483 ,  7.4,  6.4, 0.00329 , Marsabit                                                                       , KE-25
ken_soil_ph.416 , 2.877117223305463    , 37.23765607240194 ,  8.0,  6.9, 0.001418, Marsabit                                                                       , KE-25
ken_soil_ph.417 , 2.7106031960348838   , 36.93420876799919 ,  6.7,  5.5, 0.039771, Marsabit                                                                       , KE-25
ken_soil_ph.418 , 2.757147421255323    , 35.184563335773944,  8.4,  6.7, 0.049283, Turkana                                                                        , KE-43
ken_soil_ph.423 , 2.769182015931277    , 34.96438176531245 ,  8.5,  7.3, 0.022035, Turkana                                                                        , KE-43
ken_soil_ph.425 , 2.8088784171714742   , 36.342662784302284,  7.7,  6.9, 0.005345, Marsabit                                                                       , KE-25
ken_soil_ph.427 , 2.7923477475940204   , 35.29966711917848 ,  8.5,  7.3, 0.011418, Turkana                                                                        , KE-43
ken_soil_ph.428 , 2.840820914647828    , 35.21616825159644 ,  8.5,  7.3, 0.000815, Turkana                                                                        , KE-43
ken_soil_ph.430 , 2.836576872298181    , 34.77702495173558 ,  7.7,  6.9, 0.000865, Turkana                                                                        , KE-43
ken_soil_ph.431 , 2.630083330099995    , 34.96315734438934 ,  7.0,  5.8, 0.036143, Turkana                                                                        , KE-43
ken_soil_ph.433 , 2.689124916049034    , 37.91082383905379 ,  9.2,  8.2, 0.010392, Marsabit                                                                       , KE-25
ken_soil_ph.434 , 2.786320825371162    , 35.12389163164089 ,  8.5,  7.3, 0.00351 , Turkana                                                                        , KE-43
ken_soil_ph.439 , 2.7929359885956795   , 37.72444550893988 ,  7.4,  6.4, 0.003257, Marsabit                                                                       , KE-25
ken_soil_ph.441 , 2.622069815106903    , 39.538454606050074,  8.3,  7.2, 0.006892, Wajir                                                                          , KE-46
ken_soil_ph.445 , 2.7217435589970065   , 35.86696255221336 ,  8.0,  6.9, 0.004696, Turkana                                                                        , KE-43
ken_soil_ph.447 , 2.707966951808616    , 35.41043331689771 ,  8.3,  7.0, 0.003626, Turkana                                                                        , KE-43
ken_soil_ph.448 , 2.5528785660391464   , 39.49330653985711 ,  9.2,  7.6, 0.041173, Wajir                                                                          , KE-46
ken_soil_ph.449 , 2.775581464345302    , 37.69415440949309 ,  8.2,  6.9, 0.001011, Marsabit                                                                       , KE-25
ken_soil_ph.450 , 2.6742180944828875   , 37.1001093457916  ,  9.2,  8.2, 0.02002 , Marsabit                                                                       , KE-25
ken_soil_ph.451 , 2.6515977362552428   , 36.06035920640206 ,  9.2,  8.2, 0.009256, Turkana                                                                        , KE-43
ken_soil_ph.452 , 2.6220453533127084   , 36.33069298404366 ,  8.0,  6.9, 0.015653, Marsabit                                                                       , KE-25
ken_soil_ph.453 , 2.758692151644217    , 39.48208929910598 ,  7.0,  5.8, 0.001991, Wajir                                                                          , KE-46
ken_soil_ph.455 , 2.7349326441683064   , 36.78439225081322 ,  9.2,  8.2, 0.008904, Marsabit                                                                       , KE-25
ken_soil_ph.456 , 2.657098134217411    , 38.09900843514346 ,  9.2,  8.2, 0.008925, Marsabit                                                                       , KE-25
ken_soil_ph.458 , 2.7056324010456225   , 36.299601404325145,  8.2,  6.9, 0.004033, Marsabit                                                                       , KE-25
ken_soil_ph.459 , 2.7421361212310416   , 38.580289594188535,  8.2,  6.5, 0.00461 , Marsabit                                                                       , KE-25
ken_soil_ph.465 , 2.667035776642471    , 36.099867409293616,  8.0,  6.9, 0.006394, Turkana                                                                        , KE-43
ken_soil_ph.466 , 2.7082719744676824   , 38.69314092717974 ,  8.2,  6.5, 0.003286, Marsabit                                                                       , KE-25
ken_soil_ph.467 , 2.6441823354806844   , 37.3651425828338  ,  8.0,  6.9, 0.02953 , Marsabit                                                                       , KE-25
ken_soil_ph.468 , 2.6974228547267116   , 36.134459519789154,  9.0,  6.6, 0.002135, Turkana                                                                        , KE-43
ken_soil_ph.473 , 2.593762195474658    , 35.318584148892135,  8.3,  7.0, 0.024603, West Pokot                                                                     , KE-47
ken_soil_ph.474 , 2.231808258397885    , 36.41889996392453 ,  7.6,  7.0, 0.036624, Turkana                                                                        , KE-43
ken_soil_ph.480 , 2.591168568348714    , 35.79549751243292 ,  8.4,  6.7, 0.015666, Turkana                                                                        , KE-43
ken_soil_ph.481 , 2.657273192494287    , 37.47443729589803 ,  9.2,  8.2, 0.004808, Marsabit                                                                       , KE-25
ken_soil_ph.484 , 1.4180831019984317   , 36.525334082008975,  7.6,  7.0, 0.283057, Turkana                                                                        , KE-43
ken_soil_ph.487 , 2.467753781125216    , 37.31604152177313 ,  8.0,  6.9, 0.080281, Marsabit                                                                       , KE-25
ken_soil_ph.488 , 2.667337538059036    , 38.595658161562625,  8.2,  6.5, 0.002537, Marsabit                                                                       , KE-25
ken_soil_ph.491 , 2.3641645137528546   , 35.269033001337   ,  8.8,  6.8, 0.049276, West Pokot                                                                     , KE-47
ken_soil_ph.492 , 2.6532312348579716   , 37.48701265022073 ,  7.7,  6.9, 0.003272, Marsabit                                                                       , KE-25
ken_soil_ph.495 , 2.585477978094325    , 37.49165090331131 ,  8.0,  6.9, 0.01648 , Marsabit                                                                       , KE-25
ken_soil_ph.504 , 2.622566540795028    , 35.062072833017915,  8.8,  6.8, 0.000919, Turkana                                                                        , KE-43
ken_soil_ph.506 , 2.581762434588327    , 35.08872766704229 ,  8.8,  6.8, 0.002874, West Pokot                                                                     , KE-47
ken_soil_ph.507 , 2.394374360299169    , 37.54961311595161 ,  7.8,  6.9, 0.008061, Marsabit                                                                       , KE-25
ken_soil_ph.510 , 2.437520899799731    , 37.09949213568054 ,  8.3,  7.0, 0.032866, Marsabit                                                                       , KE-25
ken_soil_ph.511 , 2.577626759741009    , 37.58497570203576 ,  7.4,  6.4, 0.003201, Marsabit                                                                       , KE-25
ken_soil_ph.514 , 2.5291453923174845   , 36.11688268933022 ,  8.5,  7.3, 0.007942, Turkana                                                                        , KE-43
ken_soil_ph.516 , 2.500114908507891    , 37.64255478004072 ,  9.2,  8.2, 0.004387, Marsabit                                                                       , KE-25
ken_soil_ph.519 , 2.593594144140331    , 38.56547159612121 ,  8.2,  6.5, 0.001641, Marsabit                                                                       , KE-25
ken_soil_ph.520 , 2.5715145278278073   , 39.52967787959201 ,  7.0,  5.8, 0.002041, Wajir                                                                          , KE-46
ken_soil_ph.525 , 2.5550263461753113   , 37.4089013203845  ,  9.2,  8.2, 0.003135, Marsabit                                                                       , KE-25
ken_soil_ph.526 , 2.4711910036513225   , 35.83370173407527 ,  8.0,  6.9, 0.004873, Turkana                                                                        , KE-43
ken_soil_ph.527 , 2.4835644598056383   , 36.70590219035947 ,  7.8,  7.0, 0.003303, Marsabit                                                                       , KE-25
ken_soil_ph.528 , 2.467448527345545    , 36.85458694242441 ,  8.2,  6.9, 0.010864, Marsabit                                                                       , KE-25
ken_soil_ph.529 , 2.552030383940353    , 37.40787708360245 ,  7.7,  6.9, 0.001866, Marsabit                                                                       , KE-25
ken_soil_ph.531 , 2.304983888088232    , 37.99945333376349 ,  6.7,  5.5, 0.112396, Marsabit                                                                       , KE-25
ken_soil_ph.534 , 2.5415828222030354   , 37.47321554732386 ,  9.2,  8.2, 0.001108, Marsabit                                                                       , KE-25
ken_soil_ph.537 , 2.5381143440617957   , 37.47362876423083 ,  7.7,  6.9, 0.000262, Marsabit                                                                       , KE-25
ken_soil_ph.539 , 2.514210911465004    , 35.36725225435309 ,  8.4,  6.7, 0.000617, West Pokot                                                                     , KE-47
ken_soil_ph.540 , 2.525379056865951    , 37.57797970222174 ,  9.2,  8.2, 0.000899, Marsabit                                                                       , KE-25
ken_soil_ph.541 , 2.4528959065362166   , 35.98249618714024 ,  8.8,  6.8, 0.00856 , Turkana                                                                        , KE-43
ken_soil_ph.542 , 2.5112567305507496   , 37.53269270399894 ,  7.4,  6.4, 0.002032, Marsabit                                                                       , KE-25
ken_soil_ph.543 , 2.517308363474863    , 37.580849988193876,  7.7,  6.9, 0.000279, Marsabit                                                                       , KE-25
ken_soil_ph.544 , 2.4891194113270703   , 36.194065090704946,  8.5,  7.3, 0.002452, Turkana                                                                        , KE-43
ken_soil_ph.545 , 1.9937220566659621   , 39.08952429835594 ,  7.8,  6.9, 0.037728, Wajir                                                                          , KE-46
ken_soil_ph.546 , 2.4978229011973485   , 36.13128064245983 ,  8.2,  6.9, 0.001764, Turkana                                                                        , KE-43
ken_soil_ph.548 , 2.1132083796234515   , 35.54568595364478 ,  8.3,  7.0, 0.046125, Turkana                                                                        , KE-43
ken_soil_ph.552 , 2.4297708870886514   , 36.03688713380075 ,  8.3,  7.0, 0.007695, Turkana                                                                        , KE-43
ken_soil_ph.557 , 2.439548286301736    , 35.362680463350486,  8.4,  6.7, 0.002104, West Pokot                                                                     , KE-47
ken_soil_ph.562 , 2.3221945567412168   , 35.084390310214225,  5.3,  4.3, 0.017905, West Pokot                                                                     , KE-47
ken_soil_ph.564 , 2.232599740495624    , 35.361376764433494,  8.3,  7.0, 0.036875, West Pokot                                                                     , KE-47
ken_soil_ph.565 , 2.1777303456019785   , 39.0382279052377  ,  8.0,  6.9, 0.053296, Wajir                                                                          , KE-46
ken_soil_ph.567 , 2.294927270790601    , 36.03237535400464 ,  9.2,  8.2, 0.015173, Turkana                                                                        , KE-43
ken_soil_ph.570 , 2.101852741424285    , 35.03779627505048 ,  6.5,  5.5, 0.047556, West Pokot                                                                     , KE-47
ken_soil_ph.572 , 2.3706214245266395   , 35.912672293697604,  9.2,  8.2, 0.003471, Turkana                                                                        , KE-43
ken_soil_ph.573 , 2.3183026594101177   , 39.46035380157303 ,  8.0,  6.9, 0.003729, Wajir                                                                          , KE-46
ken_soil_ph.574 , 1.9365178153412541   , 39.63228681738578 ,  8.0,  6.9, 0.095044, Wajir                                                                          , KE-46
ken_soil_ph.575 , 2.28191005364052     , 37.061940529869176,  8.3,  7.0, 0.051556, Marsabit                                                                       , KE-25
ken_soil_ph.576 , 2.282476008107144    , 37.97293985063987 ,  5.0,  4.5, 0.013701, Marsabit                                                                       , KE-25
ken_soil_ph.579 , 2.328603235843647    , 37.226558243399936,  7.9,  7.2, 0.003869, Marsabit                                                                       , KE-25
ken_soil_ph.580 , 2.1135628350844886   , 38.927095216708395,  8.0,  6.9, 0.026183, Marsabit                                                                       , KE-25
ken_soil_ph.581 , 2.3424317157525305   , 37.14503907621854 ,  7.9,  7.2, 0.001811, Marsabit                                                                       , KE-25
ken_soil_ph.582 , 1.8981866527110003   , 40.01279241826258 ,  6.4,  4.8, 0.442778, Wajir                                                                          , KE-46
ken_soil_ph.583 , 2.3001822689408664   , 37.29800141568766 ,  8.3,  7.0, 0.009886, Marsabit                                                                       , KE-25
ken_soil_ph.586 , 2.1980861701943213   , 35.972055255339995,  7.7,  6.9, 0.054519, Turkana                                                                        , KE-43
ken_soil_ph.587 , 2.204204510194594    , 39.933122649280946,  8.2,  7.2, 0.00655 , Wajir                                                                          , KE-46
ken_soil_ph.591 , 2.202479973681303    , 37.46167524942968 ,  8.3,  7.0, 0.017287, Marsabit                                                                       , KE-25
ken_soil_ph.594 , 2.100032568680882    , 36.146573708062384,  9.0,  6.6, 0.015208, Turkana                                                                        , KE-43
ken_soil_ph.596 , 2.10212143296099     , 36.79943072179995 ,  7.0,  5.8, 0.011392, Samburu                                                                        , KE-37
ken_soil_ph.598 , 2.061423602378268    , 37.06244912147504 ,  7.8,  6.6, 0.024946, Marsabit                                                                       , KE-25
ken_soil_ph.599 , 2.1860991300410646   , 37.25970311835256 ,  7.9,  7.2, 0.015311, Marsabit                                                                       , KE-25
ken_soil_ph.600 , 2.153320801664438    , 36.47032680212639 ,  5.3,  4.0, 0.015604, Turkana                                                                        , KE-43
ken_soil_ph.601 , 2.175220045013304    , 36.9104748476209  ,  7.0,  5.8, 0.007934, Samburu                                                                        , KE-37
ken_soil_ph.606 , 2.0579002414571588   , 39.6971373213199  ,  8.3,  7.2, 0.015425, Wajir                                                                          , KE-46
ken_soil_ph.607 , 2.1739060944216275   , 37.34993805298685 ,  8.3,  7.0, 0.007543, Marsabit                                                                       , KE-25
ken_soil_ph.608 , 2.2063590031120555   , 35.387812124855735,  8.4,  6.7, 0.000847, West Pokot                                                                     , KE-47
ken_soil_ph.612 , 2.0771732611757483   , 37.16314120082959 ,  8.3,  7.0, 0.02292 , Marsabit                                                                       , KE-25
ken_soil_ph.613 , 2.1361439374205595   , 36.84964590876115 ,  5.3,  4.3, 0.004452, Samburu                                                                        , KE-37
ken_soil_ph.614 , 2.1369183002131886   , 36.577594385150356,  5.3,  4.0, 0.004075, Turkana                                                                        , KE-43
ken_soil_ph.615 , 2.128971007253223    , 37.28944349496078 ,  7.8,  6.6, 0.002825, Marsabit                                                                       , KE-25
ken_soil_ph.616 , 2.132203304314413    , 36.99755799000909 ,  7.0,  5.8, 0.001213, Samburu                                                                        , KE-37
ken_soil_ph.617 , 2.136637895611462    , 37.411597388238846,  7.9,  7.2, 0.00327 , Marsabit                                                                       , KE-25
ken_soil_ph.619 , 2.091201232505696    , 38.30676608764218 ,  9.2,  8.2, 0.008492, Marsabit                                                                       , KE-25
ken_soil_ph.620 , 2.0868455111890274   , 36.09541622395512 ,  8.0,  6.9, 0.003514, Turkana                                                                        , KE-43
ken_soil_ph.621 , 2.1112959852298148   , 36.115350400744646,  9.2,  8.2, 0.001294, Turkana                                                                        , KE-43
ken_soil_ph.622 , 2.1149642888951394   , 36.61331880682284 ,  7.8,  7.0, 0.00289 , Samburu                                                                        , KE-37
ken_soil_ph.623 , 2.1054820214490024   , 35.177695304950205,  5.3,  4.3, 0.002155, West Pokot                                                                     , KE-47
ken_soil_ph.626 , 2.06661426579582     , 37.385561899583344,  8.3,  7.0, 0.008153, Marsabit                                                                       , KE-25
ken_soil_ph.627 , 2.056304081092502    , 37.4376457788912  ,  7.9,  7.2, 0.004337, Marsabit                                                                       , KE-25
ken_soil_ph.628 , 1.8617530394994533   , 36.455920319456624,  6.2,  5.7, 0.026654, Turkana                                                                        , KE-43
ken_soil_ph.629 , 2.015231523769835    , 38.13380644031595 ,  9.2,  8.2, 0.022962, Marsabit                                                                       , KE-25
ken_soil_ph.630 , 1.9805212361490854   , 39.79137630298335 ,  8.2,  7.2, 0.009519, Wajir                                                                          , KE-46
ken_soil_ph.631 , 2.00813765012261     , 36.2576889960507  ,  8.0,  6.9, 0.013754, Turkana                                                                        , KE-43
ken_soil_ph.632 , 1.9829642164795682   , 35.26809869963432 ,  5.3,  4.3, 0.011128, West Pokot                                                                     , KE-47
ken_soil_ph.633 , 2.006813088497926    , 35.964012330040525,  9.2,  8.2, 0.012575, Turkana                                                                        , KE-43
ken_soil_ph.634 , 2.0224316668572504   , 37.8356397564991  ,  8.8,  7.6, 0.018246, Marsabit                                                                       , KE-25
ken_soil_ph.635 , 2.0214573760959142   , 36.19278354388074 ,  9.2,  8.2, 0.004534, Turkana                                                                        , KE-43
ken_soil_ph.636 , 1.8587513212484987   , 38.445057845787275,  7.8,  6.9, 0.061537, Marsabit                                                                       , KE-25
ken_soil_ph.637 , 2.0233259225748847   , 37.49553725773212 ,  7.8,  6.6, 0.007203, Marsabit                                                                       , KE-25
ken_soil_ph.638 , 1.9632328986964      , 37.28657990651204 ,  8.0,  6.9, 0.008228, Marsabit                                                                       , KE-25
ken_soil_ph.643 , 1.9794747278645752   , 37.64325849040623 ,  9.2,  8.2, 0.012153, Marsabit                                                                       , KE-25
ken_soil_ph.645 , 1.8872292063818439   , 40.8138742594454  ,  6.4,  4.8, 0.020744, Wajir                                                                          , KE-46
ken_soil_ph.646 , 1.7720861855328387   , 36.07202574825665 ,  7.7,  6.9, 0.08609 , Turkana                                                                        , KE-43
ken_soil_ph.647 , 1.9889007299917105   , 36.129920602805605,  8.0,  6.9, 0.001661, Turkana                                                                        , KE-43
ken_soil_ph.648 , 1.970814378300042    , 36.213789385723594,  7.7,  6.9, 0.002784, Turkana                                                                        , KE-43
ken_soil_ph.649 , 1.8880657242838252   , 39.1573267910576  ,  9.2,  7.6, 0.015063, Wajir                                                                          , KE-46
ken_soil_ph.650 , 1.9143823261701982   , 37.49300959951858 ,  8.3,  7.0, 0.036781, Marsabit                                                                       , KE-25
ken_soil_ph.651 , 1.9813692892195065   , 40.90374412346436 ,  6.4,  4.8, 0.002992, Wajir                                                                          , KE-46
ken_soil_ph.653 , 1.9858303997345002   , 36.82581622026352 ,  7.8,  6.6, 0.002099, Samburu                                                                        , KE-37
ken_soil_ph.655 , 1.7747130278131653   , 35.46314348609414 ,  8.8,  6.8, 0.01294 , West Pokot                                                                     , KE-47
ken_soil_ph.656 , 1.9164571087937463   , 36.16408386909148 ,  7.7,  6.9, 0.00522 , Turkana                                                                        , KE-43
ken_soil_ph.657 , 1.9610382812454983   , 37.60458400442359 ,  7.8,  6.9, 0.002006, Marsabit                                                                       , KE-25
ken_soil_ph.658 , 1.9107914796087253   , 40.96439717179818 ,  6.4,  4.8, 0.006136, Wajir                                                                          , KE-46
ken_soil_ph.659 , 1.906990808424422    , 35.38289919231887 ,  7.0,  5.8, 0.002632, West Pokot                                                                     , KE-47
ken_soil_ph.661 , 1.923855353145138    , 37.07872276462745 ,  7.0,  5.8, 0.008271, Marsabit                                                                       , KE-25
ken_soil_ph.664 , 1.9499176862523473   , 36.99146923506129 ,  7.0,  5.8, 0.00192 , Samburu                                                                        , KE-37
ken_soil_ph.666 , 1.9252249776414498   , 36.72014851847695 ,  7.8,  7.1, 0.007045, Samburu                                                                        , KE-37
ken_soil_ph.670 , 1.914113577943036    , 35.406416555419085,  8.3,  7.0, 0.002704, Turkana                                                                        , KE-43
ken_soil_ph.672 , 1.9367473326629883   , 36.033346034586465,  9.2,  8.2, 0.001468, Turkana                                                                        , KE-43
ken_soil_ph.673 , 1.9260683753435104   , 37.60553500717848 ,  8.0,  6.9, 0.001186, Marsabit                                                                       , KE-25
ken_soil_ph.675 , 1.8221372157094011   , 40.31789328621672 ,  6.4,  5.3, 0.014613, Wajir                                                                          , KE-46
ken_soil_ph.676 , 1.8845922302882834   , 36.11597759207575 ,  9.2,  8.2, 0.004293, Turkana                                                                        , KE-43
ken_soil_ph.677 , 1.9096314607797917   , 37.373930852100564,  8.3,  7.0, 0.005055, Marsabit                                                                       , KE-25
ken_soil_ph.680 , 1.7534383971586898   , 37.6340902782269  ,  7.9,  7.2, 0.039939, Marsabit                                                                       , KE-25
ken_soil_ph.681 , 1.82105549136519     , 36.38100299313146 ,  8.0,  6.9, 0.017459, Turkana                                                                        , KE-43
ken_soil_ph.683 , 1.531570920778045    , 40.65877975585962 ,  6.4,  5.3, 0.201541, Wajir                                                                          , KE-46
ken_soil_ph.684 , 1.823815952489355    , 37.269261665501475,  7.0,  5.8, 0.012511, Marsabit                                                                       , KE-25
ken_soil_ph.685 , 1.897750363630551    , 36.211594825997494,  9.2,  8.2, 0.001613, Turkana                                                                        , KE-43
ken_soil_ph.688 , 1.7980962180436872   , 38.887863584479604,  8.0,  6.9, 0.042004, Isiolo                                                                         , KE-09
ken_soil_ph.689 , 1.8588367233084426   , 36.17829825867033 ,  8.0,  6.9, 0.00191 , Turkana                                                                        , KE-43
ken_soil_ph.690 , 1.5993297264824569   , 35.04538607464496 ,  5.8,  4.6, 0.094384, West Pokot                                                                     , KE-47
ken_soil_ph.692 , 1.8267268185584238   , 36.97177631527952 ,  7.0,  5.8, 0.004273, Samburu                                                                        , KE-37
ken_soil_ph.693 , 1.728975752017986    , 36.4652363192832  ,  5.3,  4.0, 0.01353 , Turkana                                                                        , KE-43
ken_soil_ph.694 , 1.7890056397200313   , 35.88670132778945 ,  7.7,  6.9, 0.011452, Turkana                                                                        , KE-43
ken_soil_ph.696 , 1.7705077305790746   , 40.81843702493807 ,  6.4,  5.3, 0.005487, Wajir                                                                          , KE-46
ken_soil_ph.697 , 1.8505604735545234   , 37.392231370228984,  8.3,  7.0, 0.002303, Marsabit                                                                       , KE-25
ken_soil_ph.699 , 1.8200955275159383   , 37.55655160057572 ,  8.3,  7.0, 0.009133, Marsabit                                                                       , KE-25
ken_soil_ph.701 , 1.8340290631178882   , 37.64793002587235 ,  7.8,  6.6, 0.001213, Marsabit                                                                       , KE-25
ken_soil_ph.705 , 1.7977446905402301   , 40.984281501263574,  6.4,  4.8, 0.002093, Wajir                                                                          , KE-46
ken_soil_ph.708 , 1.7117197461708542   , 38.39312728963247 ,  8.0,  6.9, 0.026468, Isiolo                                                                         , KE-09
ken_soil_ph.710 , 1.5761103668902394   , 37.84834562979689 ,  8.0,  6.9, 0.027633, Marsabit                                                                       , KE-25
ken_soil_ph.712 , 1.7331922612877955   , 36.70578589975591 ,  7.8,  7.1, 0.005439, Samburu                                                                        , KE-37
ken_soil_ph.713 , 1.7600033246610496   , 35.27662740092007 ,  7.0,  5.8, 0.002582, West Pokot                                                                     , KE-47
ken_soil_ph.714 , 1.778563389154806    , 37.539932803084824,  7.8,  6.6, 0.00439 , Marsabit                                                                       , KE-25
ken_soil_ph.717 , 1.7723516115134048   , 35.58185100093682 ,  8.3,  7.0, 0.004595, West Pokot                                                                     , KE-47
ken_soil_ph.718 , 1.763416706309557    , 37.43986798133556 ,  7.0,  5.8, 0.003532, Marsabit                                                                       , KE-25
ken_soil_ph.719 , 1.6862775603723783   , 35.39429046718683 ,  5.3,  4.3, 0.018826, West Pokot                                                                     , KE-47
ken_soil_ph.722 , 1.6854278889283658   , 40.10770506376536 ,  8.2,  7.2, 0.020396, Wajir                                                                          , KE-46
ken_soil_ph.723 , 1.6751422929530524   , 37.37080521589158 ,  7.8,  6.6, 0.014355, Samburu                                                                        , KE-37
ken_soil_ph.725 , 1.6699095787118479   , 40.979987260620284,  6.4,  5.3, 0.007462, Wajir                                                                          , KE-46
ken_soil_ph.729 , 1.5525062905783802   , 35.165206801049706,  7.0,  5.8, 0.019812, West Pokot                                                                     , KE-47
ken_soil_ph.730 , 1.5565475721864155   , 35.070265754256965,  7.9,  7.2, 0.006541, West Pokot                                                                     , KE-47
ken_soil_ph.732 , 1.638582753698522    , 37.731780469299586,  7.8,  6.6, 0.007269, Marsabit                                                                       , KE-25
ken_soil_ph.734 , 1.6701665413985947   , 37.77968565690039 ,  8.3,  7.0, 0.005601, Marsabit                                                                       , KE-25
ken_soil_ph.736 , 1.6471945457570079   , 35.504290178109244,  7.0,  5.8, 0.003338, West Pokot                                                                     , KE-47
ken_soil_ph.738 , 1.650639171392871    , 37.658449171194135,  8.3,  7.0, 0.010675, Marsabit                                                                       , KE-25
ken_soil_ph.739 , 1.6713763421587786   , 38.1614471141433  ,  7.9,  7.2, 0.008061, Marsabit                                                                       , KE-25
ken_soil_ph.741 , 1.708456918907721    , 39.94884062444282 ,  8.2,  7.2, 0.001453, Wajir                                                                          , KE-46
ken_soil_ph.743 , 1.6479699000214576   , 37.4555021456805  ,  8.0,  6.9, 0.005414, Marsabit                                                                       , KE-25
ken_soil_ph.745 , 1.640769297633451    , 37.602942688526994,  8.0,  6.9, 0.006793, Marsabit                                                                       , KE-25
ken_soil_ph.749 , 1.5142556054890193   , 36.74195224985966 ,  4.8,  3.9, 0.033319, Samburu                                                                        , KE-37
ken_soil_ph.750 , 1.644966065707019    , 39.22636669560872 ,  7.8,  6.9, 0.005563, Isiolo                                                                         , KE-09
ken_soil_ph.751 , 1.406213504195343    , 39.94022871259495 ,  6.4,  4.8, 0.04625 , Wajir                                                                          , KE-46
ken_soil_ph.753 , 1.631537953263252    , 35.52793005292404 ,  8.3,  7.0, 0.002618, West Pokot                                                                     , KE-47
ken_soil_ph.758 , 1.6234207782581842   , 38.98199692038585 ,  8.0,  6.9, 0.003538, Isiolo                                                                         , KE-09
ken_soil_ph.760 , 1.576063029048386    , 35.14747650239913 ,  5.8,  4.6, 0.006354, West Pokot                                                                     , KE-47
ken_soil_ph.761 , 1.5292873056900975   , 38.11997534700629 ,  7.9,  7.2, 0.02443 , Marsabit                                                                       , KE-25
ken_soil_ph.762 , 1.5731210137166922   , 39.05137197898568 ,  6.4,  4.8, 0.007781, Isiolo                                                                         , KE-09
ken_soil_ph.764 , 1.6025854514765387   , 37.28014510532459 ,  7.0,  5.8, 0.00339 , Samburu                                                                        , KE-37
ken_soil_ph.765 , 0.8672776692197809   , 40.11925144427971 ,  6.4,  5.3, 0.661134, Wajir                                                                          , KE-46
ken_soil_ph.769 , 1.5394261076302411   , 37.45503029215359 ,  7.8,  6.6, 0.011954, Marsabit                                                                       , KE-25
ken_soil_ph.770 , 1.5756516458241459   , 35.50677527151898 ,  7.1,  6.2, 0.001593, West Pokot                                                                     , KE-47
ken_soil_ph.777 , 1.4998394975881792   , 37.70082352262843 ,  7.8,  7.1, 0.023531, Marsabit                                                                       , KE-25
ken_soil_ph.779 , 1.5511219706322028   , 35.53172008829325 ,  8.8,  6.8, 0.001429, West Pokot                                                                     , KE-47
ken_soil_ph.781 , 1.3815996302962268   , 38.08054872870443 ,  8.0,  6.9, 0.035379, Isiolo                                                                         , KE-09
ken_soil_ph.789 , 1.4910897765272848   , 35.58613530523711 ,  7.1,  6.2, 0.014495, West Pokot                                                                     , KE-47
ken_soil_ph.792 , 1.0416701739395564   , 37.44119349329305 ,  7.0,  5.8, 0.093666, Samburu                                                                        , KE-37
ken_soil_ph.793 , 1.4738126484862983   , 35.47881456084234 ,  7.0,  5.8, 0.003686, West Pokot                                                                     , KE-47
ken_soil_ph.796 , 1.3871627385754928   , 35.81321008261215 ,  7.7,  6.9, 0.021817, Baringo                                                                        , KE-01
ken_soil_ph.798 , 1.490340429402105    , 38.1024255520809  ,  8.0,  6.9, 0.002586, Marsabit                                                                       , KE-25
ken_soil_ph.799 , 1.3486305902477242   , 36.176638715263316,  8.0,  6.9, 0.011583, Baringo                                                                        , KE-01
ken_soil_ph.800 , 1.4842006824041911   , 35.29559786306481 ,  7.0,  5.8, 0.002519, West Pokot                                                                     , KE-47
ken_soil_ph.801 , 1.1180868096741      , 36.14833262890741 ,  6.2,  5.7, 0.038758, Baringo                                                                        , KE-01
ken_soil_ph.802 , 1.4874055308023255   , 39.15897443930357 ,  6.4,  4.8, 0.001632, Isiolo                                                                         , KE-09
ken_soil_ph.804 , 1.4094903566864636   , 35.2263032061741  ,  5.9,  4.9, 0.015049, West Pokot                                                                     , KE-47
ken_soil_ph.806 , 1.4363460841623867   , 35.14668017623281 ,  7.9,  7.2, 0.001254, West Pokot                                                                     , KE-47
ken_soil_ph.807 , 1.3122458034791011   , 37.84230562413172 ,  8.0,  6.9, 0.012951, Isiolo                                                                         , KE-09
ken_soil_ph.808 , 1.439305011606568    , 35.58433595179904 ,  7.9,  7.2, 0.001088, West Pokot                                                                     , KE-47
ken_soil_ph.809 , 1.2965527580300646   , 39.90711655882442 ,  6.4,  4.8, 0.034292, Wajir                                                                          , KE-46
ken_soil_ph.810 , 1.4528417959811073   , 35.53677503875127 ,  8.8,  6.8, 0.001802, West Pokot                                                                     , KE-47
ken_soil_ph.811 , 1.4613241370921493   , 39.4392794348746  ,  6.4,  4.8, 0.001415, Wajir                                                                          , KE-46
ken_soil_ph.812 , 1.4602975488693077   , 38.565132729890216,  7.8,  7.1, 0.001856, Isiolo                                                                         , KE-09
ken_soil_ph.814 , 1.200503782349778    , 36.07070167122356 ,  7.6,  7.0, 0.027167, Baringo                                                                        , KE-01
ken_soil_ph.816 , 1.3938132648840826   , 35.65131263153253 ,  8.8,  6.8, 0.003165, Elgeyo-Marakwet                                                                , KE-05
ken_soil_ph.817 , 1.4435519239519479   , 39.24653498415105 ,  6.4,  4.8, 0.002337, Isiolo                                                                         , KE-09
ken_soil_ph.818 , 1.026696277794879    , 35.57087259675176 ,  6.3,  5.4, 0.050615, Elgeyo-Marakwet                                                                , KE-05
ken_soil_ph.819 , 1.4204374046880202   , 39.317761959103116,  6.4,  4.8, 0.002418, Isiolo                                                                         , KE-09
ken_soil_ph.820 , 0.9727462251723096   , 37.42547849547572 ,  6.7,  5.8, 0.170373, Samburu                                                                        , KE-37
ken_soil_ph.821 , 1.3160509129529494   , 34.931894715609985,  7.0,  5.8, 0.023674, Trans Nzoia                                                                    , KE-42
ken_soil_ph.822 , 1.284239387012136    , 37.8883557119796  ,  5.8,  4.4, 0.023416, Isiolo                                                                         , KE-09
ken_soil_ph.823 , 1.3081062108524846   , 35.94782508252769 ,  6.7,  5.2, 0.021443, Baringo                                                                        , KE-01
ken_soil_ph.824 , 1.228919430866647    , 36.58324743598153 ,  6.7,  5.2, 0.033164, Samburu                                                                        , KE-37
ken_soil_ph.825 , 1.197959533244531    , 35.701812335716625,  5.9,  4.9, 0.01123 , Elgeyo-Marakwet                                                                , KE-05
ken_soil_ph.830 , 1.3371994052454095   , 35.25635512236677 ,  7.0,  5.8, 0.005996, West Pokot                                                                     , KE-47
ken_soil_ph.831 , 0.9808724191494311   , 38.08342239230331 ,  7.8,  7.1, 0.370735, Samburu                                                                        , KE-37
ken_soil_ph.832 , 1.3700548829713184   , 36.37625293173455 ,  8.0,  6.9, 0.004118, Samburu                                                                        , KE-37
ken_soil_ph.834 , 1.2691207037059928   , 35.4857014154458  ,  5.1,  4.3, 0.013418, Elgeyo-Marakwet                                                                , KE-05
ken_soil_ph.836 , 1.1920445075009818   , 36.876160636918776,  7.0,  5.8, 0.016451, Samburu                                                                        , KE-37
ken_soil_ph.837 , 1.1500387616129673   , 35.52541280808974 ,  5.3,  4.3, 0.047292, Elgeyo-Marakwet                                                                , KE-05
ken_soil_ph.840 , 1.2730165978390213   , 38.04989420090472 ,  5.8,  4.4, 0.013147, Isiolo                                                                         , KE-09
ken_soil_ph.842 , 1.2819196799753003   , 38.67976323507501 ,  6.4,  5.3, 0.033557, Isiolo                                                                         , KE-09
ken_soil_ph.844 , 1.3157870744454427   , 38.25538431321054 ,  6.4,  5.3, 0.013132, Isiolo                                                                         , KE-09
ken_soil_ph.845 , 1.3589531600575384   , 39.36694170591606 ,  6.4,  4.8, 0.001928, Isiolo                                                                         , KE-09
ken_soil_ph.847 , 1.3338224696303518   , 36.7173577228975  ,  5.1,  4.3, 0.001777, Samburu                                                                        , KE-37
ken_soil_ph.848 , 1.3581932959847718   , 37.64178619233566 ,  5.8,  4.4, 0.000979, Samburu                                                                        , KE-37
ken_soil_ph.849 , 1.198358120061403    , 36.9715275304099  ,  6.7,  5.8, 0.034394, Samburu                                                                        , KE-37
ken_soil_ph.850 , 1.3312245384826633   , 36.8087630771315  ,  7.6,  7.0, 0.004033, Samburu                                                                        , KE-37
ken_soil_ph.851 , 1.258015448908264    , 35.81423721050467 ,  8.0,  6.9, 0.018792, Baringo                                                                        , KE-01
ken_soil_ph.854 , 1.2815533269440624   , 35.59336525495961 ,  5.1,  4.3, 0.006136, Elgeyo-Marakwet                                                                , KE-05
ken_soil_ph.856 , 1.2964277644069326   , 35.031415761146356,  7.9,  7.2, 0.001058, West Pokot                                                                     , KE-47
ken_soil_ph.857 , 1.2746600080277422   , 39.63161679695732 ,  6.4,  4.8, 0.010447, Wajir                                                                          , KE-46
ken_soil_ph.858 , 0.9603602173009677   , 35.64171148710489 ,  7.0,  5.8, 0.020966, Elgeyo-Marakwet                                                                , KE-05
ken_soil_ph.859 , 1.307726882812475    , 39.39538985641321 ,  6.4,  4.8, 0.000943, Isiolo                                                                         , KE-09
ken_soil_ph.860 , 1.2870703219533777   , 35.076833805437744,  8.3,  6.9, 0.002193, West Pokot                                                                     , KE-47
ken_soil_ph.862 , 1.274528470432126    , 35.37323187503119 ,  5.1,  4.3, 0.001322, West Pokot                                                                     , KE-47
ken_soil_ph.863 , 1.2392260277658136   , 35.123234431633506,  5.7,  4.6, 0.00771 , West Pokot                                                                     , KE-47
ken_soil_ph.864 , 1.2646893482156807   , 39.43379847258336 ,  6.4,  4.8, 0.00056 , Wajir                                                                          , KE-46
ken_soil_ph.865 , 1.2442097221032407   , 34.94115400968128 ,  8.3,  6.9, 0.005272, Trans Nzoia                                                                    , KE-42
ken_soil_ph.866 , 0.999618140822135    , 40.65981278751426 ,  6.4,  5.3, 0.108583, Wajir                                                                          , KE-46
ken_soil_ph.867 , 1.1001749290303864   , 35.31482332364552 ,  5.8,  4.8, 0.037718, West Pokot                                                                     , KE-47
ken_soil_ph.869 , 1.1384159289835494   , 35.401032690092805,  5.1,  4.3, 0.014508, Elgeyo-Marakwet                                                                , KE-05
ken_soil_ph.872 , 1.1666170230649138   , 35.70477083766003 ,  7.9,  7.2, 0.002024, Elgeyo-Marakwet                                                                , KE-05
ken_soil_ph.873 , 1.0204032430394552   , 35.10114722771699 ,  5.2,  4.5, 0.103012, West Pokot                                                                     , KE-47
ken_soil_ph.874 , 1.18229415371648     , 38.15055354505987 ,  6.7,  5.8, 0.002105, Isiolo                                                                         , KE-09
ken_soil_ph.875 , 1.191098040113032    , 35.80002722748868 ,  8.8,  6.8, 0.004827, Baringo                                                                        , KE-01
ken_soil_ph.877 , 1.2116085269239436   , 39.43655842018566 ,  6.4,  4.8, 0.000992, Wajir                                                                          , KE-46
ken_soil_ph.878 , 1.0123565198365692   , 34.78095781423935 ,  5.6,  5.0, 0.02466 , Trans Nzoia                                                                    , KE-42
ken_soil_ph.879 , 1.095558102592429    , 38.913534108048744,  7.9,  7.2, 0.03693 , Isiolo                                                                         , KE-09
ken_soil_ph.881 , 0.943205375049107    , 34.64884920759179 ,  4.5,  3.9, 0.055448, Bungoma                                                                        , KE-03
ken_soil_ph.884 , 1.0621183579905362   , 40.04964589073826 ,  6.4,  4.8, 0.020911, Wajir                                                                          , KE-46
ken_soil_ph.885 , 1.1001759941273364   , 36.37094931520403 ,  8.0,  6.9, 0.006396, Samburu                                                                        , KE-37
ken_soil_ph.887 , 1.143148011793168    , 39.53185709476212 ,  6.4,  4.8, 0.00337 , Wajir                                                                          , KE-46
ken_soil_ph.894 , 1.0615262762648674   , 35.74477697191916 ,  8.0,  6.9, 0.010944, Elgeyo-Marakwet                                                                , KE-05
ken_soil_ph.896 , 0.9564014911545056   , 39.88486636907026 ,  6.4,  4.8, 0.061029, Wajir                                                                          , KE-46
ken_soil_ph.897 , 1.0537379995692848   , 38.509930407200905,  8.0,  6.9, 0.024743, Isiolo                                                                         , KE-09
ken_soil_ph.898 , 1.0703717469606155   , 38.32322199974873 ,  6.7,  5.8, 0.017336, Isiolo                                                                         , KE-09
ken_soil_ph.900 , 1.0506990694618277   , 35.1799122429736  ,  5.2,  4.5, 0.002951, West Pokot                                                                     , KE-47
ken_soil_ph.901 , 1.0921645044585693   , 36.642692574028985,  5.6,  5.1, 0.012445, Samburu                                                                        , KE-37
ken_soil_ph.902 , 1.1199475266785703   , 37.7683111478295  ,  5.8,  4.4, 0.000817, Samburu                                                                        , KE-37
ken_soil_ph.903 , 1.0862406162859057   , 35.022929338036285,  5.4,  4.3, 0.004888, West Pokot                                                                     , KE-47
ken_soil_ph.904 , 0.9101237526882545   , 36.00769511185268 ,  8.0,  6.9, 0.008923, Baringo                                                                        , KE-01
ken_soil_ph.905 , 1.1013720123693118   , 34.93135508622647 ,  5.2,  4.5, 0.00246 , Trans Nzoia                                                                    , KE-42
ken_soil_ph.907 , 0.5642190937818586   , 35.77917559376123 ,  6.7,  5.2, 0.138374, Elgeyo-Marakwet                                                                , KE-05
ken_soil_ph.908 , 1.0116023292209293   , 40.77747471497922 ,  6.4,  4.8, 0.028433, Wajir                                                                          , KE-46
ken_soil_ph.909 , 1.0812729920584332   , 40.53178024658256 ,  6.4,  4.8, 0.007092, Wajir                                                                          , KE-46
ken_soil_ph.910 , 0.7435131088530652   , 36.243082241065935,  8.0,  6.5, 0.06412 , Baringo                                                                        , KE-01
ken_soil_ph.911 , 1.0587721281979203   , 36.13232728070585 ,  8.0,  6.9, 0.001702, Baringo                                                                        , KE-01
ken_soil_ph.912 , 1.0156198510130683   , 36.90019251732363 ,  5.1,  4.3, 0.006504, Samburu                                                                        , KE-37
ken_soil_ph.915 , 0.6776352392333044   , 36.716985193596194,  5.8,  4.7, 0.148649, Laikipia                                                                       , KE-20
ken_soil_ph.917 , 1.0074406396413993   , 35.331965986835044,  8.3,  6.9, 0.00704 , West Pokot                                                                     , KE-47
ken_soil_ph.918 , 1.0229421785419215   , 37.663518120147074,  5.8,  4.4, 0.003073, Samburu                                                                        , KE-37
ken_soil_ph.919 , 1.0528383479844492   , 39.64928258729837 ,  6.4,  4.8, 0.001149, Wajir                                                                          , KE-46
ken_soil_ph.924 , 0.9819316088549748   , 36.84208889317363 ,  7.0,  5.8, 0.006793, Laikipia                                                                       , KE-20
ken_soil_ph.925 , 1.0262043777597307   , 36.2340857833129  ,  8.0,  6.9, 0.003641, Samburu                                                                        , KE-37
ken_soil_ph.928 , 0.9766167649867266   , 34.898946262906016,  5.2,  4.5, 0.003008, Bungoma                                                                        , KE-03
ken_soil_ph.930 , 0.9239992802229454   , 38.59178899591952 ,  8.3,  7.2, 0.014666, Isiolo                                                                         , KE-09
ken_soil_ph.933 , 1.0070444271401446   , 34.85264829873115 ,  5.7,  0.0, 0.000543, Trans Nzoia                                                                    , KE-42
ken_soil_ph.935 , 1.0007661231962164   , 38.12907989488285 ,  6.7,  5.8, 0.001043, Isiolo                                                                         , KE-09
ken_soil_ph.937 , 0.6657945259650061   , 36.52856385257913 ,  5.6,  4.8, 0.094764, Baringo                                                                        , KE-01
ken_soil_ph.940 , 0.9341609635791203   , 37.86061997160259 ,  6.7,  5.8, 0.006861, Samburu                                                                        , KE-37
ken_soil_ph.941 , 0.949065577077855    , 38.53597344146142 ,  8.3,  7.0, 0.003345, Isiolo                                                                         , KE-09
ken_soil_ph.945 , 0.9774173711026891   , 37.68977368929718 ,  7.0,  5.8, 0.001482, Samburu                                                                        , KE-37
ken_soil_ph.947 , 0.9767184830843816   , 34.90580404578371 ,  5.6,  0.0, 0.00092 , Bungoma                                                                        , KE-03
ken_soil_ph.948 , 0.8983077635922875   , 35.54855466462767 ,  5.9,  5.5, 0.012943, Elgeyo-Marakwet                                                                , KE-05
ken_soil_ph.950 , 0.8968386292773848   , 34.832125163720846,  5.7,  0.0, 0.002891, Bungoma                                                                        , KE-03
ken_soil_ph.952 , 0.7838634941034459   , 34.802779978658144,  5.6,  0.0, 0.042462, Bungoma                                                                        , KE-03
ken_soil_ph.956 , 0.8272539667401011   , 37.788885230697154,  7.0,  5.8, 0.010656, Samburu                                                                        , KE-37
ken_soil_ph.957 , 0.8862729910090261   , 35.046403710491646,  5.2,  4.5, 0.003167, Uasin Gishu                                                                    , KE-44
ken_soil_ph.958 , 0.9184964091366788   , 38.4603928111758  ,  6.7,  5.8, 0.00233 , Isiolo                                                                         , KE-09
ken_soil_ph.959 , 0.8863467840214312   , 40.40422320415254 ,  6.4,  4.8, 0.02505 , Wajir                                                                          , KE-46
ken_soil_ph.963 , 0.7864071538234186   , 34.95782183586145 ,  5.2,  4.5, 0.005685, Bungoma                                                                        , KE-03
ken_soil_ph.964 , 0.9155294900863756   , 38.10462057510172 ,  6.7,  5.8, 0.000493, Samburu                                                                        , KE-37
ken_soil_ph.965 , 0.9055058820253357   , 39.66567487823043 ,  6.4,  4.8, 0.001272, Wajir                                                                          , KE-46
ken_soil_ph.967 , 0.7208452567497217   , 35.70176036285427 ,  6.4,  5.3, 0.011111, Elgeyo-Marakwet                                                                , KE-05
ken_soil_ph.970 , 0.6089598343308591   , 35.28603480192289 ,  5.2,  4.2, 0.143422, Uasin Gishu                                                                    , KE-44
ken_soil_ph.971 , 0.8012044261868021   , 38.691519317749524,  6.4,  5.4, 0.012046, Isiolo                                                                         , KE-09
ken_soil_ph.977 , 0.8222616644967662   , 38.55067350756058 ,  8.3,  7.0, 0.007671, Isiolo                                                                         , KE-09
ken_soil_ph.978 , 0.8298188576687011   , 40.09599047273879 ,  6.4,  4.8, 0.004821, Wajir                                                                          , KE-46
ken_soil_ph.980 , 0.6668957641236528   , 37.303663465584066,  8.5,  7.3, 0.08582 , Samburu                                                                        , KE-37
ken_soil_ph.982 , 0.8763010207219147   , 35.227683082259645,  5.8,  4.2, 0.000188, Uasin Gishu                                                                    , KE-44
ken_soil_ph.983 , 0.8754009840374516   , 35.29113764915448 ,  5.8,  4.2, 0.000189, Uasin Gishu                                                                    , KE-44
ken_soil_ph.984 , 0.8671890932025698   , 38.04764239959215 ,  6.7,  5.8, 0.001348, Samburu                                                                        , KE-37
ken_soil_ph.991 , 0.6171405693131657   , 35.64601769439551 ,  7.9,  7.2, 0.010505, Elgeyo-Marakwet                                                                , KE-05
ken_soil_ph.992 , 0.805938212061523    , 34.838025855619215,  5.2,  4.5, 0.001025, Bungoma                                                                        , KE-03
ken_soil_ph.996 , 0.813522961896648    , 39.75434427427072 ,  6.4,  4.8, 0.003319, Wajir                                                                          , KE-46
ken_soil_ph.998 , 0.7581822971235124   , 34.41231551180187 ,  5.2,  3.9, 0.011365, Bungoma                                                                        , KE-03
ken_soil_ph.999 , 0.8270083181667156   , 35.38467319227089 ,  5.8,  4.2, 0.000339, Uasin Gishu                                                                    , KE-44
ken_soil_ph.1000, 0.7900190363304392   , 37.54500512876593 ,  7.1,  6.2, 0.003497, Samburu                                                                        , KE-37
ken_soil_ph.1002, 0.5391647585440331   , 38.013277689745614,  7.0,  6.0, 0.190919, Meru                                                                           , KE-26
ken_soil_ph.1003, 0.7992582253317058   , 34.589722901006986,  5.7,  0.0, 0.0024  , Bungoma                                                                        , KE-03
ken_soil_ph.1004, 0.8275224214561031   , 36.8215112792363  ,  7.9,  6.5, 0.000446, Laikipia                                                                       , KE-20
ken_soil_ph.1005, 0.8241089221302669   , 35.28812141866867 ,  5.8,  4.2, 0.000191, Uasin Gishu                                                                    , KE-44
ken_soil_ph.1006, 0.8215552354836978   , 36.871720865718814,  7.9,  6.5, 0.000342, Laikipia                                                                       , KE-20
ken_soil_ph.1007, 0.7597673084113886   , 39.12166636867505 ,  6.4,  5.3, 0.006433, Isiolo                                                                         , KE-09
ken_soil_ph.1008, 0.7924295968963184   , 38.9106548899086  ,  6.4,  5.3, 0.00429 , Isiolo                                                                         , KE-09
ken_soil_ph.1010, 0.7767041013720006   , 34.794135950962534,  5.2,  4.5, 0.001941, Bungoma                                                                        , KE-03
ken_soil_ph.1011, 0.32465201630862917  , 35.55729212088654 ,  5.7,  4.3, 0.095667, Elgeyo-Marakwet                                                                , KE-05
ken_soil_ph.1012, 0.7987573308040504   , 35.57624211488561 ,  8.3,  6.9, 0.000394, Elgeyo-Marakwet                                                                , KE-05
ken_soil_ph.1013, 0.7918325470578136   , 34.550558276599695,  5.9,  5.5, 0.001257, Bungoma                                                                        , KE-03
ken_soil_ph.1015, 0.7840581609218137   , 37.91710095034787 ,  7.0,  5.8, 0.001791, Samburu                                                                        , KE-37
ken_soil_ph.1016, 0.765504019705827    , 37.40216323725239 ,  7.1,  6.2, 0.001961, Samburu                                                                        , KE-37
ken_soil_ph.1017, 0.7793900337167585   , 35.30528289881024 ,  5.8,  4.2, 0.001193, Uasin Gishu                                                                    , KE-44
ken_soil_ph.1018, 0.7890545943804916   , 35.41697423419009 ,  5.8,  4.2, 0.000301, Elgeyo-Marakwet                                                                , KE-05
ken_soil_ph.1021, 0.708588645294791    , 34.5240524356332  ,  5.2,  4.7, 0.013772, Bungoma                                                                        , KE-03
ken_soil_ph.1022, 0.7607733975986883   , 35.06887356533605 ,  5.2,  4.7, 0.005686, Uasin Gishu                                                                    , KE-44
ken_soil_ph.1023, 0.7775963996899649   , 38.09812195101197 ,  5.4,  4.3, 0.001265, Samburu                                                                        , KE-37
ken_soil_ph.1025, 0.7604010821480878   , 38.15539027427608 ,  7.0,  5.8, 0.002397, Samburu                                                                        , KE-37
ken_soil_ph.1026, 0.7536363237963866   , 35.23823398791257 ,  5.8,  4.2, 0.000916, Uasin Gishu                                                                    , KE-44
ken_soil_ph.1027, 0.7458865087523169   , 36.79745756881496 ,  7.9,  6.5, 0.002265, Laikipia                                                                       , KE-20
ken_soil_ph.1028, 0.7720245594667458   , 35.3740939537702  ,  5.8,  4.2, 0.00033 , Uasin Gishu                                                                    , KE-44
ken_soil_ph.1030, 0.7657083669205658   , 36.84729209051139 ,  7.9,  6.5, 0.000435, Laikipia                                                                       , KE-20
ken_soil_ph.1034, 0.762188758845152    , 38.01538188368309 ,  7.0,  5.8, 0.000667, Samburu                                                                        , KE-37
ken_soil_ph.1035, 0.7568658647882223   , 40.18526155920003 ,  6.4,  4.8, 0.001078, Wajir                                                                          , KE-46
ken_soil_ph.1036, 0.6556390673381116   , 37.18593206700509 ,  6.7,  5.8, 0.042327, Samburu                                                                        , KE-37
ken_soil_ph.1037, 0.726064956082064    , 36.74567552585688 ,  7.9,  6.5, 0.002003, Laikipia                                                                       , KE-20
ken_soil_ph.1039, 0.6776655418476887   , 34.61124262918644 ,  5.6,  4.3, 0.004696, Bungoma                                                                        , KE-03
ken_soil_ph.1041, 0.5926172044180055   , 38.477986334146934,  6.7,  5.8, 0.030223, Isiolo                                                                         , KE-09
ken_soil_ph.1042, 0.7402642092436911   , 34.48404587805647 ,  5.2,  3.9, 0.00098 , Bungoma                                                                        , KE-03
ken_soil_ph.1043, 0.68327711548604     , 34.66875817919029 ,  5.2,  4.1, 0.010619, Bungoma                                                                        , KE-03
ken_soil_ph.1044, 0.47237654060540124  , 35.80849022333729 ,  5.0,  4.5, 0.029827, Baringo                                                                        , KE-01
ken_soil_ph.1045, 0.7318359173681315   , 36.04937913245509 ,  7.8,  6.9, 0.001061, Baringo                                                                        , KE-01
ken_soil_ph.1046, 0.6299521148257701   , 34.292746611122524,  5.8,  4.8, 0.010085, Bungoma                                                                        , KE-03
ken_soil_ph.1052, 0.7037396342273701   , 39.37034586608869 ,  6.4,  5.3, 0.016374, Isiolo                                                                         , KE-09
ken_soil_ph.1053, 0.7181981502898588   , 34.45715690214253 ,  5.8,  4.8, 0.001436, Bungoma                                                                        , KE-03
ken_soil_ph.1055, 0.695135216000328    , 38.90358852972339 ,  6.4,  5.3, 0.009109, Isiolo                                                                         , KE-09
ken_soil_ph.1056, 0.7295074054415134   , 39.85671234732668 ,  6.4,  4.8, 0.001332, Wajir                                                                          , KE-46
ken_soil_ph.1057, 0.633485279532064    , 34.68842503078323 ,  5.8,  4.8, 0.002225, Bungoma                                                                        , KE-03
ken_soil_ph.1059, 0.7308918383499144   , 35.384273841269646,  5.8,  4.2, 0.000289, Uasin Gishu                                                                    , KE-44
ken_soil_ph.1061, 0.7137846471418842   , 40.14022112002664 ,  6.4,  4.8, 0.00257 , Wajir                                                                          , KE-46
ken_soil_ph.1063, 0.7153917569528523   , 35.2002504866275  ,  5.8,  4.2, 0.000558, Uasin Gishu                                                                    , KE-44
ken_soil_ph.1064, 0.7135246597373277   , 36.860646080127495,  7.9,  6.5, 0.000685, Laikipia                                                                       , KE-20
ken_soil_ph.1065, 0.48025082986213985  , 34.41713101714305 ,  5.2,  3.9, 0.088086, Kakamega                                                                       , KE-11
ken_soil_ph.1067, 0.6822112654191543   , 34.746504264909035,  6.4,  5.4, 0.001821, Bungoma                                                                        , KE-03
ken_soil_ph.1068, 0.655572140006816    , 36.998947044486535,  8.5,  7.3, 0.00638 , Laikipia                                                                       , KE-20
ken_soil_ph.1069, 0.6748653803641932   , 34.395656277493416,  5.2,  4.7, 0.005137, Bungoma                                                                        , KE-03
ken_soil_ph.1070, 0.6370747043907415   , 34.65064557035436 ,  5.8,  4.8, 0.002792, Bungoma                                                                        , KE-03
ken_soil_ph.1071, 0.7037805155265517   , 35.258443678707636,  5.8,  4.2, 0.000648, Uasin Gishu                                                                    , KE-44
ken_soil_ph.1073, 0.6901535617056774   , 35.07597262590347 ,  5.8,  4.2, 0.000523, Uasin Gishu                                                                    , KE-44
ken_soil_ph.1074, 0.6497702327412397   , 34.73295852153052 ,  5.8,  4.8, 0.001909, Bungoma                                                                        , KE-03
ken_soil_ph.1075, 0.689529551771905    , 35.12328695827569 ,  5.8,  4.2, 0.000405, Uasin Gishu                                                                    , KE-44
ken_soil_ph.1076, 0.6390336157515693   , 36.00309578928289 ,  7.1,  5.1, 0.005685, Baringo                                                                        , KE-01
ken_soil_ph.1077, 0.6635841270986372   , 36.15935153092586 ,  8.0,  6.9, 0.003618, Baringo                                                                        , KE-01
ken_soil_ph.1078, 0.6332458778483174   , 34.58508233953252 ,  5.8,  4.8, 0.002636, Bungoma                                                                        , KE-03
ken_soil_ph.1080, 0.6296745289413381   , 35.54631436851729 ,  8.3,  6.9, 0.002187, Elgeyo-Marakwet                                                                , KE-05
ken_soil_ph.1081, 0.6631712164980347   , 34.33732226486817 ,  5.2,  3.9, 0.001368, Bungoma                                                                        , KE-03
ken_soil_ph.1082, 0.6813558528388612   , 35.31100725621813 ,  5.8,  4.2, 0.000517, Uasin Gishu                                                                    , KE-44
ken_soil_ph.1085, 0.5968576308773998   , 39.0800163175836  ,  6.4,  5.4, 0.017994, Garissa                                                                        , KE-07
ken_soil_ph.1088, 0.6582968963185843   , 35.39330867294667 ,  5.8,  4.2, 0.000228, Uasin Gishu                                                                    , KE-44
ken_soil_ph.1090, 0.6022542996389272   , 35.004369663888056,  5.2,  4.7, 0.018776, Uasin Gishu                                                                    , KE-44
ken_soil_ph.1092, 0.6243070220775057   , 40.499375305154445,  6.4,  4.8, 0.014768, Wajir                                                                          , KE-46
ken_soil_ph.1094, 0.6558782400071047   , 35.35939781796183 ,  5.8,  4.2, 0.000389, Uasin Gishu                                                                    , KE-44
ken_soil_ph.1095, 0.6534853436312592   , 36.82340184951631 ,  7.9,  6.5, 0.000414, Laikipia                                                                       , KE-20
ken_soil_ph.1096, 0.6279680099541645   , 36.136544687188255,  7.8,  6.9, 0.00163 , Baringo                                                                        , KE-01
ken_soil_ph.1097, 0.6322315354521174   , 34.58011166768665 ,  5.2,  3.9, 0.001084, Bungoma                                                                        , KE-03
ken_soil_ph.1098, 0.5780060940681255   , 34.772370884114586,  5.2,  4.1, 0.008496, Kakamega                                                                       , KE-11
ken_soil_ph.1100, 0.5858796317128886   , 40.27157285524898 ,  6.4,  4.8, 0.031741, Wajir                                                                          , KE-46
ken_soil_ph.1103, 0.6486706472938228   , 35.29769530931488 ,  5.8,  4.2, 0.00028 , Uasin Gishu                                                                    , KE-44
ken_soil_ph.1105, 0.6276446141290403   , 38.716650945818   ,  6.4,  4.8, 0.002132, Isiolo                                                                         , KE-09
ken_soil_ph.1108, 0.5962415277787072   , 37.83050614052987 ,  7.0,  5.8, 0.003688, Meru                                                                           , KE-26
ken_soil_ph.1109, 0.6344650231456521   , 35.215471291016726,  5.8,  4.2, 0.000444, Uasin Gishu                                                                    , KE-44
ken_soil_ph.1111, 0.6390679259017903   , 35.42901997402975 ,  5.8,  4.2, 0.000235, Elgeyo-Marakwet                                                                , KE-05
ken_soil_ph.1113, 0.6268271112104834   , 35.280952736595545,  5.8,  4.2, 0.000277, Uasin Gishu                                                                    , KE-44
ken_soil_ph.1115, 0.4003521507365022   , 37.029036436391856,  6.7,  5.8, 0.055794, Laikipia                                                                       , KE-20
ken_soil_ph.1116, 0.6210755196241592   , 35.180887456928254,  5.8,  4.2, 0.000763, Uasin Gishu                                                                    , KE-44
ken_soil_ph.1117, 0.4824289340562616   , 34.305680018906536,  5.8,  4.8, 0.020007, Kakamega                                                                       , KE-11
ken_soil_ph.1118, 0.6063147297684809   , 35.3377758815778  ,  5.8,  4.2, 0.000521, Uasin Gishu                                                                    , KE-44
ken_soil_ph.1122, 0.6165667745561184   , 36.084847473338925,  8.0,  6.5, 0.000325, Baringo                                                                        , KE-01
ken_soil_ph.1126, 0.5856197407295386   , 37.67571429318897 ,  5.4,  4.3, 0.003425, Meru                                                                           , KE-26
ken_soil_ph.1128, 0.5957740305623197   , 38.30177930137459 ,  6.7,  5.8, 0.00094 , Isiolo                                                                         , KE-09
ken_soil_ph.1130, 0.5504613880593308   , 37.18793441182788 ,  7.0,  5.8, 0.009168, Laikipia                                                                       , KE-20
ken_soil_ph.1133, 0.49268068365361467  , 36.06755579750577 ,  8.0,  6.9, 0.023546, Baringo                                                                        , KE-01
ken_soil_ph.1134, 0.5141759320740661   , 35.94590622253484 ,  7.6,  7.0, 0.010742, Baringo                                                                        , KE-01
ken_soil_ph.1135, 0.5510000946211328   , 34.719519393669295,  5.6,  4.3, 0.004781, Kakamega                                                                       , KE-11
ken_soil_ph.1136, 0.4967248575106801   , 34.47933872669439 ,  5.8,  4.8, 0.004111, Kakamega                                                                       , KE-11
ken_soil_ph.1137, 0.5480830188232142   , 40.964213586082124,  6.4,  4.8, 0.005773, Wajir                                                                          , KE-46
ken_soil_ph.1138, 0.43432429537014705  , 37.357801857717   ,  7.0,  5.8, 0.00938 , Laikipia                                                                       , KE-20
ken_soil_ph.1140, 0.5448142479316391   , 34.87072319792587 ,  6.4,  5.4, 0.002385, Kakamega                                                                       , KE-11
ken_soil_ph.1142, 0.5726768466066299   , 35.37237347072395 ,  5.8,  4.2, 0.000411, Uasin Gishu                                                                    , KE-44
ken_soil_ph.1143, 0.4593195645379733   , 37.46402325576059 ,  7.0,  6.0, 0.024574, Meru                                                                           , KE-26
ken_soil_ph.1144, 0.4293537913919569   , 34.58193129200125 ,  5.8,  4.8, 0.014308, Kakamega                                                                       , KE-11
ken_soil_ph.1146, 0.5013960212038127   , 37.358473295601655,  7.0,  6.0, 0.004159, Laikipia                                                                       , KE-20
ken_soil_ph.1147, 0.5371483900754599   , 35.207876103781935,  5.8,  4.2, 0.005487, Uasin Gishu                                                                    , KE-44
ken_soil_ph.1151, 0.4880934574886066   , 36.09106391210426 ,  7.8,  6.9, 0.003726, Baringo                                                                        , KE-01
ken_soil_ph.1153, 0.40713620484548924  , 37.584643096265225,  7.8,  6.9, 0.008035, Meru                                                                           , KE-26
ken_soil_ph.1154, 0.48660565200597955  , 38.635340336156894,  7.8,  7.1, 0.022445, Garissa                                                                        , KE-07
ken_soil_ph.1155, 0.5251397235041504   , 34.846525558411884,  5.8,  4.8, 0.001149, Kakamega                                                                       , KE-11
ken_soil_ph.1156, 0.5277938208495285   , 35.44526858646686 ,  5.8,  4.2, 0.000371, Elgeyo-Marakwet                                                                , KE-05
ken_soil_ph.1157, 0.4831388117320151   , 39.07217940016011 ,  6.4,  5.4, 0.021542, Garissa                                                                        , KE-07
ken_soil_ph.1159, 0.5227216931211321   , 35.34852093366514 ,  5.8,  4.2, 0.000262, Uasin Gishu                                                                    , KE-44
ken_soil_ph.1162, 0.16006513360779573  , 34.96763323894046 ,  5.8,  4.4, 0.059851, Kisumu                                                                         , KE-17
ken_soil_ph.1163, 0.42346709840852786  , 37.53006547490184 ,  7.0,  5.8, 0.011837, Meru                                                                           , KE-26
ken_soil_ph.1164, 0.30019421159935944  , 38.554701370990955,  6.7,  5.8, 0.071192, Isiolo                                                                         , KE-09
ken_soil_ph.1166, 0.4999187564967573   , 34.170621018849765,  5.8,  4.8, 0.001294, Busia                                                                          , UG-202
ken_soil_ph.1169, 0.50710001526416     , 36.685573357877615,  7.9,  6.5, 0.000497, Laikipia                                                                       , KE-20
ken_soil_ph.1170, 0.35852029305877187  , 34.71250164235072 ,  5.2,  4.7, 0.060156, Kakamega                                                                       , KE-11
ken_soil_ph.1171, 0.38309294798682497  , 35.67696921510312 ,  8.2,  7.0, 0.009412, Elgeyo-Marakwet                                                                , KE-05
ken_soil_ph.1172, 0.43586983907317606  , 36.76550177948383 ,  8.5,  7.3, 0.012424, Laikipia                                                                       , KE-20
ken_soil_ph.1173, 0.4664077858389527   , 34.14215144357618 ,  5.2,  3.9, 0.001624, Busia                                                                          , UG-202
ken_soil_ph.1175, 0.36328655151861106  , 40.345507883728075,  6.4,  4.8, 0.064641, Wajir                                                                          , KE-46
ken_soil_ph.1178, 0.48864469093431256  , 35.427483962079855,  5.8,  4.2, 0.000597, Elgeyo-Marakwet                                                                , KE-05
ken_soil_ph.1179, 0.3186170959808469   , 36.191134291472714,  6.7,  5.2, 0.024492, Baringo                                                                        , KE-01
ken_soil_ph.1181, 0.45126537854075655  , 34.36959622274985 ,  5.2,  4.1, 0.005221, Kakamega                                                                       , KE-11
ken_soil_ph.1182, 0.45333863207659497  , 34.21503425670151 ,  5.2,  4.1, 0.003723, Kakamega                                                                       , KE-11
ken_soil_ph.1184, 0.4759864724213184   , 37.84979105177756 ,  7.0,  5.8, 0.000432, Meru                                                                           , KE-26
ken_soil_ph.1186, 0.461899450578437    , 36.618943880561545,  7.9,  6.5, 0.000512, Laikipia                                                                       , KE-20
ken_soil_ph.1188, 0.37617409937777585  , 35.38807256906482 ,  5.8,  4.2, 0.014599, Uasin Gishu                                                                    , KE-44
ken_soil_ph.1189, 0.4436331588270254   , 34.33402367632004 ,  5.8,  4.8, 0.000843, Kakamega                                                                       , KE-11
ken_soil_ph.1191, 0.44585647930089584  , 38.797796080029485,  6.4,  4.8, 0.002483, Garissa                                                                        , KE-07
ken_soil_ph.1192, 0.194891879995897    , 36.04004475540022 ,  8.0,  6.5, 0.099434, Nakuru                                                                         , KE-31
ken_soil_ph.1193, 0.4525658548608451   , 36.78935568872035 ,  5.8,  4.7, 0.000309, Laikipia                                                                       , KE-20
ken_soil_ph.1194, 0.44614834588797514  , 35.294060349483615,  5.8,  4.2, 0.000452, Uasin Gishu                                                                    , KE-44
ken_soil_ph.1195, 0.25557026257283816  , 35.10075732155571 ,  5.9,  5.5, 0.034508, Uasin Gishu                                                                    , KE-44
ken_soil_ph.1197, 0.44643676657573866  , 35.410532694660695,  5.8,  4.2, 0.000537, Elgeyo-Marakwet                                                                , KE-05
ken_soil_ph.1198, 0.4152420269110546   , 34.15281170609277 ,  5.2,  4.1, 0.001914, Busia                                                                          , UG-202
ken_soil_ph.1201, 0.3431830696305148   , 34.53105787531109 ,  5.2,  3.9, 0.011431, Kakamega                                                                       , KE-11
ken_soil_ph.1202, 0.3160898855923512   , 40.87272403737266 ,  6.4,  5.3, 0.029869, Wajir                                                                          , KE-46
ken_soil_ph.1203, 0.3969319416052566   , 38.68560204814668 ,  6.1,  5.2, 0.003081, Garissa                                                                        , KE-07
ken_soil_ph.1204, 0.4128797836397646   , 39.23935095232736 ,  6.4,  5.4, 0.005398, Garissa                                                                        , KE-07
ken_soil_ph.1205, 0.42130364976115836  , 38.54468745277684 ,  6.4,  5.3, 0.000743, Isiolo                                                                         , KE-09
ken_soil_ph.1206, 0.18022863146261822  , 36.77513733094709 ,  6.2,  5.0, 0.097711, Laikipia                                                                       , KE-20
ken_soil_ph.1211, 0.39288398636458977  , 37.1303357778456  ,  6.5,  5.5, 0.003818, Laikipia                                                                       , KE-20
ken_soil_ph.1212, 0.2219905563074291   , 34.282783252380945,  5.2,  4.1, 0.044148, Kakamega                                                                       , KE-11
ken_soil_ph.1213, 0.40578670552892776  , 38.30775425901847 ,  7.0,  6.0, 0.001172, Isiolo                                                                         , KE-09
ken_soil_ph.1215, 0.019085962066777054 , 38.387270060411   ,  7.8,  7.1, 0.082015, Isiolo                                                                         , KE-09
ken_soil_ph.1216, 0.25275433889097615  , 39.283325033790895,  6.4,  5.4, 0.072278, Garissa                                                                        , KE-07
ken_soil_ph.1218, 0.27561144156120077  , 38.053119706112135,  5.6,  5.1, 0.018919, Meru                                                                           , KE-26
ken_soil_ph.1219, 0.3837398364084634   , 34.309946652893586,  5.8,  4.8, 0.000706, Kakamega                                                                       , KE-11
ken_soil_ph.1220, 0.06416536208752527  , 36.34041349922664 ,  5.6,  5.1, 0.090536, Nyandarua                                                                      , KE-35
ken_soil_ph.1221, 0.37065859941940194  , 36.086249690652124,  7.8,  6.9, 0.00147 , Baringo                                                                        , KE-01
ken_soil_ph.1222, 0.2661175068739019   , 37.25023396998093 ,  6.5,  5.5, 0.018893, Laikipia                                                                       , KE-20
ken_soil_ph.1224, 0.3531096159675509   , 38.76945688409572 ,  6.1,  5.2, 0.007738, Garissa                                                                        , KE-07
ken_soil_ph.1225, 0.3688665559173237   , 36.69323931632406 ,  6.2,  5.0, 0.000882, Laikipia                                                                       , KE-20
ken_soil_ph.1227, 0.35874718684121343  , 37.317641273854356,  7.0,  6.0, 0.001622, Laikipia                                                                       , KE-20
ken_soil_ph.1230, 0.352117804942374    , 35.986789232007375,  7.1,  5.1, 0.001161, Baringo                                                                        , KE-01
ken_soil_ph.1231, 0.3694810850879079   , 35.27218733330277 ,  5.8,  4.2, 0.000367, Uasin Gishu                                                                    , KE-44
ken_soil_ph.1232, 0.14850162581627147  , 39.52519912377219 ,  6.4,  5.4, 0.152094, Garissa                                                                        , KE-07
ken_soil_ph.1238, 0.20149452533845305  , 34.801121504972954,  5.6,  4.5, 0.056376, Kakamega                                                                       , KE-11
ken_soil_ph.1241, 0.2899595151207848   , 35.108144940766756,  5.8,  4.2, 0.002582, Uasin Gishu                                                                    , KE-44
ken_soil_ph.1242, 0.3393838380437629   , 35.23813975423153 ,  5.8,  4.2, 0.000444, Uasin Gishu                                                                    , KE-44
ken_soil_ph.1245, 0.25591326114164437  , 36.63121113013588 ,  6.2,  5.0, 0.015561, Laikipia                                                                       , KE-20
ken_soil_ph.1247, 0.33254851997926504  , 36.55723972016069 ,  7.9,  6.5, 0.000726, Laikipia                                                                       , KE-20
ken_soil_ph.1248, -0.08514762613514147 , 38.768288888867204,  7.8,  7.1, 0.173621, Garissa                                                                        , KE-07
ken_soil_ph.1250, 0.2686794060968589   , 34.355568308082184,  6.7,  5.0, 0.005801, Kakamega                                                                       , KE-11
ken_soil_ph.1251, 0.24524256313560097  , 37.094663103592325,  7.0,  5.8, 0.002868, Laikipia                                                                       , KE-20
ken_soil_ph.1252, 0.3245014885938099   , 35.30136594346806 ,  5.8,  4.2, 0.000906, Uasin Gishu                                                                    , KE-44
ken_soil_ph.1253, 0.3304035204924735   , 35.05454481259898 ,  5.8,  4.2, 0.000287, Uasin Gishu                                                                    , KE-44
ken_soil_ph.1254, 0.27677876037091875  , 37.14451980673466 ,  7.0,  5.8, 0.002332, Laikipia                                                                       , KE-20
ken_soil_ph.1257, 0.297207173451787    , 34.26043772624594 ,  5.8,  4.8, 0.000733, Kakamega                                                                       , KE-11
ken_soil_ph.1258, 0.2685401527726121   , 37.45339376865564 ,  5.8,  4.7, 0.008626, Meru                                                                           , KE-26
ken_soil_ph.1259, 0.29643462876184135  , 39.111309822667536,  6.4,  5.4, 0.003811, Garissa                                                                        , KE-07
ken_soil_ph.1261, 0.29118248785175455  , 35.41246480661138 ,  5.2,  4.2, 0.003404, Elgeyo-Marakwet                                                                , KE-05
ken_soil_ph.1262, 0.2612798805762938   , 36.918857045588055,  8.5,  7.3, 0.0008  , Laikipia                                                                       , KE-20
ken_soil_ph.1263, 0.2936964835186644   , 36.06568666183953 ,  7.1,  5.1, 0.000415, Baringo                                                                        , KE-01
ken_soil_ph.1266, 0.1594487229471215   , 37.27725045445869 ,  5.8,  4.7, 0.014532, Meru                                                                           , KE-26
ken_soil_ph.1268, 0.1625918458732962   , 35.387022248972464,  5.6,  5.0, 0.053133, Nandi                                                                          , KE-32
ken_soil_ph.1269, 0.27405953969016034  , 35.981924535123326,  7.1,  5.1, 0.000536, Baringo                                                                        , KE-01
ken_soil_ph.1270, 0.23732768258323347  , 38.97040280253303 ,  6.4,  5.3, 0.022551, Garissa                                                                        , KE-07
ken_soil_ph.1272, 0.1537558658720804   , 38.290615319027914,  6.7,  5.8, 0.020912, Isiolo                                                                         , KE-09
ken_soil_ph.1273, 0.27718705001193333  , 35.5295240809961  ,  5.8,  4.2, 0.000373, Elgeyo-Marakwet                                                                , KE-05
ken_soil_ph.1275, 0.1719908829631489   , 38.16472219424401 ,  7.0,  6.0, 0.020372, Tharaka-Nithi                                                                  , KE-41
ken_soil_ph.1276, 0.06134734353153837  , 40.71472675934757 ,  6.4,  4.8, 0.182768, Garissa                                                                        , KE-07
ken_soil_ph.1277, 0.25180696253631296  , 35.21016155732983 ,  5.8,  4.2, 0.005334, Uasin Gishu                                                                    , KE-44
ken_soil_ph.1279, 0.22159514947298806  , 37.481541568810314,  7.9,  6.5, 0.011156, Meru                                                                           , KE-26
ken_soil_ph.1280, 0.24013663900689244  , 39.95660939303269 ,  6.4,  5.4, 0.016304, Garissa                                                                        , KE-07
ken_soil_ph.1283, 0.2661804038428493   , 37.492336577148464,  6.5,  5.5, 0.000808, Meru                                                                           , KE-26
ken_soil_ph.1284, 0.25784576158144323  , 35.31893141532306 ,  5.8,  4.2, 0.001189, Uasin Gishu                                                                    , KE-44
ken_soil_ph.1288, 0.25378355260030083  , 36.03555104339591 ,  7.1,  5.1, 0.000741, Baringo                                                                        , KE-01
ken_soil_ph.1289, 0.24457989970982227  , 38.71358223920225 ,  6.4,  5.3, 0.006551, Garissa                                                                        , KE-07
ken_soil_ph.1293, 0.19345955696635023  , 34.47269684255302 ,  5.2,  3.9, 0.010224, Siaya                                                                          , KE-38
ken_soil_ph.1295, 0.23036870762912975  , 37.33560536731336 ,  6.5,  5.5, 0.001753, Laikipia                                                                       , KE-20
ken_soil_ph.1296, -0.14373879885657187 , 40.2697715280999  ,  6.4,  5.3, 0.25303 , Garissa                                                                        , KE-07
ken_soil_ph.1302, 0.2213647880315667   , 34.19801958365288 ,  5.8,  4.8, 0.000497, Busia                                                                          , UG-202
ken_soil_ph.1303, 0.17904870520895627  , 34.582840378533916,  5.2,  4.5, 0.01763 , Siaya                                                                          , KE-38
ken_soil_ph.1310, 0.16753082791187046  , 34.26235916339516 ,  5.8,  4.8, 0.002446, Siaya                                                                          , KE-38
ken_soil_ph.1312, 0.16032770993253953  , 37.13850191615151 ,  6.5,  5.5, 0.00378 , Meru                                                                           , KE-26
ken_soil_ph.1314, 0.17058209313405662  , 35.601653997293326,  5.8,  4.2, 0.000765, Baringo                                                                        , KE-01
ken_soil_ph.1315, 0.1730309164376762   , 35.21195055778205 ,  5.8,  4.2, 0.000701, Nandi                                                                          , KE-32
ken_soil_ph.1318, 0.167568756858954    , 35.88972559406643 ,  7.1,  5.1, 0.001144, Nakuru                                                                         , KE-31
ken_soil_ph.1320, 0.07738078463388395  , 36.992919544492594,  6.2,  5.0, 0.017953, Laikipia                                                                       , KE-20
ken_soil_ph.1321, 0.06867343614800861  , 37.75561302341013 ,  6.7,  0.0, 0.051876, Meru                                                                           , KE-26
ken_soil_ph.1322, 0.14192388204617773  , 36.271250708620116,  5.6,  0.0, 0.003755, Nyandarua                                                                      , KE-35
ken_soil_ph.1324, 0.051120326522793476 , 35.72984622887716 ,  5.7,  4.3, 0.022041, Baringo                                                                        , KE-01
ken_soil_ph.1329, 0.13895355502255843  , 36.2294775748466  ,  7.1,  5.1, 0.001228, Nyandarua                                                                      , KE-35
ken_soil_ph.1330, 0.15311118459801631  , 36.19455875787759 ,  7.1,  5.1, 0.000614, Nakuru                                                                         , KE-31
ken_soil_ph.1332, -0.5749597169277446  , 37.11429195648777 ,  5.6,  5.0, 0.27895 , Nyeri                                                                          , KE-36
ken_soil_ph.1333, 0.1285224944123442   , 36.05283332833061 ,  7.1,  5.1, 0.002037, Nakuru                                                                         , KE-31
ken_soil_ph.1334, 0.07385996767122978  , 36.14841140187718 ,  7.1,  5.1, 0.004478, Nakuru                                                                         , KE-31
ken_soil_ph.1337, 0.1193281932671556   , 34.10494157492893 ,  6.5,  4.8, 0.006159, Busia                                                                          , KE-04
ken_soil_ph.1341, 0.0986725206970479   , 34.05221936265717 ,  6.7,  5.0, 0.003862, Busia                                                                          , KE-04
ken_soil_ph.1343, 0.05217986908600337  , 34.4853698338105  ,  4.8,  3.9, 0.029691, Siaya                                                                          , KE-38
ken_soil_ph.1344, 0.10371567604111616  , 34.198382582506554,  5.2,  3.9, 0.006687, Busia                                                                          , KE-04
ken_soil_ph.1348, 0.01653465411203132  , 37.10367785371199 ,  6.2,  5.0, 0.021988, Meru                                                                           , KE-26
ken_soil_ph.1349, -0.058966098156125656, 38.07065956140804 ,  7.2,  6.0, 0.054604, Tharaka-Nithi                                                                  , KE-41
ken_soil_ph.1350, 0.0752610764279491   , 35.1593928149213  ,  5.1,  4.4, 0.008171, Nandi                                                                          , KE-32
ken_soil_ph.1353, 0.06877518297337916  , 34.693557628019484,  5.8,  4.0, 0.015072, Kisumu                                                                         , KE-17
ken_soil_ph.1356, -0.19671658923422064 , 40.85884611954465 ,  6.4,  5.3, 0.100362, Garissa                                                                        , KE-07
ken_soil_ph.1359, 0.05496052443491933  , 40.28905667264272 ,  6.4,  4.8, 0.003725, Garissa                                                                        , KE-07
ken_soil_ph.1360, 0.08249308342497556  , 36.08425468986605 ,  7.1,  5.1, 0.000596, Nakuru                                                                         , KE-31
ken_soil_ph.1361, 0.07449309732286616  , 34.29164086180532 ,  5.2,  3.9, 0.003885, Siaya                                                                          , KE-38
ken_soil_ph.1365, 0.034619676326717086 , 34.073414136669584,  7.5,  5.9, 0.015026, Busia                                                                          , KE-04
ken_soil_ph.1369, -0.2728631120432154  , 37.48902890010542 ,  4.5,  3.9, 0.067246,                                                                                , 
ken_soil_ph.1372, 0.033196891573348764 , 34.79025702232861 ,  4.7,  4.2, 0.007314, Kisumu                                                                         , KE-17
ken_soil_ph.1379, -0.03664465407116727 , 34.24832122081496 ,  5.6,  4.3, 0.042697, Siaya                                                                          , KE-38
ken_soil_ph.1380, 0.050635590261413004 , 37.96506599249806 ,  7.0,  5.8, 0.000858, Tharaka-Nithi                                                                  , KE-41
ken_soil_ph.1388, -0.09695570426619042 , 35.989151716093026,  5.7,  0.0, 0.057379, Nakuru                                                                         , KE-31
ken_soil_ph.1394, -0.020012242027177406, 36.24538237934837 ,  8.3,  7.2, 0.002205, Nyandarua                                                                      , KE-35
ken_soil_ph.1395, -0.15746545727691957 , 39.72507109023047 ,  6.4,  5.4, 0.078808, Garissa                                                                        , KE-07
ken_soil_ph.1396, 0.0056171326247559765, 34.377904312733946,  5.2,  3.9, 0.00544 , Siaya                                                                          , KE-38
ken_soil_ph.1402, -0.20607751598232169 , 36.32118054131114 ,  6.7,  0.0, 0.027412, Nyandarua                                                                      , KE-35
ken_soil_ph.1405, -0.009257090027261088, 34.68471121359017 ,  6.4,  5.4, 0.002206, Kisumu                                                                         , KE-17
ken_soil_ph.1407, -0.04571318563940908 , 36.676293875527186,  6.2,  5.0, 0.008628, Laikipia                                                                       , KE-20
ken_soil_ph.1409, -0.03614292326208055 , 34.669127098179295,  5.1,  4.2, 0.00536 , Kisumu                                                                         , KE-17
ken_soil_ph.1414, -0.023469348505287403, 34.19264604639504 ,  7.5,  5.9, 0.001521, Busia                                                                          , KE-04
ken_soil_ph.1415, -0.0328636056263904  , 34.68425055659054 ,  7.1,  0.6, 0.000891, Kisumu                                                                         , KE-17
ken_soil_ph.1419, -0.1302531560557747  , 40.475475366467045,  6.4,  4.8, 0.012777, Garissa                                                                        , KE-07
ken_soil_ph.1422, -0.05316404957778266 , 37.904900731176745,  6.0,  5.0, 0.00203 , Tharaka-Nithi                                                                  , KE-41
ken_soil_ph.1423, -0.29051597265104134 , 37.7148758258385  ,  5.6,  5.1, 0.036016,                                                                                , 
ken_soil_ph.1430, -0.042697506774963194, 37.89354326430492 ,  6.4,  5.4, 0.00127 , Tharaka-Nithi                                                                  , KE-41
ken_soil_ph.1431, -0.10518558596862147 , 34.37882109486828 ,  5.3,  4.0, 0.016327, Siaya                                                                          , KE-38
ken_soil_ph.1432, -0.1544894638614493  , 36.50207882206941 ,  4.5,  3.9, 0.01409 , Nyandarua                                                                      , KE-35
ken_soil_ph.1436, -0.07269474352114452 , 34.939555567435384,  6.6,  5.2, 0.012875, Kisumu                                                                         , KE-17
ken_soil_ph.1437, -0.1730663257487493  , 39.29412895924942 ,  8.3,  7.2, 0.038911, Garissa                                                                        , KE-07
ken_soil_ph.1438, -0.09292371082288371 , 36.84018567781047 ,  6.2,  5.0, 0.007807, Laikipia                                                                       , KE-20
ken_soil_ph.1441, -0.12569302359685217 , 35.131218495709895,  7.5,  5.9, 0.005745, Nandi                                                                          , KE-32
ken_soil_ph.1448, -0.33316211893328784 , 35.85333597999135 ,  6.1,  5.6, 0.066082, Nakuru                                                                         , KE-31
ken_soil_ph.1452, -0.14266254778310064 , 34.45041576253725 ,  5.2,  3.9, 0.01563 , Siaya                                                                          , KE-38
ken_soil_ph.1453, -0.08901407940468029 , 34.62292385695958 ,  7.1,  0.6, 0.000815, Kisumu                                                                         , KE-17
ken_soil_ph.1455, -0.10441919457780575 , 34.81766653517706 ,  7.5,  5.9, 0.00102 , Kisumu                                                                         , KE-17
ken_soil_ph.1457, -0.1060705937292489  , 35.17927858770229 ,  6.6,  5.6, 0.002804, Nandi                                                                          , KE-32
ken_soil_ph.1458, -0.0940051267523316  , 38.11171207273387 ,  7.0,  5.8, 0.000602, Tharaka-Nithi                                                                  , KE-41
ken_soil_ph.1461, -0.09370919965567392 , 34.68295687634926 ,  6.5,  4.8, 0.001617, Kisumu                                                                         , KE-17
ken_soil_ph.1463, -0.2225251042092734  , 36.983074976926495,  5.8,  4.7, 0.032703, Nyeri                                                                          , KE-36
ken_soil_ph.1465, -0.0963082658237293  , 34.880484849985535,  6.6,  5.6, 0.000426, Kisumu                                                                         , KE-17
ken_soil_ph.1472, -0.10432640625684989 , 34.959023987391056,  6.6,  5.6, 0.000805, Kisumu                                                                         , KE-17
ken_soil_ph.1474, -0.10223226350339379 , 35.07477098430726 ,  6.6,  5.6, 0.000352, Nandi                                                                          , KE-32
ken_soil_ph.1478, -0.1347379027439908  , 35.155768086256806,  6.5,  4.8, 0.004131, Nandi                                                                          , KE-32
ken_soil_ph.1483, -0.11167972831079909 , 35.01175544048264 ,  6.6,  5.6, 0.000365, Nandi                                                                          , KE-32
ken_soil_ph.1485, -0.12641390423084845 , 36.61621793928146 ,  5.6,  5.0, 0.001713, Laikipia                                                                       , KE-20
ken_soil_ph.1486, -0.17198329011442243 , 37.82676531125927 ,  5.8,  4.4, 0.00426 , Tharaka-Nithi                                                                  , KE-41
ken_soil_ph.1487, -0.12227845362711846 , 34.92760735069367 ,  7.5,  5.9, 0.001829, Kisumu                                                                         , KE-17
ken_soil_ph.1488, -0.18550107123181356 , 34.931815618868164,  6.5,  4.8, 0.026422, Kisumu                                                                         , KE-17
ken_soil_ph.1490, -0.11987905633375022 , 34.63228917457581 ,  7.1,  0.6, 0.000466, Kisumu                                                                         , KE-17
ken_soil_ph.1491, -0.1417668597262945  , 34.51182521424713 ,  7.1,  0.6, 0.003019, Siaya                                                                          , KE-38
ken_soil_ph.1493, -0.21304868005390537 , 34.265947602888126,  7.1,  0.6, 0.007612, Homa Bay                                                                       , KE-08
ken_soil_ph.1495, -0.22369022794779406 , 34.84332536714863 ,  6.7,  5.0, 0.003597, Homa Bay                                                                       , KE-08
ken_soil_ph.1497, -0.16345827616958775 , 34.14610478443983 ,  6.5,  5.7, 0.003279, Busia                                                                          , KE-04
ken_soil_ph.1499, -0.16210042482063272 , 37.76026996359945 ,  6.0,  5.0, 0.003098, Meru                                                                           , KE-26
ken_soil_ph.1500, -0.14411792620146935 , 34.57463680861947 ,  7.1,  0.6, 0.000356, Siaya                                                                          , KE-38
ken_soil_ph.1501, -0.14668933353383246 , 36.79735479044384 ,  6.2,  5.0, 0.000907, Laikipia                                                                       , KE-20
ken_soil_ph.1502, -0.17229195087270108 , 34.774397001131824,  7.5,  5.9, 0.001906, Kisumu                                                                         , KE-17
ken_soil_ph.1503, -0.1494714291299246  , 38.08899591920461 ,  7.0,  5.8, 0.000529, Tharaka-Nithi                                                                  , KE-41
ken_soil_ph.1504, -0.1579770288876414  , 34.4273740874851  ,  7.1,  0.6, 0.000489, Siaya                                                                          , KE-38
ken_soil_ph.1505, -0.2137679761606172  , 35.396307234639565,  5.3,  4.2, 0.02854 , Kericho                                                                        , KE-12
ken_soil_ph.1506, -0.17191326362476586 , 34.202820967302074,  5.6,  4.3, 0.003021, Siaya                                                                          , KE-38
ken_soil_ph.1508, -0.1584037361601459  , 35.23579330908394 ,  6.6,  5.6, 0.000905, Nandi                                                                          , KE-32
ken_soil_ph.1510, -0.16506004794131932 , 35.001543774284166,  6.6,  5.6, 0.003372, Nandi                                                                          , KE-32
ken_soil_ph.1513, -0.1953510760082873  , 36.80882437382338 ,  6.2,  5.0, 0.003361, Laikipia                                                                       , KE-20
ken_soil_ph.1516, -0.15700191033755714 , 34.85560897899376 ,  6.6,  5.6, 0.000777, Kisumu                                                                         , KE-17
ken_soil_ph.1519, -0.17109892151291498 , 34.39005467743967 ,  7.1,  0.6, 0.000931, Siaya                                                                          , KE-38
ken_soil_ph.1528, -0.19495524806525383 , 34.25033002995205 ,  5.2,  3.9, 0.000932, Siaya                                                                          , KE-38
ken_soil_ph.1529, -0.20692249950276112 , 34.92530550540291 ,  7.5,  5.9, 0.001096, Homa Bay                                                                       , KE-08
ken_soil_ph.1531, -0.20369175921683857 , 39.468200045111914,  8.0,  6.9, 0.001124, Tana River                                                                     , KE-40
ken_soil_ph.1534, -0.19577108843495064 , 35.06695299158104 ,  7.5,  6.5, 0.001493, Nandi                                                                          , KE-32
ken_soil_ph.1535, -0.20737108908865115 , 38.104803638832784,  7.0,  5.8, 0.000837, Kitui                                                                          , KE-18
ken_soil_ph.1536, -0.2574778942083947  , 36.867545639285915,  6.2,  5.0, 0.005822, Nyeri                                                                          , KE-36
ken_soil_ph.1538, -0.4785171909898418  , 39.12732713818291 ,  6.4,  5.3, 0.084567, Tana River                                                                     , KE-40
ken_soil_ph.1539, -0.2163889721280072  , 34.349276981249574,  7.1,  0.6, 0.00109 , Homa Bay                                                                       , KE-08
ken_soil_ph.1540, -0.2065260196010038  , 35.00126020595625 ,  6.6,  5.6, 0.001366, Kericho                                                                        , KE-12
ken_soil_ph.1546, -0.23192768897975188 , 39.44462262315043 ,  8.0,  6.9, 0.001047, Tana River                                                                     , KE-40
ken_soil_ph.1549, -0.23620703388519176 , 37.93959190492532 ,  7.0,  5.8, 0.0011  , Kitui                                                                          , KE-18
ken_soil_ph.1550, -0.2307205313598879  , 34.24675614958368 ,  6.5,  5.7, 0.001201, Homa Bay                                                                       , KE-08
ken_soil_ph.1551, -0.2716815186237033  , 34.89976777266615 ,  7.5,  5.9, 0.004194, Homa Bay                                                                       , KE-08
ken_soil_ph.1552, -0.29884412491632034 , 34.33745250977076 ,  6.3,  5.3, 0.011539, Homa Bay                                                                       , KE-08
ken_soil_ph.1553, -0.25589017633240935 , 35.01843495368032 ,  7.5,  6.5, 0.001251, Kericho                                                                        , KE-12
ken_soil_ph.1554, -0.23969684311829456 , 35.096600042488504,  5.3,  4.2, 0.00067 , Kericho                                                                        , KE-12
ken_soil_ph.1555, -0.4898080537162646  , 36.232288864833684,  6.6,  5.8, 0.056436, Nyandarua                                                                      , KE-35
ken_soil_ph.1556, -0.33424567457999005 , 39.75338822852037 ,  6.4,  5.4, 0.016372, Tana River                                                                     , KE-40
ken_soil_ph.1557, -0.4758923905275322  , 39.90884653952    ,  6.4,  5.3, 0.062589, Garissa                                                                        , KE-07
ken_soil_ph.1563, -0.29081196355617395 , 35.07916146065679 ,  7.5,  6.5, 0.002735, Kericho                                                                        , KE-12
ken_soil_ph.1564, -0.46255968934918235 , 35.74844116694407 ,  5.3,  4.2, 0.059653, Nakuru                                                                         , KE-31
ken_soil_ph.1565, -0.3076504104132539  , 37.92163500861311 ,  6.0,  4.7, 0.002465, Kitui                                                                          , KE-18
ken_soil_ph.1570, -0.535164310608099   , 35.184341156554105,  5.6,  0.0, 0.048559, Kericho                                                                        , KE-12
ken_soil_ph.1572, -0.31847256453753686 , 34.951219422582774,  6.6,  5.2, 0.004737, Homa Bay                                                                       , KE-08
ken_soil_ph.1574, -0.3202416435881049  , 37.94975667596003 ,  7.0,  5.8, 0.001458, Kitui                                                                          , KE-18
ken_soil_ph.1577, -0.5728775318281114  , 38.11595855034186 ,  7.2,  6.0, 0.113507, Kitui                                                                          , KE-18
ken_soil_ph.1578, -0.313556784957845   , 35.09404989484013 ,  5.3,  4.2, 0.003143, Kericho                                                                        , KE-12
ken_soil_ph.1581, -0.3278182037982986  , 39.15262026418961 ,  6.4,  5.4, 0.00174 , Tana River                                                                     , KE-40
ken_soil_ph.1582, -0.32158522292817204 , 34.78920134737132 ,  6.5,  4.8, 0.002616, Homa Bay                                                                       , KE-08
ken_soil_ph.1583, -0.7224745404170598  , 36.85802995531179 ,  4.5,  3.9, 0.07438 , Murang`a                                                                       , KE-29
ken_soil_ph.1584, -0.38180785567723347 , 36.104945958649395,  8.5,  0.0, 0.005459, Nakuru                                                                         , KE-31
ken_soil_ph.1589, -0.3859369285522186  , 36.05258626975837 ,  5.4,  4.1, 0.004004, Nakuru                                                                         , KE-31
ken_soil_ph.1592, -0.3633975122440512  , 36.137205818376934,  5.3,  4.2, 0.001529, Nakuru                                                                         , KE-31
ken_soil_ph.1593, -0.35119595187838903 , 39.56906634772664 ,  8.0,  6.9, 0.001214, Tana River                                                                     , KE-40
ken_soil_ph.1594, -0.3617448375366051  , 39.41059653256621 ,  6.4,  5.4, 0.014229, Tana River                                                                     , KE-40
ken_soil_ph.1595, -0.3760843104995605  , 40.62763341454294 ,  6.4,  4.8, 0.00304 , Garissa                                                                        , KE-07
ken_soil_ph.1596, -0.3419126547101876  , 34.89780355619052 ,  6.4,  5.4, 0.002184, Homa Bay                                                                       , KE-08
ken_soil_ph.1598, -0.3457422555449325  , 34.79297912435867 ,  7.5,  5.9, 0.000856, Homa Bay                                                                       , KE-08
ken_soil_ph.1602, -0.39029213716823463 , 34.55770997726117 ,  6.3,  5.3, 0.007777, Homa Bay                                                                       , KE-08
ken_soil_ph.1605, -0.39271990672467505 , 36.51276449593214 ,  4.9,  5.3, 0.00314 , Nyandarua                                                                      , KE-35
ken_soil_ph.1606, -0.7508761178400158  , 35.73039229492601 ,  6.6,  5.8, 0.236773, Narok                                                                          , KE-33
ken_soil_ph.1607, -0.3535453995180003  , 34.31363438722321 ,  5.4,  4.1, 0.000221, Homa Bay                                                                       , KE-08
ken_soil_ph.1608, -0.42228617532956403 , 34.59959767426803 ,  7.5,  6.5, 0.004394, Homa Bay                                                                       , KE-08
ken_soil_ph.1609, -0.3591191253887958  , 34.64210067976485 ,  7.5,  5.9, 0.000452, Homa Bay                                                                       , KE-08
ken_soil_ph.1610, -0.38167041069078605 , 34.96842204687523 ,  5.1,  4.2, 0.003078, Homa Bay                                                                       , KE-08
ken_soil_ph.1613, -0.4433080652691535  , 36.03680115757148 ,  5.7,  0.0, 0.009702, Nakuru                                                                         , KE-31
ken_soil_ph.1614, -0.3962356869649469  , 34.498607663429524,  7.8,  7.0, 0.004182, Homa Bay                                                                       , KE-08
ken_soil_ph.1615, -0.36228401501626833 , 34.74002720548381 ,  6.4,  5.4, 0.001475, Homa Bay                                                                       , KE-08
ken_soil_ph.1616, -0.39677208373043416 , 34.64048231917927 ,  6.6,  5.2, 0.001819, Homa Bay                                                                       , KE-08
ken_soil_ph.1617, -0.38318527349266296 , 34.607070561927614,  7.5,  5.9, 0.000541, Homa Bay                                                                       , KE-08
ken_soil_ph.1618, -0.38519636515408506 , 34.22297110392739 ,  5.4,  4.1, 0.000654, Homa Bay                                                                       , KE-08
ken_soil_ph.1620, -0.5028256916397608  , 34.704209392937415,  6.0,  5.2, 0.056928, Homa Bay                                                                       , KE-08
ken_soil_ph.1621, -0.6230150646735225  , 36.570755738782005,  5.7,  4.2, 0.037705, Nakuru                                                                         , KE-31
ken_soil_ph.1623, -0.37817716394961975 , 34.96156874651468 ,  5.2,  4.2, 0.000818, Homa Bay                                                                       , KE-08
ken_soil_ph.1627, -0.40342147573430825 , 34.1873722665569  ,  7.8,  7.0, 0.001631, Homa Bay                                                                       , KE-08
ken_soil_ph.1630, -0.43033640865681944 , 36.55331093942584 ,  5.3,  4.2, 0.005077, Nyandarua                                                                      , KE-35
ken_soil_ph.1631, -0.41366771821895465 , 34.79523932420017 ,  5.2,  3.9, 0.004298, Homa Bay                                                                       , KE-08
ken_soil_ph.1632, -0.5339403470174766  , 37.73597741598599 ,  6.0,  5.0, 0.019027,                                                                                , 
ken_soil_ph.1633, -0.4098556119862905  , 34.179657959746216,  5.4,  4.1, 0.000352, Homa Bay                                                                       , KE-08
ken_soil_ph.1634, -0.42796721812537625 , 35.03395253974371 ,  5.2,  4.4, 0.001473, Kericho                                                                        , KE-12
ken_soil_ph.1636, -0.4192482674824644  , 34.1584487497756  ,  8.2,  7.0, 0.000564, Homa Bay                                                                       , KE-08
ken_soil_ph.1637, -0.47962004670900305 , 34.648117989246416,  5.2,  3.9, 0.009345, Homa Bay                                                                       , KE-08
ken_soil_ph.1639, -0.42219433464034745 , 34.138372622769964,  5.4,  4.1, 0.000264, Homa Bay                                                                       , KE-08
ken_soil_ph.1640, -0.4753868884816974  , 39.328673322464326,  6.4,  5.3, 0.015294, Tana River                                                                     , KE-40
ken_soil_ph.1641, -0.43037591918722745 , 35.16038026401679 ,  4.6,  3.6, 0.000507, Kericho                                                                        , KE-12
ken_soil_ph.1642, -0.5764795681845402  , 37.55310748760804 ,  6.2,  4.9, 0.030066,                                                                                , 
ken_soil_ph.1648, -0.4631126605688366  , 34.03754262936701 ,  5.4,  4.1, 0.00399 , Homa Bay                                                                       , KE-08
ken_soil_ph.1649, -0.4595689171768741  , 34.23144289881097 ,  8.2,  7.0, 0.003438, Homa Bay                                                                       , KE-08
ken_soil_ph.1650, -0.5452116411191464  , 38.02174884671226 ,  7.0,  5.8, 0.007944, Kitui                                                                          , KE-18
ken_soil_ph.1651, -0.4955271155350935  , 34.99155097899873 ,  5.2,  4.8, 0.006513, Homa Bay                                                                       , KE-08
ken_soil_ph.1654, -0.45364173834818633 , 33.99219860467326 ,  8.2,  7.0, 0.001137, Homa Bay                                                                       , KE-08
ken_soil_ph.1655, -1.5313191083203304  , 40.02562045223753 ,  7.9,  7.2, 0.07985 , Tana River                                                                     , KE-40
ken_soil_ph.1657, -0.5335975228233628  , 39.472686171567034,  6.4,  5.4, 0.025473, Tana River                                                                     , KE-40
ken_soil_ph.1658, -0.46884797102210607 , 34.394192933162756,  5.4,  4.1, 0.00113 , Homa Bay                                                                       , KE-08
ken_soil_ph.1660, -0.4896325783788941  , 34.33532936721739 ,  5.4,  4.1, 0.001468, Homa Bay                                                                       , KE-08
ken_soil_ph.1661, -0.4791846267682197  , 34.200991663351566,  5.4,  4.1, 0.000614, Homa Bay                                                                       , KE-08
ken_soil_ph.1662, -0.493015182299232   , 34.27165179559518 ,  5.4,  4.1, 0.001659, Homa Bay                                                                       , KE-08
ken_soil_ph.1666, -0.5861906758045979  , 38.87035998099443 ,  6.4,  5.4, 0.058844, Tana River                                                                     , KE-40
ken_soil_ph.1667, -0.5779074443867788  , 34.239517235298294,  8.2,  7.0, 0.005458, Homa Bay                                                                       , KE-08
ken_soil_ph.1669, -0.48177410036015966 , 34.99860536295752 ,  4.6,  3.6, 0.000492, Homa Bay                                                                       , KE-08
ken_soil_ph.1670, -0.5109099947906034  , 34.2354706714901  ,  6.4,  5.3, 0.003082, Homa Bay                                                                       , KE-08
ken_soil_ph.1671, -0.5240171483593539  , 34.39185038492838 ,  7.5,  6.5, 0.002915, Homa Bay                                                                       , KE-08
ken_soil_ph.1674, -0.5186689131564224  , 34.77142884346289 ,  5.2,  4.5, 0.002668, Homa Bay                                                                       , KE-08
ken_soil_ph.1675, -0.5444057430879162  , 34.32768100526459 ,  7.5,  6.5, 0.002947, Homa Bay                                                                       , KE-08
ken_soil_ph.1677, -0.4952017951686264  , 34.366958707395646,  5.4,  4.1, 0.000537, Homa Bay                                                                       , KE-08
ken_soil_ph.1679, -0.8375920772423405  , 34.73113708831242 ,  5.2,  4.4, 0.066075, Kisii                                                                          , KE-16
ken_soil_ph.1682, -0.508315138194709   , 34.416599288245905,  5.4,  4.1, 0.00138 , Homa Bay                                                                       , KE-08
ken_soil_ph.1684, -0.5242009091024527  , 34.18512501623097 ,  6.4,  5.4, 0.000843, Homa Bay                                                                       , KE-08
ken_soil_ph.1690, -0.5181898978621969  , 35.01015216249246 ,  6.6,  5.9, 0.000525, Kericho                                                                        , KE-12
ken_soil_ph.1694, -0.5913840335579335  , 39.594282298515736,  6.4,  5.3, 0.007565, Tana River                                                                     , KE-40
ken_soil_ph.1695, -0.5807449605537253  , 34.46840808266781 ,  6.3,  5.3, 0.005904, Homa Bay                                                                       , KE-08
ken_soil_ph.1696, -0.5594580077516008  , 34.389636273990796,  8.2,  7.0, 0.003895, Homa Bay                                                                       , KE-08
ken_soil_ph.1698, -0.6774730588287897  , 37.56303794046306 ,  6.0,  5.0, 0.011402, Embu                                                                           , KE-06
ken_soil_ph.1699, -0.6406583273043824  , 34.909578144683245,  5.6,  4.6, 0.014098, Kisii                                                                          , KE-16
ken_soil_ph.1700, -0.5490005645123214  , 34.17709699812997 ,  7.5,  6.5, 0.000671, Homa Bay                                                                       , KE-08
ken_soil_ph.1702, -0.5444473200081182  , 34.28404241347459 ,  7.5,  6.5, 0.000309, Homa Bay                                                                       , KE-08
ken_soil_ph.1706, -0.5660282036889208  , 34.37522073188184 ,  5.4,  4.1, 0.001223, Homa Bay                                                                       , KE-08
ken_soil_ph.1708, -0.5672727995363166  , 34.14361446921921 ,  8.2,  7.0, 0.001415, Homa Bay                                                                       , KE-08
ken_soil_ph.1709, -0.7243251920586621  , 35.00269742288128 ,  6.5,  5.5, 0.010844, Bomet                                                                          , KE-02
ken_soil_ph.1710, -0.6043397957198847  , 37.60375522295358 ,  6.4,  5.4, 0.002744, Embu                                                                           , KE-06
ken_soil_ph.1716, -0.5758985756662364  , 34.16601536657384 ,  6.4,  5.3, 0.000899, Homa Bay                                                                       , KE-08
ken_soil_ph.1718, -0.5760407997648027  , 34.099394509736435,  5.4,  4.1, 0.001062, Homa Bay                                                                       , KE-08
ken_soil_ph.1719, -0.6587373948187866  , 34.95289190025922 ,  5.2,  4.8, 0.011077, Kisii                                                                          , KE-16
ken_soil_ph.1720, -0.6133541889664236  , 36.161495405749456,  7.7,  6.9, 0.007945, Narok                                                                          , KE-33
ken_soil_ph.1722, -0.6451570125885271  , 34.16823742981912 ,  6.4,  5.3, 0.010809, Homa Bay                                                                       , KE-08
ken_soil_ph.1727, -0.6076293383018851  , 34.653111305385444,  4.7,  4.0, 0.003566, Kisii                                                                          , KE-16
ken_soil_ph.1728, -0.5939328421293124  , 34.924588669809175,  4.6,  3.6, 0.000537, Homa Bay                                                                       , KE-08
ken_soil_ph.1729, -0.76100903954441    , 34.23223544183281 ,  5.4,  4.1, 0.017479, Homa Bay                                                                       , KE-08
ken_soil_ph.1732, -0.6067034659560802  , 37.37016051261384 ,  5.6,  5.1, 0.002052, Murang`a                                                                       , KE-29
ken_soil_ph.1734, -0.6790707797261265  , 35.01623214381027 ,  6.6,  5.9, 0.002563, Bomet                                                                          , KE-02
ken_soil_ph.1736, -1.0252089625948624  , 36.94734513715869 ,  5.6,  5.1, 0.097585, Nairobi                                                                        , KE-30
ken_soil_ph.1738, -0.6062165621997527  , 39.401482187292174,  6.4,  5.3, 0.001379, Tana River                                                                     , KE-40
ken_soil_ph.1739, -0.6154270881718432  , 39.303931725708274,  6.4,  5.4, 0.002324, Tana River                                                                     , KE-40
ken_soil_ph.1740, -0.6022313467011773  , 34.942526091580326,  5.6,  4.6, 0.000374, Kisii                                                                          , KE-16
ken_soil_ph.1741, -0.6306060525899775  , 34.720413974112574,  5.1,  4.1, 0.003785, Kisii                                                                          , KE-16
ken_soil_ph.1742, -0.7661549586171029  , 34.86805355414498 ,  5.2,  4.8, 0.01375 , Kisii                                                                          , KE-16
ken_soil_ph.1743, -0.6655829045650323  , 34.44087459211133 ,  5.8,  4.9, 0.015367, Homa Bay                                                                       , KE-08
ken_soil_ph.1746, -0.6202443681819456  , 34.10383574812454 ,  8.2,  7.0, 0.000558, Homa Bay                                                                       , KE-08
ken_soil_ph.1748, -0.6276459156727958  , 34.149468903536246,  6.7,  5.2, 0.001915, Homa Bay                                                                       , KE-08
ken_soil_ph.1750, -0.668805399349041   , 39.266482775786834,  8.3,  7.2, 0.016898, Tana River                                                                     , KE-40
ken_soil_ph.1753, -0.6920657713382615  , 37.795952099357365,  6.0,  4.7, 0.007153, Embu                                                                           , KE-06
ken_soil_ph.1758, -0.6972631957646571  , 36.22080228197761 ,  7.7,  6.9, 0.006191, Nakuru                                                                         , KE-31
ken_soil_ph.1760, -0.7168803086533118  , 37.666064186547935,  6.4,  5.4, 0.006173, Embu                                                                           , KE-06
ken_soil_ph.1761, -0.6447567286681728  , 39.22849963224378 ,  6.4,  5.3, 0.002049, Tana River                                                                     , KE-40
ken_soil_ph.1763, -0.7203780094126091  , 36.38064642463327 ,  8.5,  0.0, 0.008217, Nakuru                                                                         , KE-31
ken_soil_ph.1765, -0.6816263890709013  , 34.07420337744627 ,  5.4,  4.1, 0.001239, Homa Bay                                                                       , KE-08
ken_soil_ph.1767, -0.6893014732760618  , 34.96482908272857 ,  4.6,  3.6, 0.002534, Kisii                                                                          , KE-16
ken_soil_ph.1770, -0.8250471753682718  , 39.4453619841099  ,  6.4,  5.3, 0.130927, Tana River                                                                     , KE-40
ken_soil_ph.1771, -0.7508203406294104  , 34.283109919606204,  6.3,  5.3, 0.006777, Homa Bay                                                                       , KE-08
ken_soil_ph.1773, -0.7123619438475643  , 39.64620487916708 ,  6.4,  5.3, 0.010234, Tana River                                                                     , KE-40
ken_soil_ph.1780, -0.716019804518867   , 34.19171699071833 ,  7.5,  6.5, 0.002273, Homa Bay                                                                       , KE-08
ken_soil_ph.1781, -0.7328009157103206  , 34.140178086694114,  8.2,  7.0, 0.003447, Homa Bay                                                                       , KE-08
ken_soil_ph.1786, -0.7872010573950206  , 36.63169151197452 ,  4.9,  5.3, 0.008032, Murang`a                                                                       , KE-29
ken_soil_ph.1788, -0.7273056429691798  , 36.295082289376545,  6.6,  5.8, 0.002142, Nakuru                                                                         , KE-31
ken_soil_ph.1793, -0.882091483701525   , 38.827971819544864,  6.4,  5.4, 0.089197, Kitui                                                                          , KE-18
ken_soil_ph.1795, -0.7187687696622083  , 34.08452791382156 ,  8.2,  7.0, 0.000765, Homa Bay                                                                       , KE-08
ken_soil_ph.1800, -0.7285099148375308  , 38.97838830685338 ,  6.4,  5.4, 0.002194, Kitui                                                                          , KE-18
ken_soil_ph.1803, -0.7301935393207762  , 34.168500996157775,  5.4,  4.1, 0.000704, Homa Bay                                                                       , KE-08
ken_soil_ph.1804, -0.7453897263741583  , 34.13523586537992 ,  5.4,  4.1, 0.001368, Homa Bay                                                                       , KE-08
ken_soil_ph.1805, -0.7458964462260361  , 35.053079221751425,  6.5,  5.5, 0.000734, Bomet                                                                          , KE-02
ken_soil_ph.1808, -0.7685445361386462  , 34.57851453005602 ,  4.7,  4.0, 0.00931 , Homa Bay                                                                       , KE-08
ken_soil_ph.1810, -1.2557035390918891  , 37.8777532382104  ,  6.0,  4.7, 0.322745, Kitui                                                                          , KE-18
ken_soil_ph.1813, -0.7459446769376142  , 37.54179884805921 ,  6.0,  5.0, 0.003436, Embu                                                                           , KE-06
ken_soil_ph.1815, -0.7433036127592276  , 35.100160228657444,  4.7,  4.3, 0.00041 , Bomet                                                                          , KE-02
ken_soil_ph.1819, -0.8282033142892884  , 35.25135520831046 ,  6.9,  6.3, 0.021067, Bomet                                                                          , KE-02
ken_soil_ph.1823, -0.8016049795712283  , 34.31802599190366 ,  5.8,  4.9, 0.008424, Homa Bay                                                                       , KE-08
ken_soil_ph.1824, -0.8956736737680622  , 36.66946791288405 ,  6.6,  5.9, 0.020477, Murang`a                                                                       , KE-29
ken_soil_ph.1825, -0.9335511306651328  , 37.33556208931916 ,  6.0,  5.0, 0.034511, Murang`a                                                                       , KE-29
ken_soil_ph.1826, -0.8027241102624324  , 37.51679222317053 ,  8.0,  6.8, 0.010411, Embu                                                                           , KE-06
ken_soil_ph.1830, -0.775937814052498   , 34.80687187677221 ,  5.6,  4.6, 0.000921, Kisii                                                                          , KE-16
ken_soil_ph.1835, -0.9225571901875581  , 34.85353513732567 ,  5.6,  4.6, 0.028123, Kisii                                                                          , KE-16
ken_soil_ph.1836, -0.8340061856085301  , 39.74030257382292 ,  8.0,  6.9, 0.006592, Tana River                                                                     , KE-40
ken_soil_ph.1837, -0.8027040691417006  , 36.177302929639566,  6.6,  5.8, 0.001028, Narok                                                                          , KE-33
ken_soil_ph.1843, -0.8536139198967735  , 37.496810050476086,  6.0,  5.0, 0.004201, Embu                                                                           , KE-06
ken_soil_ph.1847, -0.8884980958806139  , 34.99909200714716 ,  5.5,  4.5, 0.005118, Kisii                                                                          , KE-16
ken_soil_ph.1848, -0.9834697926516476  , 35.000157729161636,  6.5,  5.3, 0.031462, Bomet                                                                          , KE-02
ken_soil_ph.1850, -0.8023860596731376  , 34.8304640309854  ,  4.6,  3.6, 0.000967, Kisii                                                                          , KE-16
ken_soil_ph.1851, -0.8112108746937725  , 34.138429879984145,  8.2,  7.0, 0.001473, Homa Bay                                                                       , KE-08
ken_soil_ph.1853, -0.8243584798482078  , 37.554341645903094,  6.0,  5.0, 0.001324, Embu                                                                           , KE-06
ken_soil_ph.1854, -0.8432178562999845  , 36.12822655614461 ,  6.6,  5.8, 0.001802, Narok                                                                          , KE-33
ken_soil_ph.1861, -0.9037786043083845  , 34.57399844553266 ,  6.0,  5.2, 0.020502, Homa Bay                                                                       , KE-08
ken_soil_ph.1863, -0.9143492303457533  , 34.79611634871991 ,  5.2,  4.8, 0.004825, Kisii                                                                          , KE-16
ken_soil_ph.1865, -0.8782475900207278  , 34.963441607483304,  6.5,  5.5, 0.002662, Kisii                                                                          , KE-16
ken_soil_ph.1866, -0.8404868661343502  , 34.80114721101674 ,  5.1,  4.2, 0.001343, Kisii                                                                          , KE-16
ken_soil_ph.1867, -0.8359330664913414  , 39.06212711106573 ,  6.4,  5.4, 0.000853, Tana River                                                                     , KE-40
ken_soil_ph.1869, -0.8449087302783923  , 36.28398641878053 ,  8.5,  0.0, 0.001098, Nakuru                                                                         , KE-31
ken_soil_ph.1870, -0.9214499544782699  , 37.707729197631004,  6.4,  5.4, 0.005157, Embu                                                                           , KE-06
ken_soil_ph.1876, -0.9014127992641932  , 35.43736282809328 ,  6.9,  6.3, 0.016691, Narok                                                                          , KE-33
ken_soil_ph.1878, -0.9865590904946581  , 36.23482202166944 ,  7.7,  6.9, 0.018487, Nakuru                                                                         , KE-31
ken_soil_ph.1879, -0.8920188861772481  , 37.267918328087674,  6.4,  5.4, 0.00261 , Murang`a                                                                       , KE-29
ken_soil_ph.1880, -0.8694341415868281  , 34.23298869329816 ,  8.2,  7.0, 0.003513, Homa Bay                                                                       , KE-08
ken_soil_ph.1881, -0.8797328426110664  , 35.047181148587605,  4.7,  4.3, 0.00405 , Bomet                                                                          , KE-02
ken_soil_ph.1894, -0.8670426219641794  , 37.34366354645677 ,  6.0,  5.0, 0.000559, Murang`a                                                                       , KE-29
ken_soil_ph.1898, -0.9002261571696538  , 35.083375782135306,  6.6,  5.9, 0.001418, Bomet                                                                          , KE-02
ken_soil_ph.1899, -0.8937311272597356  , 36.19483431344277 ,  6.6,  5.8, 0.000814, Narok                                                                          , KE-33
ken_soil_ph.1906, -0.9517235122884399  , 37.75959013079677 ,  6.4,  5.4, 0.00508 , Embu                                                                           , KE-06
ken_soil_ph.1909, -0.927063613138053   , 36.34464912996805 ,  7.7,  6.9, 0.004137, Nakuru                                                                         , KE-31
ken_soil_ph.1910, -0.9501100491100363  , 37.39975820249707 ,  6.4,  5.4, 0.00544 , Murang`a                                                                       , KE-29
ken_soil_ph.1916, -0.9068359564494503  , 37.42019707263367 ,  6.0,  4.7, 0.001068, Embu                                                                           , KE-06
ken_soil_ph.1917, -0.8885786218606166  , 34.77846073218368 ,  5.6,  4.6, 0.000574, Kisii                                                                          , KE-16
ken_soil_ph.1919, -0.9394367969546464  , 37.57291241652207 ,  8.0,  6.8, 0.006595, Embu                                                                           , KE-06
ken_soil_ph.1921, -0.9400349145318372  , 39.89793065689949 ,  8.0,  6.9, 0.001489, Garissa                                                                        , KE-07
ken_soil_ph.1922, -1.023924494543291   , 34.49885141686628 ,  5.4,  4.5, 0.019557, Migori                                                                         , KE-27
ken_soil_ph.1923, -0.8955455428767256  , 37.43724366574823 ,  8.0,  6.8, 0.000423, Embu                                                                           , KE-06
ken_soil_ph.1927, -0.952554337231213   , 37.727824253273695,  6.0,  4.7, 0.001774, Embu                                                                           , KE-06
ken_soil_ph.1931, -0.932716675068403   , 34.527585192226034,  5.8,  4.8, 0.001276, Homa Bay                                                                       , KE-08
ken_soil_ph.1932, -0.9390940940795375  , 34.578426030635576,  5.8,  4.8, 0.002274, Homa Bay                                                                       , KE-08
ken_soil_ph.1933, -1.0051110497857616  , 37.193194027019935,  6.2,  4.9, 0.012225, Machakos                                                                       , KE-22
ken_soil_ph.1939, -0.9581909382686215  , 34.623551949417944,  6.0,  5.2, 0.004009, Kisii                                                                          , KE-16
ken_soil_ph.1941, -0.9344318299829084  , 34.785443836237874,  4.6,  3.6, 0.000938, Kisii                                                                          , KE-16
ken_soil_ph.1947, -0.9331199098343982  , 34.84861669951669 ,  5.2,  4.8, 0.000929, Kisii                                                                          , KE-16
ken_soil_ph.1953, -0.9350420680680313  , 37.48318933537105 ,  6.4,  5.4, 0.00082 , Embu                                                                           , KE-06
ken_soil_ph.1954, -0.933606851306942   , 39.613137256002055,  6.4,  5.4, 0.001438, Tana River                                                                     , KE-40
ken_soil_ph.1958, -0.9665573923556229  , 34.96137777961161 ,  4.7,  4.3, 0.002381, Kisii                                                                          , KE-16
ken_soil_ph.1959, -1.0786835553896197  , 35.04325393925047 ,  6.5,  5.3, 0.022012, Narok                                                                          , KE-33
ken_soil_ph.1960, -0.9448888178494993  , 34.74315837554944 ,  4.6,  3.6, 0.000702, Kisii                                                                          , KE-16
ken_soil_ph.1964, -1.0061446538366905  , 34.96020124732825 ,  5.1,  4.6, 0.006927, Narok                                                                          , KE-33
ken_soil_ph.1974, -1.0163758820026634  , 39.88352079587299 ,  8.0,  6.9, 0.001117, Tana River                                                                     , KE-40
ken_soil_ph.1978, -1.013376037453632   , 38.912353383384534,  6.9,  6.0, 0.005638, Kitui                                                                          , KE-18
ken_soil_ph.1980, -1.0805703440620424  , 34.31608156776327 ,  5.2,  3.9, 0.029649, Migori                                                                         , KE-27
ken_soil_ph.1984, -1.018339563165381   , 39.04132510460127 ,  6.4,  5.3, 0.010607, Tana River                                                                     , KE-40
ken_soil_ph.1985, -1.054702933760955   , 38.7036389185254  ,  8.3,  7.2, 0.005161, Kitui                                                                          , KE-18
ken_soil_ph.1989, -1.0286573187312666  , 37.33370540410145 ,  6.4,  5.4, 0.001782, Machakos                                                                       , KE-22
ken_soil_ph.2000, -1.052723734418087   , 38.882791051052116,  6.4,  5.3, 0.005817, Kitui                                                                          , KE-18
ken_soil_ph.2001, -1.065860422626905   , 39.10130587033281 ,  8.0,  6.9, 0.017391, Tana River                                                                     , KE-40
ken_soil_ph.2002, -1.0363084870362462  , 37.73620395787582 ,  6.4,  5.4, 0.00271 , Machakos                                                                       , KE-22
ken_soil_ph.2003, -1.0615818831947978  , 36.15919282174363 ,  6.6,  5.8, 0.004093, Narok                                                                          , KE-33
ken_soil_ph.2009, -1.056584615045005   , 37.58622443388564 ,  8.0,  6.8, 0.001245, Machakos                                                                       , KE-22
ken_soil_ph.2013, -1.0473310895727053  , 37.19496960013724 ,  8.3,  7.2, 0.001166, Machakos                                                                       , KE-22
ken_soil_ph.2016, -1.1608888648756681  , 37.001180314961765,  5.8,  4.4, 0.026034, Machakos                                                                       , KE-22
ken_soil_ph.2030, -1.0977838100804802  , 37.87727639036795 ,  8.0,  6.8, 0.002889, Kitui                                                                          , KE-18
ken_soil_ph.2031, -1.116137953302293   , 39.71927357047384 ,  8.0,  6.9, 0.011108, Tana River                                                                     , KE-40
ken_soil_ph.2039, -1.095499572860594   , 34.292962273703694,  6.5,  5.3, 0.00664 , Migori                                                                         , KE-27
ken_soil_ph.2050, -1.1863240497986087  , 34.7922902692761  ,  6.0,  5.7, 0.017894, Narok                                                                          , KE-33
ken_soil_ph.2054, -1.1874494316668813  , 37.302768560064486,  5.6,  5.1, 0.010168, Machakos                                                                       , KE-22
ken_soil_ph.2060, -1.1948340627561254  , 37.75827164161924 ,  8.0,  6.8, 0.013824, Machakos                                                                       , KE-22
ken_soil_ph.2065, -1.1105894714686904  , 37.48186452814729 ,  8.0,  6.8, 0.000849, Machakos                                                                       , KE-22
ken_soil_ph.2067, -1.1615039305176509  , 38.744288270541894,  6.9,  6.0, 0.008624, Kitui                                                                          , KE-18
ken_soil_ph.2070, -1.123455243972984   , 38.84434245252104 ,  6.4,  5.4, 0.004121, Kitui                                                                          , KE-18
ken_soil_ph.2072, -1.1478727091279604  , 37.32838907115905 ,  6.0,  5.0, 0.002421, Machakos                                                                       , KE-22
ken_soil_ph.2073, -1.2444117505736982  , 34.92044026893188 ,  5.4,  4.5, 0.031648, Narok                                                                          , KE-33
ken_soil_ph.2076, -1.5745722094687955  , 37.77222735958134 ,  5.8,  4.7, 0.047877, Makueni                                                                        , KE-23
ken_soil_ph.2079, -1.1619780018812507  , 37.59296003266635 ,  8.0,  6.8, 0.006173, Machakos                                                                       , KE-22
ken_soil_ph.2084, -1.1279369760061497  , 38.97847923180066 ,  6.4,  5.3, 0.001686, Kitui                                                                          , KE-18
ken_soil_ph.2086, -1.1391322677807236  , 37.79963015551745 ,  8.0,  6.8, 0.00051 , Machakos                                                                       , KE-22
ken_soil_ph.2094, -1.1745216388897468  , 38.7893184345583  ,  6.4,  5.4, 0.007326, Kitui                                                                          , KE-18
ken_soil_ph.2095, -1.188165826289612   , 39.07256978254561 ,  6.4,  5.3, 0.012275, Tana River                                                                     , KE-40
ken_soil_ph.2101, -1.676600216483583   , 37.51375041954405 ,  6.0,  4.7, 0.217247, Makueni                                                                        , KE-23
ken_soil_ph.2105, -1.2453558800186308  , 34.653771032924624,  6.5,  5.3, 0.021813, Narok                                                                          , KE-33
ken_soil_ph.2113, -1.4107145710520943  , 38.24867767975106 ,  8.3,  7.2, 0.014742, Kitui                                                                          , KE-18
ken_soil_ph.2115, -1.2310579133033523  , 38.73116347422182 ,  6.4,  5.4, 0.004466, Kitui                                                                          , KE-18
ken_soil_ph.2118, -1.211751499266026   , 37.25516356805829 ,  5.6,  5.1, 0.000705, Machakos                                                                       , KE-22
ken_soil_ph.2119, -1.2285160321223503  , 38.94393875287722 ,  6.4,  5.3, 0.00441 , Kitui                                                                          , KE-18
ken_soil_ph.2120, -1.2329785308031598  , 37.00550219096634 ,  7.5,  5.9, 0.002654, Machakos                                                                       , KE-22
ken_soil_ph.2121, -1.2258715129503552  , 37.66456763188424 ,  8.0,  6.8, 0.000855, Machakos                                                                       , KE-22
ken_soil_ph.2124, -1.2314406595170513  , 40.02058363914865 ,  8.0,  6.9, 0.001025, Tana River                                                                     , KE-40
ken_soil_ph.2129, -1.283978639235764   , 37.272213565653026,  6.2,  4.9, 0.002914, Machakos                                                                       , KE-22
ken_soil_ph.2131, -1.2586886546712444  , 37.584677506806486,  6.9,  5.0, 0.005253, Machakos                                                                       , KE-22
ken_soil_ph.2134, -1.2299425997497149  , 34.48411119989853 ,  5.1,  4.1, 0.000428, Migori                                                                         , KE-27
ken_soil_ph.2135, -1.2590690361786236  , 39.98779511609884 ,  8.0,  6.9, 0.00075 , Tana River                                                                     , KE-40
ken_soil_ph.2137, -1.2674099199653721  , 38.762620570380015,  6.9,  6.0, 0.00329 , Kitui                                                                          , KE-18
ken_soil_ph.2139, -1.276214069294762   , 39.1497498048733  ,  8.0,  6.9, 0.009462, Tana River                                                                     , KE-40
ken_soil_ph.2141, -1.7421418358660408  , 36.35303812392997 ,  8.0,  6.5, 0.276596, Kajiado                                                                        , KE-10
ken_soil_ph.2147, -1.3102158755594309  , 38.75338402868112 ,  8.3,  7.2, 0.007081, Kitui                                                                          , KE-18
ken_soil_ph.2148, -1.2677043263279852  , 36.634220324400545,  5.8,  4.4, 0.00084 , Nairobi                                                                        , KE-30
ken_soil_ph.2152, -1.2939660905791488  , 38.704294982369   ,  6.9,  6.0, 0.002937, Kitui                                                                          , KE-18
ken_soil_ph.2156, -1.5317121730965297  , 38.794971177817544,  6.4,  5.4, 0.084176, Kitui                                                                          , KE-18
ken_soil_ph.2158, -1.3263015621056344  , 36.2797062712986  ,  7.1,  5.1, 0.005598, Kajiado                                                                        , KE-10
ken_soil_ph.2160, -1.370133465691314   , 39.132162165294446,  6.4,  5.3, 0.041011, Tana River                                                                     , KE-40
ken_soil_ph.2165, -1.3539866594656293  , 36.572960661611475,  7.1,  5.1, 0.001897, Kajiado                                                                        , KE-10
ken_soil_ph.2166, -1.3178933899229535  , 36.38127050664783 ,  7.1,  5.1, 0.006665, Kajiado                                                                        , KE-10
ken_soil_ph.2167, -1.285330131310616   , 34.57723739975236 ,  5.1,  4.1, 0.000286, Migori                                                                         , KE-27
ken_soil_ph.2169, -1.314868121347343   , 36.759433039020095,  5.8,  4.4, 0.003298, Nairobi                                                                        , KE-30
ken_soil_ph.2170, -1.2965288782170201  , 36.64115277367352 ,  5.8,  4.4, 0.000232, Nairobi                                                                        , KE-30
ken_soil_ph.2172, -1.3326583846695426  , 38.65735911523    ,  6.4,  5.4, 0.00349 , Kitui                                                                          , KE-18
ken_soil_ph.2173, -1.3541765959719585  , 37.392339764909266,  6.4,  5.4, 0.004402, Machakos                                                                       , KE-22
ken_soil_ph.2177, -1.3326245569491408  , 39.103261921117344,  6.4,  5.4, 0.002659, Tana River                                                                     , KE-40
ken_soil_ph.2178, -1.3392174992833863  , 36.5036274226607  ,  7.1,  5.1, 0.000789, Kajiado                                                                        , KE-10
ken_soil_ph.2180, -1.317903610380652   , 34.62767461992601 ,  5.1,  4.1, 0.000165, Narok                                                                          , KE-33
ken_soil_ph.2184, -1.3519623329626558  , 34.71479458786976 ,  5.1,  4.1, 0.002109, Narok                                                                          , KE-33
ken_soil_ph.2186, -1.350372727337819   , 36.73715209903442 ,  5.8,  4.4, 0.00196 , Nairobi                                                                        , KE-30
ken_soil_ph.2190, -1.4749406594792718  , 40.07520612567193 ,  8.0,  6.9, 0.003662, Tana River                                                                     , KE-40
ken_soil_ph.2193, -1.3798578297371606  , 36.544927203265466,  7.1,  5.1, 0.001146, Kajiado                                                                        , KE-10
ken_soil_ph.2194, -1.384971260175779   , 36.246516592836606,  7.1,  5.1, 0.000827, Kajiado                                                                        , KE-10
ken_soil_ph.2200, -1.5857655850413477  , 36.60657483334107 ,  8.2,  7.0, 0.014021, Kajiado                                                                        , KE-10
ken_soil_ph.2201, -1.3691396740267     , 39.276546534442225,  6.4,  5.4, 0.001986, Tana River                                                                     , KE-40
ken_soil_ph.2202, -1.7105210562009927  , 36.426060991383835,  7.1,  5.1, 0.016962, Kajiado                                                                        , KE-10
ken_soil_ph.2203, -1.4940713778954657  , 36.81046020682643 ,  8.2,  6.8, 0.016904, Kajiado                                                                        , KE-10
ken_soil_ph.2204, -1.5272693467390634  , 37.96973546306775 ,  6.4,  5.4, 0.014916, Kitui                                                                          , KE-18
ken_soil_ph.2209, -1.4416661969229567  , 36.339860662259696,  7.1,  5.1, 0.003142, Kajiado                                                                        , KE-10
ken_soil_ph.2221, -1.4139750825232997  , 36.50831304365365 ,  7.1,  5.1, 0.000733, Kajiado                                                                        , KE-10
ken_soil_ph.2223, -1.4570736345614717  , 37.23259786504045 ,  6.3,  4.9, 0.008375, Machakos                                                                       , KE-22
ken_soil_ph.2234, -1.559653176138374   , 36.61551610997248 ,  6.4,  5.3, 0.01418 , Kajiado                                                                        , KE-10
ken_soil_ph.2238, -1.4658544583720392  , 36.29997068144407 ,  7.1,  5.1, 0.001093, Kajiado                                                                        , KE-10
ken_soil_ph.2239, -1.4634243911599525  , 37.60928231830397 ,  6.4,  5.4, 0.001636, Makueni                                                                        , KE-23
ken_soil_ph.2242, -1.4809973074611653  , 37.075827892552034,  7.0,  5.8, 0.002001, Machakos                                                                       , KE-22
ken_soil_ph.2246, -1.4798290330509976  , 38.78542360730705 ,  6.9,  6.0, 0.008472, Kitui                                                                          , KE-18
ken_soil_ph.2247, -1.5133423045571215  , 36.21393035297361 ,  7.1,  5.1, 0.004275, Kajiado                                                                        , KE-10
ken_soil_ph.2249, -1.479219435077995   , 36.27139327314849 ,  7.1,  5.1, 0.000753, Kajiado                                                                        , KE-10
ken_soil_ph.2251, -1.4716529077614333  , 39.00476321813678 ,  6.4,  5.3, 0.001606, Tana River                                                                     , KE-40
ken_soil_ph.2262, -1.4962880913108012  , 37.307343187781576,  5.1,  4.3, 0.001568, Machakos                                                                       , KE-22
ken_soil_ph.2266, -1.5397559431626193  , 39.54542338206327 ,  8.0,  6.9, 0.021172, Tana River                                                                     , KE-40
ken_soil_ph.2267, -1.513655688016479   , 37.545759192460864,  6.4,  5.4, 0.001532, Makueni                                                                        , KE-23
ken_soil_ph.2268, -1.5189107817937355  , 36.43002890345564 ,  7.1,  5.1, 0.00088 , Kajiado                                                                        , KE-10
ken_soil_ph.2271, -1.552831406684308   , 36.142277203661486,  7.1,  5.1, 0.002247, Narok                                                                          , KE-33
ken_soil_ph.2272, -1.5526184181663358  , 38.90366985115455 ,  6.4,  5.3, 0.004829, Kitui                                                                          , KE-18
ken_soil_ph.2276, -1.6464105301230583  , 37.80603623535783 ,  8.3,  7.2, 0.005566, Kitui                                                                          , KE-18
ken_soil_ph.2283, -1.5737023093299258  , 36.343282545428096,  7.1,  5.1, 0.002148, Kajiado                                                                        , KE-10
ken_soil_ph.2284, -1.674634598994304   , 38.91130322300935 ,  8.3,  7.2, 0.016927, Kitui                                                                          , KE-18
ken_soil_ph.2290, -1.6403700963513015  , 36.60859651939664 ,  7.5,  6.5, 0.004765, Kajiado                                                                        , KE-10
ken_soil_ph.2293, -1.5913348929882565  , 36.58945251919917 ,  7.1,  5.1, 0.001553, Kajiado                                                                        , KE-10
ken_soil_ph.2301, -1.6945719470198435  , 36.51808495752117 ,  7.1,  5.1, 0.006164, Kajiado                                                                        , KE-10
ken_soil_ph.2315, -1.6613702349435233  , 38.97148739300024 ,  6.4,  5.3, 0.006039, Kitui                                                                          , KE-18
ken_soil_ph.2320, -1.770017294550451   , 36.72718045512334 ,  7.9,  6.5, 0.019628, Kajiado                                                                        , KE-10
ken_soil_ph.2322, -1.691572230990993   , 36.4416553628496  ,  6.4,  5.3, 0.009903, Kajiado                                                                        , KE-10
ken_soil_ph.2323, -1.6519907934025295  , 36.47022585937692 ,  8.2,  7.0, 0.00236 , Kajiado                                                                        , KE-10
ken_soil_ph.2326, -1.6614558812853915  , 37.32821379848502 ,  6.3,  4.9, 0.006113, Machakos                                                                       , KE-22
ken_soil_ph.2327, -1.6442537360707052  , 37.46495301156354 ,  5.1,  4.3, 0.001885, Makueni                                                                        , KE-23
ken_soil_ph.2332, -1.6746279174312297  , 37.78301167712499 ,  6.4,  5.4, 0.002669, Makueni                                                                        , KE-23
ken_soil_ph.2334, -1.689590433961221   , 37.73461842272307 ,  6.4,  5.4, 0.003502, Makueni                                                                        , KE-23
ken_soil_ph.2336, -1.6442498996389958  , 38.09360665030355 ,  8.0,  6.8, 0.001264, Kitui                                                                          , KE-18
ken_soil_ph.2338, -1.6421416544603709  , 38.018104219173345,  8.0,  6.8, 0.000246, Kitui                                                                          , KE-18
ken_soil_ph.2339, -1.6792198984776272  , 36.36585528601007 ,  6.4,  5.3, 0.002253, Kajiado                                                                        , KE-10
ken_soil_ph.2349, -1.6842800670932645  , 36.32567121380724 ,  7.1,  5.1, 0.000753, Kajiado                                                                        , KE-10
ken_soil_ph.2350, -1.685885584141936   , 38.00636537242993 ,  8.0,  6.8, 0.001007, Kitui                                                                          , KE-18
ken_soil_ph.2352, -1.6888271406522224  , 37.55505094633085 ,  6.4,  5.4, 0.001066, Makueni                                                                        , KE-23
ken_soil_ph.2355, -1.7176884722793608  , 37.61005523488048 ,  6.4,  5.4, 0.003285, Makueni                                                                        , KE-23
ken_soil_ph.2356, -1.6880864205367578  , 37.48426448708401 ,  6.3,  4.9, 0.001776, Makueni                                                                        , KE-23
ken_soil_ph.2362, -1.7404655999254037  , 36.18892774867194 ,  7.1,  5.1, 0.003185, Narok                                                                          , KE-33
ken_soil_ph.2365, -1.7127470856518203  , 36.68199297659883 ,  7.9,  6.5, 0.003538, Kajiado                                                                        , KE-10
ken_soil_ph.2373, -1.7174954836424186  , 36.59311390134638 ,  7.1,  5.1, 0.000528, Kajiado                                                                        , KE-10
ken_soil_ph.2378, -1.871206713818412   , 39.20242389580572 ,  6.4,  5.3, 0.080668, Tana River                                                                     , KE-40
ken_soil_ph.2381, -1.7292465195927489  , 37.534668673755405,  6.3,  4.9, 0.000507, Makueni                                                                        , KE-23
ken_soil_ph.2382, -1.7765062340732412  , 38.04658353549128 ,  8.0,  6.8, 0.004166, Kitui                                                                          , KE-18
ken_soil_ph.2393, -1.7485395173460176  , 41.495141474966566,  5.8,  5.3, 0.000124, Jubbada Hoose جوبا السفلى                                                      , 
ken_soil_ph.2394, -1.7569310156905293  , 36.44117245228169 ,  8.2,  7.0, 0.001032, Kajiado                                                                        , KE-10
ken_soil_ph.2397, -1.8658864313686767  , 38.87983615103374 ,  6.4,  5.4, 0.060222, Kitui                                                                          , KE-18
ken_soil_ph.2401, -1.76359246592279    , 36.07208343803685 ,  8.2,  7.0, 0.000307, Narok                                                                          , KE-33
ken_soil_ph.2404, -1.7958071842198513  , 37.99270592138497 ,  8.0,  6.8, 0.001339, Kitui                                                                          , KE-18
ken_soil_ph.2405, -1.7721285237670317  , 36.93310949716212 ,  5.8,  4.4, 0.00105 , Kajiado                                                                        , KE-10
ken_soil_ph.2406, -1.7970978123137145  , 36.60057275196626 ,  7.5,  6.5, 0.001292, Kajiado                                                                        , KE-10
ken_soil_ph.2413, -1.7993518000556106  , 37.364940312467105,  5.1,  4.3, 0.003287, Machakos                                                                       , KE-22
ken_soil_ph.2416, -1.8522405783502192  , 37.689792245323055,  6.4,  5.4, 0.007106, Makueni                                                                        , KE-23
ken_soil_ph.2419, -1.8283936492744919  , 37.38597557187874 ,  6.3,  4.9, 0.005445, Kajiado                                                                        , KE-10
ken_soil_ph.2424, -1.8332389277142154  , 38.13209325519032 ,  8.0,  6.8, 0.002734, Kitui                                                                          , KE-18
ken_soil_ph.2426, -2.0338829860760015  , 38.614592352533464,  5.7,  4.4, 0.076907, Kitui                                                                          , KE-18
ken_soil_ph.2427, -1.8218443779570428  , 36.354534419160736,  7.1,  5.1, 0.001533, Kajiado                                                                        , KE-10
ken_soil_ph.2428, -1.827752571535487   , 37.5856219916075  ,  6.4,  5.4, 0.002398, Makueni                                                                        , KE-23
ken_soil_ph.2436, -1.9088671995267894  , 36.64224375619031 ,  7.0,  5.8, 0.006631, Kajiado                                                                        , KE-10
ken_soil_ph.2444, -1.830376597165445   , 41.421215373860505,  5.8,  5.3, 5.2e-05 ,                                                                                , 
ken_soil_ph.2448, -1.8683299638461777  , 37.74865058321016 ,  6.4,  5.4, 0.000831, Makueni                                                                        , KE-23
ken_soil_ph.2450, -1.8488054916218728  , 41.40485719521612 ,  5.8,  5.3, 3.8e-05 ,                                                                                , 
ken_soil_ph.2451, -1.9289948038308333  , 36.565373838782406,  7.1,  5.1, 0.003268, Kajiado                                                                        , KE-10
ken_soil_ph.2452, -1.9727584207869455  , 36.480930323968   ,  7.1,  5.1, 0.007817, Kajiado                                                                        , KE-10
ken_soil_ph.2454, -1.9169437097204496  , 37.57227256301588 ,  6.4,  5.4, 0.001381, Makueni                                                                        , KE-23
ken_soil_ph.2455, -1.8946368781774503  , 36.19529652300622 ,  7.1,  5.1, 0.00088 , Narok                                                                          , KE-33
ken_soil_ph.2458, -2.064715872334843   , 38.99620138020482 ,  6.4,  5.3, 0.079586, Kitui                                                                          , KE-18
ken_soil_ph.2459, -1.9175167764019814  , 36.069325645505934,  8.2,  7.0, 0.000835, Narok                                                                          , KE-33
ken_soil_ph.2461, -1.9672191091901334  , 41.01273467269457 ,  5.8,  5.3, 0.002833, Lamu                                                                           , KE-21
ken_soil_ph.2465, -1.9235645920547284  , 36.34599920952763 ,  7.1,  5.1, 0.001002, Kajiado                                                                        , KE-10
ken_soil_ph.2467, -1.930036632423999   , 41.24543730772049 ,  5.8,  5.3, 0.001136, Lamu                                                                           , KE-21
ken_soil_ph.2468, -2.159601242103867   , 36.48241757541054 ,  7.1,  5.1, 0.014253, Kajiado                                                                        , KE-10
ken_soil_ph.2470, -1.9621861091509896  , 36.02134179937588 ,  6.4,  5.3, 0.003758, Narok                                                                          , KE-33
ken_soil_ph.2472, -1.915792360335286   , 40.99472722119092 ,  5.8,  5.3, 7.8e-05 , Lamu                                                                           , KE-21
ken_soil_ph.2473, -1.959704870159289   , 38.03180630801478 ,  8.0,  6.8, 0.002265, Kitui                                                                          , KE-18
ken_soil_ph.2474, -1.9285258423487626  , 40.983816162511246,  5.8,  5.3, 0.000148, Lamu                                                                           , KE-21
ken_soil_ph.2475, -1.9522148551808636  , 37.33754015293476 ,  6.4,  5.4, 0.002027, Kajiado                                                                        , KE-10
ken_soil_ph.2476, -1.9264411443758873  , 41.34501600461439 ,  5.8,  5.3, 2.9e-05 , Lamu                                                                           , KE-21
ken_soil_ph.2479, -2.1034476467512846  , 40.128692544362536,  8.0,  6.9, 0.00589 , Tana River                                                                     , KE-40
ken_soil_ph.2484, -1.9720160033210583  , 36.30137937279722 ,  7.1,  5.1, 0.001423, Kajiado                                                                        , KE-10
ken_soil_ph.2486, -1.9626740114928631  , 36.67122923302235 ,  7.9,  6.5, 0.001891, Kajiado                                                                        , KE-10
ken_soil_ph.2489, -1.962774692532338   , 41.13448966478201 ,  5.8,  5.3, 0.00093 , Lamu                                                                           , KE-21
ken_soil_ph.2490, -1.9654085641355459  , 40.859401137784786,  5.8,  5.3, 0.000368, Lamu                                                                           , KE-21
ken_soil_ph.2493, -2.0849223006954487  , 37.48457794509147 ,  7.0,  5.8, 0.016152, Makueni                                                                        , KE-23
ken_soil_ph.2494, -1.9628333206238051  , 40.8316930316721  ,  5.8,  5.3, 0.000268, Lamu                                                                           , KE-21
ken_soil_ph.2497, -1.9727821950275615  , 41.284568058367036,  5.8,  5.3, 0.00035 , Lamu                                                                           , KE-21
ken_soil_ph.2498, -1.9932451775605333  , 38.74107135616243 ,  6.9,  6.0, 0.012609, Kitui                                                                          , KE-18
ken_soil_ph.2501, -1.9895999067884826  , 40.96688127383795 ,  5.8,  5.3, 0.000368, Lamu                                                                           , KE-21
ken_soil_ph.2504, -2.082703277678549   , 36.23905549014024 ,  7.1,  5.1, 0.004392, Kajiado                                                                        , KE-10
ken_soil_ph.2505, -1.992685488768786   , 40.89947282665064 ,  5.8,  5.3, 0.000991, Lamu                                                                           , KE-21
ken_soil_ph.2506, -2.053437019406616   , 38.00283483341043 ,  6.3,  4.9, 0.002466, Kitui                                                                          , KE-18
ken_soil_ph.2507, -2.0344904795572876  , 35.99027257884739 ,  7.0,  5.8, 0.005019, Narok                                                                          , KE-33
ken_soil_ph.2509, -2.0960155578867607  , 37.007586298707814,  7.0,  5.8, 0.013148, Kajiado                                                                        , KE-10
ken_soil_ph.2511, -1.9994186067953654  , 37.38984254110279 ,  6.4,  5.4, 0.000941, Kajiado                                                                        , KE-10
ken_soil_ph.2515, -2.028498051249992   , 37.55150680571594 ,  6.4,  5.4, 0.002346, Makueni                                                                        , KE-23
ken_soil_ph.2516, -2.02196653010788    , 37.24297700376703 ,  9.2,  8.2, 0.001614, Kajiado                                                                        , KE-10
ken_soil_ph.2519, -2.125726998466185   , 40.23554532120207 ,  6.3,  5.2, 0.021158, Lamu                                                                           , KE-21
ken_soil_ph.2524, -2.192239196568719   , 38.828432269700905,  6.4,  5.4, 0.024757, Kitui                                                                          , KE-18
ken_soil_ph.2525, -2.170247865993839   , 37.182922132781435,  8.3,  7.2, 0.009757, Kajiado                                                                        , KE-10
ken_soil_ph.2526, -2.13137708917267    , 38.44517031423232 ,  8.3,  7.2, 0.008238, Kitui                                                                          , KE-18
ken_soil_ph.2529, -2.0425104172852704  , 37.274234041172235,  6.8,  6.1, 0.003493, Kajiado                                                                        , KE-10
ken_soil_ph.2530, -2.112399136219287   , 38.43235580345667 ,  5.7,  4.4, 0.010319, Kitui                                                                          , KE-18
ken_soil_ph.2533, -2.095157796784824   , 38.10401052575671 ,  8.0,  6.8, 0.00501 , Kitui                                                                          , KE-18
ken_soil_ph.2536, -2.098187510107205   , 37.36690117334566 ,  6.4,  5.4, 0.009713, Kajiado                                                                        , KE-10
ken_soil_ph.2537, -2.040697316681049   , 40.89454136281509 ,  5.8,  5.3, 0.000224, Lamu                                                                           , KE-21
ken_soil_ph.2538, -2.062856324882869   , 36.31283140714508 ,  8.2,  7.0, 0.001604, Kajiado                                                                        , KE-10
ken_soil_ph.2539, -2.060094106586296   , 40.94220083167913 ,  5.8,  5.3, 0.000646, Lamu                                                                           , KE-21
ken_soil_ph.2540, -2.073577265169703   , 36.03538078907839 ,  8.2,  7.0, 0.001608, Narok                                                                          , KE-33
ken_soil_ph.2543, -2.049930736140271   , 36.90014113526365 ,  7.0,  5.8, 0.000407, Kajiado                                                                        , KE-10
ken_soil_ph.2546, -2.2509811051290334  , 39.08261879418355 ,  8.0,  6.9, 0.043247, Tana River                                                                     , KE-40
ken_soil_ph.2547, -2.0689009825489264  , 37.28343707878199 ,  6.4,  5.4, 0.001656, Kajiado                                                                        , KE-10
ken_soil_ph.2548, -2.0829020849217277  , 39.94141206008245 ,  8.0,  6.9, 0.005269, Tana River                                                                     , KE-40
ken_soil_ph.2551, -2.051792226228745   , 41.02759118342881 ,  5.8,  5.3, 8e-06   , Lamu                                                                           , KE-21
ken_soil_ph.2553, -2.0885736562885597  , 38.31806277324366 ,  5.7,  4.4, 0.000732, Kitui                                                                          , KE-18
ken_soil_ph.2554, -2.054706647955749   , 40.96058281994225 ,  5.8,  5.3, 4e-06   , Lamu                                                                           , KE-21
ken_soil_ph.2555, -2.1310904867452014  , 41.03518180267836 ,  5.8,  5.3, 0.006958, Lamu                                                                           , KE-21
ken_soil_ph.2556, -2.0995599429151697  , 36.295925298735085,  6.4,  5.3, 0.004426, Kajiado                                                                        , KE-10
ken_soil_ph.2558, -2.0635507110326357  , 40.88362541235274 ,  5.8,  5.3, 6.1e-05 , Lamu                                                                           , KE-21
ken_soil_ph.2560, -2.096949707319655   , 37.16051121252676 ,  6.8,  6.1, 0.001959, Kajiado                                                                        , KE-10
ken_soil_ph.2565, -2.0740528357303796  , 35.96548883078603 ,  6.4,  5.3, 0.000362, Narok                                                                          , KE-33
ken_soil_ph.2567, -2.090348884018449   , 38.00805181194731 ,  8.0,  6.8, 0.000546, Kitui                                                                          , KE-18
ken_soil_ph.2568, -2.0917123326441933  , 40.88797362675961 ,  5.8,  5.3, 0.00051 , Lamu                                                                           , KE-21
ken_soil_ph.2573, -2.2682419543765358  , 37.15921667080883 ,  6.7,  5.8, 0.037874, Kajiado                                                                        , KE-10
ken_soil_ph.2574, -2.1071456342740214  , 36.052113718717806,  8.5,  0.0, 0.00176 , Narok                                                                          , KE-33
ken_soil_ph.2579, -2.1220923192825407  , 37.636418925742156,  6.8,  6.1, 0.002469, Makueni                                                                        , KE-23
ken_soil_ph.2580, -2.1160927549711994  , 41.13837097931821 ,  5.8,  5.3, 0.001944, Lamu                                                                           , KE-21
ken_soil_ph.2581, -2.135586590745288   , 36.14980003543999 ,  8.2,  7.0, 0.003858, Narok                                                                          , KE-33
ken_soil_ph.2585, -2.1771200080835382  , 36.84624428264593 ,  7.0,  5.8, 0.006549, Kajiado                                                                        , KE-10
ken_soil_ph.2587, -2.142424470443167   , 36.12274746006907 ,  6.4,  5.3, 0.003667, Narok                                                                          , KE-33
ken_soil_ph.2590, -2.173437153141584   , 36.310398102736706,  7.1,  5.1, 0.00298 , Kajiado                                                                        , KE-10
ken_soil_ph.2593, -2.130190383410598   , 37.58461271348318 ,  6.8,  6.1, 0.000864, Makueni                                                                        , KE-23
ken_soil_ph.2595, -2.1460990997997262  , 38.38712388582085 ,  5.7,  4.4, 0.000868, Kitui                                                                          , KE-18
ken_soil_ph.2597, -2.3034070112235314  , 38.41281186524463 ,  5.7,  4.4, 0.021606, Kitui                                                                          , KE-18
ken_soil_ph.2600, -2.176059907791598   , 36.95107219821737 ,  6.7,  5.8, 0.001606, Kajiado                                                                        , KE-10
ken_soil_ph.2609, -2.272179246167707   , 37.499083984393096,  6.8,  6.1, 0.009029, Kajiado                                                                        , KE-10
ken_soil_ph.2610, -2.303428542976562   , 40.06049914374058 ,  6.3,  5.2, 0.013077, Tana River                                                                     , KE-40
ken_soil_ph.2611, -2.1972743441240703  , 38.84081334613214 ,  7.3,  6.6, 0.006743, Kitui                                                                          , KE-18
ken_soil_ph.2612, -2.2720080251545687  , 38.8371583758803  ,  6.9,  6.0, 0.022786, Tana River                                                                     , KE-40
ken_soil_ph.2618, -2.2551141712407787  , 37.68241961557907 ,  8.0,  6.9, 0.005637, Kajiado                                                                        , KE-10
ken_soil_ph.2621, -2.1809537540842916  , 37.13752815540471 ,  6.8,  6.1, 0.00145 , Kajiado                                                                        , KE-10
ken_soil_ph.2622, -2.2930418970089232  , 37.01713497821732 ,  7.9,  7.2, 0.019263, Kajiado                                                                        , KE-10
ken_soil_ph.2623, -2.28036532097413    , 40.75611856088487 ,  5.8,  5.3, 0.010769, Lamu                                                                           , KE-21
ken_soil_ph.2624, -2.2950300535792176  , 37.38500555529959 ,  6.7,  5.8, 0.034801, Kajiado                                                                        , KE-10
ken_soil_ph.2629, -2.194006381377374   , 37.660878504433285,  6.0,  4.7, 0.003014, Makueni                                                                        , KE-23
ken_soil_ph.2631, -2.2706899832482237  , 38.60129385503285 ,  5.7,  4.4, 0.037816, Tana River                                                                     , KE-40
ken_soil_ph.2633, -2.4566742556311003  , 40.25413904059537 ,  8.0,  6.9, 0.029671, Lamu                                                                           , KE-21
ken_soil_ph.2635, -2.229939481857208   , 37.65315247779055 ,  9.2,  7.6, 0.00352 , Kajiado                                                                        , KE-10
ken_soil_ph.2637, -2.518956222662039   , 38.33538195555608 ,  5.8,  4.7, 0.02478 , Kitui                                                                          , KE-18
ken_soil_ph.2645, -2.2491751152912025  , 38.95567054446879 ,  7.3,  6.6, 0.005987, Tana River                                                                     , KE-40
ken_soil_ph.2648, -2.247285681151343   , 40.93293984739467 ,  5.8,  5.3, 0.002197, Lamu                                                                           , KE-21
ken_soil_ph.2650, -2.2595230378479307  , 37.626457755164594,  6.8,  6.1, 0.002349, Kajiado                                                                        , KE-10
ken_soil_ph.2658, -2.2680717238048005  , 36.33181744070624 ,  7.1,  5.1, 0.000679, Arusha                                                                         , TZ-01
ken_soil_ph.2664, -2.382455601202055   , 40.16759182773845 ,  8.0,  6.9, 0.005218, Tana River                                                                     , KE-40
ken_soil_ph.2669, -2.327861615540291   , 37.31987656984184 ,  6.8,  5.6, 0.000663, Kajiado                                                                        , KE-10
ken_soil_ph.2673, -2.305442980521517   , 40.94095704351715 ,  5.8,  5.3, 0.000602, Lamu                                                                           , KE-21
ken_soil_ph.2674, -2.3537219995829406  , 38.54500244817027 ,  7.8,  7.1, 0.005402, Kitui                                                                          , KE-18
ken_soil_ph.2680, -2.4805276114094537  , 39.71178326829789 ,  6.4,  5.3, 0.028143, Tana River                                                                     , KE-40
ken_soil_ph.2684, -2.6404698976858008  , 37.877354107331136,  6.7,  5.6, 0.037019, Taita Taveta                                                                   , KE-39
ken_soil_ph.2685, -2.4315074228287603  , 36.80620024795843 ,  7.9,  7.2, 0.01266 , Kajiado                                                                        , KE-10
ken_soil_ph.2686, -2.3407018552139247  , 37.62970825807616 ,  6.8,  6.1, 0.000823, Kajiado                                                                        , KE-10
ken_soil_ph.2687, -2.399169093503538   , 39.36738046476014 ,  6.4,  5.3, 0.01388 , Tana River                                                                     , KE-40
ken_soil_ph.2693, -2.493761324021087   , 37.148042383192696,  7.7,  6.5, 0.012835, Kajiado                                                                        , KE-10
ken_soil_ph.2697, -2.3768860836815953  , 37.493932688061456,  8.0,  6.9, 0.003617, Kajiado                                                                        , KE-10
ken_soil_ph.2701, -2.4133302106814583  , 37.18120107721549 ,  8.0,  6.9, 0.014491, Kajiado                                                                        , KE-10
ken_soil_ph.2702, -2.4331360657124033  , 37.384103230456546,  7.9,  7.2, 0.012167, Kajiado                                                                        , KE-10
ken_soil_ph.2704, -2.3864380883542338  , 40.075889894485314,  6.3,  5.2, 0.002249, Tana River                                                                     , KE-40
ken_soil_ph.2709, -2.3647821819900545  , 40.192794986959406,  8.0,  6.9, 0.000583, Tana River                                                                     , KE-40
ken_soil_ph.2711, -2.3647036379383555  , 38.84561633934006 ,  8.3,  7.2, 0.001398, Tana River                                                                     , KE-40
ken_soil_ph.2712, -2.380531062259344   , 37.539309633677945,  6.8,  5.6, 0.002361, Kajiado                                                                        , KE-10
ken_soil_ph.2715, -2.4249005275247275  , 38.81955355581034 ,  6.9,  6.0, 0.039471, Tana River                                                                     , KE-40
ken_soil_ph.2716, -2.5146982921842316  , 37.33333717678863 ,  6.7,  5.8, 0.036099, Kajiado                                                                        , KE-10
ken_soil_ph.2720, -2.509660634679439   , 37.526879321451325,  7.7,  6.5, 0.010095, Kajiado                                                                        , KE-10
ken_soil_ph.2722, -2.3836965146781353  , 38.74707838852625 ,  8.3,  7.2, 0.000665, Tana River                                                                     , KE-40
ken_soil_ph.2724, -2.4100971024958797  , 39.619022413088096,  6.4,  5.3, 0.004208, Tana River                                                                     , KE-40
ken_soil_ph.2727, -2.4194265008936626  , 39.362445543069526,  7.3,  6.6, 0.002778, Tana River                                                                     , KE-40
ken_soil_ph.2728, -2.396441287728418   , 39.326244846777506,  6.4,  5.3, 0.000262, Tana River                                                                     , KE-40
ken_soil_ph.2734, -2.42093963829666    , 37.16243280117672 ,  6.8,  5.6, 0.000689, Kajiado                                                                        , KE-10
ken_soil_ph.2735, -2.4447043227571137  , 39.58503176789035 ,  7.3,  6.6, 0.007116, Tana River                                                                     , KE-40
ken_soil_ph.2736, -2.5209404447731973  , 38.725540915057245,  6.4,  5.4, 0.044473, Tana River                                                                     , KE-40
ken_soil_ph.2738, -2.4360635525911256  , 37.329101573032055,  6.8,  5.6, 0.002084, Kajiado                                                                        , KE-10
ken_soil_ph.2742, -2.559492283474659   , 39.73607148872039 ,  6.6,  4.9, 0.01207 , Tana River                                                                     , KE-40
ken_soil_ph.2744, -2.550082863406099   , 37.60505774226778 ,  7.5,  6.3, 0.012844, Kajiado                                                                        , KE-10
ken_soil_ph.2745, -2.744001444232467   , 38.250197063248955,  5.7,  4.4, 0.107302, Makueni                                                                        , KE-23
ken_soil_ph.2747, -2.4292344049805528  , 37.452214827596556,  6.8,  5.6, 0.000552, Kajiado                                                                        , KE-10
ken_soil_ph.2749, -2.4530201846765363  , 37.580960418449784,  6.8,  6.1, 0.001736, Kajiado                                                                        , KE-10
ken_soil_ph.2750, -2.4418238142277198  , 38.51230373471651 ,  7.8,  7.1, 0.002159, Kitui                                                                          , KE-18
ken_soil_ph.2754, -2.473023327445642   , 40.03416132668024 ,  6.3,  5.2, 0.007075, Tana River                                                                     , KE-40
ken_soil_ph.2756, -2.4447573927498913  , 39.377548976304894,  6.4,  5.3, 0.000332, Tana River                                                                     , KE-40
ken_soil_ph.2757, -2.712128632849261   , 38.639414043033   ,  5.7,  4.4, 0.1229  , Kitui                                                                          , KE-18
ken_soil_ph.2759, -2.4636097040644387  , 37.39964425318872 ,  6.8,  5.6, 0.000931, Kajiado                                                                        , KE-10
ken_soil_ph.2760, -2.526622548149935   , 39.32670164929398 ,  7.3,  6.6, 0.015485, Tana River                                                                     , KE-40
ken_soil_ph.2763, -2.5663386945980418  , 39.93393027314625 ,  8.0,  6.9, 0.003619, Tana River                                                                     , KE-40
ken_soil_ph.2767, -2.6645641390605794  , 40.005512456126596,  5.9,  5.3, 0.011627, Kilifi                                                                         , KE-14
ken_soil_ph.2769, -2.888195934504723   , 38.679654901535244,  6.3,  4.9, 0.031114, Kitui                                                                          , KE-18
ken_soil_ph.2773, -2.5693948986941226  , 38.894883913601966,  7.3,  6.2, 0.023234, Tana River                                                                     , KE-40
ken_soil_ph.2783, -2.6503885622487284  , 39.08193199627392 ,  7.3,  6.6, 0.039511, Tana River                                                                     , KE-40
ken_soil_ph.2784, -2.7101502874739336  , 40.07300800237012 ,  6.3,  5.2, 0.00654 , Kilifi                                                                         , KE-14
ken_soil_ph.2787, -2.5913674954718418  , 37.688757282250876,  7.8,  7.0, 0.00545 , Kajiado                                                                        , KE-10
ken_soil_ph.2788, -2.5433009772358206  , 40.60716459863725 ,  5.8,  5.3, 0.002069, Lamu                                                                           , KE-21
ken_soil_ph.2789, -2.532365648899639   , 40.49062488925546 ,  5.8,  5.3, 0.001555, Lamu                                                                           , KE-21
ken_soil_ph.2791, -2.546240333071875   , 39.66008339824065 ,  6.6,  4.9, 0.001692, Tana River                                                                     , KE-40
ken_soil_ph.2798, -2.5942907380951676  , 37.08213815710667 ,  7.8,  6.8, 0.005458, Kajiado                                                                        , KE-10
ken_soil_ph.2799, -2.6249705719738103  , 37.1530129374333  ,  8.7,  7.2, 0.012125, Arusha                                                                         , TZ-01
ken_soil_ph.2810, -2.5989819862109846  , 39.67912541252013 ,  6.6,  4.9, 0.002107, Tana River                                                                     , KE-40
ken_soil_ph.2815, -2.6144334024688964  , 37.55373988406865 ,  6.8,  6.1, 0.002169, Kajiado                                                                        , KE-10
ken_soil_ph.2819, -2.6441051129180475  , 37.0407418873725  ,  8.0,  6.9, 0.003665, Arusha                                                                         , TZ-01
ken_soil_ph.2823, -2.641839609610956   , 39.3469747852839  ,  7.3,  6.6, 0.00296 , Tana River                                                                     , KE-40
ken_soil_ph.2825, -2.673228887628686   , 39.94321077015277 ,  6.6,  4.9, 0.004235, Kilifi                                                                         , KE-14
ken_soil_ph.2827, -2.660430670800513   , 38.810443179490385,  5.6,  4.8, 0.001246, Kitui                                                                          , KE-18
ken_soil_ph.2829, -2.708948163814244   , 39.856430580623304,  5.9,  5.1, 0.010199, Kilifi                                                                         , KE-14
ken_soil_ph.2830, -2.668472117234699   , 39.61388083579174 ,  6.6,  4.9, 0.002468, Kilifi                                                                         , KE-14
ken_soil_ph.2838, -2.690691291186694   , 39.63410311788654 ,  6.6,  4.9, 0.00097 , Kilifi                                                                         , KE-14
ken_soil_ph.2840, -2.6972454575876617  , 38.8604155037976  ,  5.6,  4.8, 0.001283, Kitui                                                                          , KE-18
ken_soil_ph.2844, -2.6965531499449336  , 38.88677733445539 ,  6.4,  5.4, 0.000643, Kitui                                                                          , KE-18
ken_soil_ph.2845, -2.7975198244035684  , 39.999711240922316,  5.9,  5.1, 0.010431, Kilifi                                                                         , KE-14
ken_soil_ph.2848, -2.885504797581384   , 40.172900210064554,  5.8,  5.3, 0.011789, Kilifi                                                                         , KE-14
ken_soil_ph.2849, -2.720794754013661   , 37.400663105550976,  7.6,  7.1, 0.004424, Kajiado                                                                        , KE-10
ken_soil_ph.2851, -2.735299962418296   , 38.866165376071116,  6.4,  5.4, 0.002075, Kitui                                                                          , KE-18
ken_soil_ph.2852, -2.747548129345469   , 38.91037148938901 ,  7.3,  6.2, 0.004102, Kitui                                                                          , KE-18
ken_soil_ph.2853, -2.7875074161490385  , 38.971128067342704,  7.3,  6.6, 0.006452, Kitui                                                                          , KE-18
ken_soil_ph.2857, -2.760272914228326   , 37.34224927140192 ,  7.4,  6.4, 0.008828, Arusha                                                                         , TZ-01
ken_soil_ph.2861, -2.817504270058482   , 39.95232916667158 ,  6.6,  4.9, 0.010973, Kilifi                                                                         , KE-14
ken_soil_ph.2863, -3.008398719783752   , 37.582651026999294,  7.6,  7.1, 0.087001, Kilimanjaro                                                                    , TZ-09
ken_soil_ph.2865, -2.7881016086559924  , 39.83937981837076 ,  6.6,  4.9, 0.003041, Kilifi                                                                         , KE-14
ken_soil_ph.2866, -2.832290782217479   , 38.99678854348654 ,  6.4,  5.4, 0.018212, Kitui                                                                          , KE-18
ken_soil_ph.2867, -2.7627527532764504  , 39.64552825108862 ,  6.6,  4.9, 0.001565, Kilifi                                                                         , KE-14
ken_soil_ph.2870, -2.8407107420568414  , 39.18510792671127 ,  7.3,  6.6, 0.044594, Tana River                                                                     , KE-40
ken_soil_ph.2871, -2.7689400369024693  , 37.560006610619304,  7.6,  7.1, 0.002171, Kajiado                                                                        , KE-10
ken_soil_ph.2874, -2.7712492627614806  , 39.74741740185267 ,  6.6,  4.9, 0.000558, Kilifi                                                                         , KE-14
ken_soil_ph.2875, -2.8257795913983674  , 39.427444618432986,  7.8,  6.8, 0.010059, Kilifi                                                                         , KE-14
ken_soil_ph.2877, -2.8688699679896907  , 39.87556913545091 ,  5.9,  5.1, 0.010684, Kilifi                                                                         , KE-14
ken_soil_ph.2878, -2.8187378399575214  , 38.46700571138147 ,  6.3,  4.9, 0.001229, Makueni                                                                        , KE-23
ken_soil_ph.2881, -2.874699225892311   , 39.42760202719392 ,  8.0,  6.9, 0.015861, Kilifi                                                                         , KE-14
ken_soil_ph.2882, -2.8072152895394638  , 37.54559141679508 ,  7.4,  6.4, 0.001112, Kajiado                                                                        , KE-10
ken_soil_ph.2884, -2.819105500546903   , 39.938923320346596,  5.9,  5.1, 0.000953, Kilifi                                                                         , KE-14
ken_soil_ph.2885, -2.9249809094015466  , 39.572513389553784,  8.3,  6.9, 0.017439, Kilifi                                                                         , KE-14
ken_soil_ph.2887, -2.8235215476170894  , 39.5757563455138  ,  8.3,  6.9, 0.000995, Kilifi                                                                         , KE-14
ken_soil_ph.2889, -2.964848240342753   , 39.37655467005066 ,  7.8,  6.8, 0.049089, Tana River                                                                     , KE-40
ken_soil_ph.2890, -2.8585190307912884  , 39.76597346046998 ,  5.9,  5.1, 0.001465, Kilifi                                                                         , KE-14
ken_soil_ph.2891, -2.8830997505807745  , 38.828351224041704,  5.8,  4.7, 0.001943, Kitui                                                                          , KE-18
ken_soil_ph.2892, -2.867912939869597   , 40.04172140222132 ,  5.9,  5.3, 0.00133 , Kilifi                                                                         , KE-14
ken_soil_ph.2893, -2.9052113287532424  , 38.58688452438956 ,  5.7,  4.4, 0.003172, Makueni                                                                        , KE-23
ken_soil_ph.2898, -2.9046209525506423  , 39.31018344180794 ,  7.3,  6.6, 0.004937, Tana River                                                                     , KE-40
ken_soil_ph.2902, -2.9911093430301205  , 39.89410109261693 ,  6.6,  4.9, 0.007519, Kilifi                                                                         , KE-14
ken_soil_ph.2906, -2.968269939062029   , 39.04934500371549 ,  6.4,  5.4, 0.013384, Tana River                                                                     , KE-40
ken_soil_ph.2907, -2.9957847151304233  , 38.18688439986253 ,  6.4,  5.3, 0.00552 , Taita Taveta                                                                   , KE-39
ken_soil_ph.2908, -2.9886660173327626  , 39.74672823877421 ,  6.6,  4.9, 0.009138, Kilifi                                                                         , KE-14
ken_soil_ph.2910, -2.982588752442344   , 38.847067349561044,  5.8,  4.7, 0.007548, Kitui                                                                          , KE-18
ken_soil_ph.2912, -2.9418088972540235  , 40.00639018394919 ,  6.6,  4.9, 0.002383, Kilifi                                                                         , KE-14
ken_soil_ph.2914, -2.9534769789344355  , 39.683976002296056,  5.9,  5.1, 0.00319 , Kilifi                                                                         , KE-14
ken_soil_ph.2915, -2.972407255801896   , 38.93893465403508 ,  5.7,  4.4, 0.001942, Kitui                                                                          , KE-18
ken_soil_ph.2920, -2.989584135752693   , 38.75267513539634 ,  5.7,  4.4, 0.002909, Kitui                                                                          , KE-18
ken_soil_ph.2921, -2.979083074502397   , 39.31006208143762 ,  7.3,  6.6, 0.001213, Tana River                                                                     , KE-40
ken_soil_ph.2922, -2.9981857214443846  , 39.886976856627875,  5.9,  5.1, 0.002294, Kilifi                                                                         , KE-14
ken_soil_ph.2923, -3.06927706440116    , 40.13026346383329 ,  6.5,  5.6, 0.003581, Kilifi                                                                         , KE-14
ken_soil_ph.2924, -2.9983571823039763  , 38.8042698139799  ,  5.8,  4.7, 0.000686, Kitui                                                                          , KE-18
ken_soil_ph.2925, -3.0190858335608484  , 39.199610928053076,  6.4,  5.4, 0.003892, Kilifi                                                                         , KE-14
ken_soil_ph.2926, -3.004611670666045   , 38.632956432856666,  5.8,  4.7, 0.001321, Taita Taveta                                                                   , KE-39
ken_soil_ph.2928, -3.0791590900709656  , 39.053817036468324,  7.6,  6.7, 0.032646, Kilifi                                                                         , KE-14
ken_soil_ph.2930, -3.014863486541771   , 39.38408593305527 ,  6.4,  5.4, 0.002099, Kilifi                                                                         , KE-14
ken_soil_ph.2931, -3.0687639292590116  , 40.11054158701834 ,  5.4,  4.4, 0.002051, Kilifi                                                                         , KE-14
ken_soil_ph.2932, -3.03377777169164    , 39.75431372331859 ,  5.9,  5.1, 0.001686, Kilifi                                                                         , KE-14
ken_soil_ph.2935, -3.0955720359288903  , 39.86338400717972 ,  6.6,  4.9, 0.00443 , Kilifi                                                                         , KE-14
ken_soil_ph.2938, -3.0735644497218964  , 39.99433427386392 ,  6.6,  4.9, 0.002965, Kilifi                                                                         , KE-14
ken_soil_ph.2939, -3.1097203702672602  , 39.516098844125686,  7.6,  6.7, 0.026102, Kilifi                                                                         , KE-14
ken_soil_ph.2940, -3.050593925763508   , 39.24832164399171 ,  5.7,  4.4, 0.00123 , Kilifi                                                                         , KE-14
ken_soil_ph.2942, -3.0710978916454175  , 40.07651568097975 ,  5.9,  5.3, 0.001201, Kilifi                                                                         , KE-14
ken_soil_ph.2943, -3.61436514755879    , 38.256915275633645,  5.7,  4.4, 0.519545, Taita Taveta                                                                   , KE-39
ken_soil_ph.2944, -3.0876013529496587  , 39.27052366701384 ,  7.8,  7.1, 0.00672 , Kilifi                                                                         , KE-14
ken_soil_ph.2945, -3.0767799322380425  , 39.6351496389269  ,  7.8,  6.8, 0.001525, Kilifi                                                                         , KE-14
ken_soil_ph.2946, -3.076417748071488   , 39.917656463551495,  5.9,  5.1, 0.001185, Kilifi                                                                         , KE-14
ken_soil_ph.2947, -3.121604453878663   , 39.60264874346949 ,  8.3,  7.2, 0.007514, Kilifi                                                                         , KE-14
ken_soil_ph.2948, -3.2472078862569083  , 39.19307018329371 ,  5.7,  4.4, 0.016386, Kilifi                                                                         , KE-14
ken_soil_ph.2949, -3.224174462427874   , 39.064264212585734,  6.7,  5.6, 0.033443, Kilifi                                                                         , KE-14
ken_soil_ph.2950, -3.1578727566052627  , 39.23982503868726 ,  7.5,  6.7, 0.00507 , Kilifi                                                                         , KE-14
ken_soil_ph.2951, -3.1078230731941576  , 39.71965913602444 ,  6.6,  4.9, 0.000774, Kilifi                                                                         , KE-14
ken_soil_ph.2953, -3.1749209321244445  , 39.953820717387984,  8.3,  7.2, 0.012864, Kilifi                                                                         , KE-14
ken_soil_ph.2954, -3.2520156780685525  , 39.449527567680256,  7.8,  6.8, 0.058602, Kilifi                                                                         , KE-14
ken_soil_ph.2956, -3.3501350730387625  , 39.26559274332036 ,  6.7,  5.6, 0.026637, Kilifi                                                                         , KE-14
ken_soil_ph.2963, -3.2209613532705696  , 39.804722719707904,  6.6,  4.9, 0.007786, Kilifi                                                                         , KE-14
ken_soil_ph.2971, -3.1966872203669583  , 40.109387497705285,  6.5,  5.6, 0.000722, Kilifi                                                                         , KE-14
ken_soil_ph.2976, -3.280605996339274   , 39.36951103549468 ,  6.4,  5.1, 0.004599, Kilifi                                                                         , KE-14
ken_soil_ph.2978, -3.2523584822372285  , 39.00123837719231 ,  6.1,  5.2, 0.003829, Kilifi                                                                         , KE-14
ken_soil_ph.2980, -3.3477279014921044  , 39.84381564658284 ,  5.9,  5.1, 0.035215, Kilifi                                                                         , KE-14
ken_soil_ph.2981, -3.2265129862075526  , 38.687705011493726,  7.5,  6.7, 0.003075, Taita Taveta                                                                   , KE-39
ken_soil_ph.2984, -3.2543850509601415  , 39.979622809052   ,  5.9,  5.3, 0.001089, Kilifi                                                                         , KE-14
ken_soil_ph.2985, -3.4041415113269906  , 39.910554929774655,  5.4,  4.4, 0.014051,                                                                                , 
ken_soil_ph.2986, -3.364325765509449   , 39.09290891421398 ,  7.1,  6.2, 0.016722, Kilifi                                                                         , KE-14
ken_soil_ph.2987, -3.251588830368275   , 38.14511984023837 ,  6.4,  5.3, 0.000823, Taita Taveta                                                                   , KE-39
ken_soil_ph.2988, -3.2637009068014766  , 39.21662976130836 ,  6.4,  5.3, 0.001235, Kilifi                                                                         , KE-14
ken_soil_ph.2989, -3.4385178949991557  , 39.93317778286442 ,  6.5,  5.6, 0.014686,                                                                                , 
ken_soil_ph.2990, -3.267487909985732   , 38.43494230851989 ,  8.3,  7.2, 0.002474, Taita Taveta                                                                   , KE-39
ken_soil_ph.2996, -3.3179526712572347  , 38.779393878840764,  7.5,  6.7, 0.015726, Taita Taveta                                                                   , KE-39
ken_soil_ph.3000, -3.272116277566341   , 38.63919597659398 ,  5.7,  4.4, 0.001015, Taita Taveta                                                                   , KE-39
ken_soil_ph.3002, -3.671373445364392   , 39.575023663478184,  5.4,  4.5, 0.092645, Kilifi                                                                         , KE-14
ken_soil_ph.3003, -3.2915325642720004  , 39.68990699889567 ,  5.7,  4.8, 0.00096 , Kilifi                                                                         , KE-14
ken_soil_ph.3005, -3.2942402503225785  , 39.73374473044116 ,  5.9,  5.1, 0.000647, Kilifi                                                                         , KE-14
ken_soil_ph.3007, -3.2989500117248585  , 38.66406523225535 ,  6.8,  5.6, 0.002669, Taita Taveta                                                                   , KE-39
ken_soil_ph.3008, -3.3070346697546977  , 38.58825865654845 ,  8.0,  6.9, 0.002792, Taita Taveta                                                                   , KE-39
ken_soil_ph.3009, -3.3810483206295676  , 38.364476751066086,  5.3,  4.3, 0.019069, Taita Taveta                                                                   , KE-39
ken_soil_ph.3010, -3.333954236190316   , 38.66452844426105 ,  5.7,  4.4, 0.008011, Taita Taveta                                                                   , KE-39
ken_soil_ph.3011, -3.3117934387598686  , 39.247611733790215,  7.5,  6.7, 0.0013  , Kilifi                                                                         , KE-14
ken_soil_ph.3013, -3.3856784309143078  , 38.33473568166055 ,  6.3,  4.9, 0.008855, Taita Taveta                                                                   , KE-39
ken_soil_ph.3014, -3.3508738561048736  , 38.4376875002739  ,  6.3,  4.9, 0.001564, Taita Taveta                                                                   , KE-39
ken_soil_ph.3015, -3.3375765175694716  , 39.48967689213847 ,  7.9,  7.2, 0.000763, Kilifi                                                                         , KE-14
ken_soil_ph.3018, -3.3752864007538768  , 39.95093299261879 ,  5.8,  5.3, 0.001479, Kilifi                                                                         , KE-14
ken_soil_ph.3019, -3.3847981492890815  , 38.97600865218434 ,  5.6,  4.8, 0.003506, Taita Taveta                                                                   , KE-39
ken_soil_ph.3020, -3.389069904919036   , 38.705729950182686,  8.3,  7.2, 0.006492, Taita Taveta                                                                   , KE-39
ken_soil_ph.3021, -3.371069293724795   , 39.73622517904442 ,  5.7,  4.8, 0.000599, Kilifi                                                                         , KE-14
ken_soil_ph.3022, -3.3982243401896386  , 39.427580121300835,  5.9,  5.0, 0.001538, Kilifi                                                                         , KE-14
ken_soil_ph.3023, -3.3977957278134823  , 38.855185525208924,  7.5,  6.7, 0.011289, Taita Taveta                                                                   , KE-39
ken_soil_ph.3024, -3.387863141408423   , 37.96069295011288 ,  6.4,  5.3, 0.001116, Taita Taveta                                                                   , KE-39
ken_soil_ph.3025, -3.3824631102754865  , 39.982883939475606,  5.8,  5.3, 0.000797, Kilifi                                                                         , KE-14
ken_soil_ph.3027, -3.460570128299134   , 39.29483294216354 ,  7.9,  7.2, 0.010405, Kilifi                                                                         , KE-14
ken_soil_ph.3029, -3.4099576673573555  , 39.069632133189565,  6.1,  5.2, 0.002128, Kilifi                                                                         , KE-14
ken_soil_ph.3032, -3.422774380542053   , 38.770984467463265,  5.7,  4.4, 0.009295, Taita Taveta                                                                   , KE-39
ken_soil_ph.3033, -3.399055858580876   , 38.479415650443144,  5.3,  4.3, 0.00069 , Taita Taveta                                                                   , KE-39
ken_soil_ph.3034, -3.3988429257316137  , 39.02611242268687 ,  5.7,  4.4, 0.000789, Kilifi                                                                         , KE-14
ken_soil_ph.3035, -3.4809760513926937  , 39.74377525789356 ,  5.9,  5.3, 0.003101, Kilifi                                                                         , KE-14
ken_soil_ph.3036, -3.4095750481929863  , 38.31923477341114 ,  5.1,  4.3, 0.002356, Taita Taveta                                                                   , KE-39
ken_soil_ph.3037, -3.4203918832722318  , 37.646219887454805,  7.0,  5.8, 0.001233, Kilimanjaro                                                                    , TZ-09
ken_soil_ph.3040, -3.4107717230207473  , 39.61593537248776 ,  6.6,  4.9, 0.000832, Kilifi                                                                         , KE-14
ken_soil_ph.3042, -3.430081164465673   , 38.99816026377499 ,  5.7,  4.4, 0.002531, Taita Taveta                                                                   , KE-39
ken_soil_ph.3046, -3.4411837407529178  , 37.60523664515397 ,  6.4,  5.6, 0.001566, Kilimanjaro                                                                    , TZ-09
ken_soil_ph.3047, -3.4643666413625747  , 37.6987555681771  ,  7.5,  6.3, 0.005722, Kilimanjaro                                                                    , TZ-09
ken_soil_ph.3048, -3.446736833533195   , 39.71875031129887 ,  5.7,  4.8, 0.002015, Kilifi                                                                         , KE-14
ken_soil_ph.3052, -3.497109816024309   , 38.58316525277279 ,  5.3,  4.3, 0.004956, Taita Taveta                                                                   , KE-39
ken_soil_ph.3055, -3.4815140231636708  , 39.44626803734544 ,  5.9,  5.0, 0.001951, Kilifi                                                                         , KE-14
ken_soil_ph.3056, -3.497226932577028   , 38.75644890831523 ,  6.8,  5.6, 0.01471 , Taita Taveta                                                                   , KE-39
ken_soil_ph.3058, -3.4546557558727877  , 38.203631940006154,  6.4,  5.3, 0.000398, Taita Taveta                                                                   , KE-39
ken_soil_ph.3059, -3.469887094953811   , 39.3650492569921  ,  6.4,  5.1, 0.00173 , Kilifi                                                                         , KE-14
ken_soil_ph.3061, -3.472968562501646   , 39.57706008116962 ,  6.6,  4.9, 0.001446, Kilifi                                                                         , KE-14
ken_soil_ph.3062, -3.5642960651630253  , 39.43846514256817 ,  7.8,  6.8, 0.020438, Kilifi                                                                         , KE-14
ken_soil_ph.3063, -3.5013393461009787  , 39.82693883072729 ,  5.9,  5.3, 0.001856,                                                                                , 
ken_soil_ph.3065, -3.4901511295466467  , 39.18635346408184 ,  7.1,  6.2, 0.002814, Kilifi                                                                         , KE-14
ken_soil_ph.3066, -3.482792662342173   , 39.13177998892349 ,  5.7,  4.4, 0.001766, Kilifi                                                                         , KE-14
ken_soil_ph.3067, -3.4772411415208095  , 39.08707249712425 ,  6.1,  5.2, 0.001501, Kilifi                                                                         , KE-14
ken_soil_ph.3068, -3.4919392745189026  , 38.77175854091477 ,  5.7,  4.4, 0.008142, Taita Taveta                                                                   , KE-39
ken_soil_ph.3069, -3.5438102448932884  , 38.90086257412586 ,  5.7,  4.4, 0.025363, Taita Taveta                                                                   , KE-39
ken_soil_ph.3070, -3.5096793034865374  , 38.417058142189774,  5.7,  4.4, 0.005569, Taita Taveta                                                                   , KE-39
ken_soil_ph.3072, -3.5487652254964788  , 38.51415900989669 ,  6.4,  5.3, 0.004693, Taita Taveta                                                                   , KE-39
ken_soil_ph.3073, -3.489262085332945   , 39.63674566196791 ,  6.6,  4.9, 0.000603, Kilifi                                                                         , KE-14
ken_soil_ph.3074, -3.508187547937863   , 39.73480003430527 ,  5.9,  5.1, 0.000753, Kilifi                                                                         , KE-14
ken_soil_ph.3075, -3.5124823475376323  , 38.58886683711961 ,  6.3,  4.9, 0.001135, Taita Taveta                                                                   , KE-39
ken_soil_ph.3078, -3.5003669360552467  , 38.21861727301566 ,  6.4,  5.3, 0.001052, Taita Taveta                                                                   , KE-39
ken_soil_ph.3079, -3.6760163161711668  , 39.7140489554013  ,  5.6,  4.9, 0.00861 , Kilifi                                                                         , KE-14
ken_soil_ph.3081, -3.5084392156352053  , 37.64999090316319 ,  7.5,  6.3, 0.000536, Kilimanjaro                                                                    , TZ-09
ken_soil_ph.3082, -3.5341655636480445  , 39.350532183821116,  6.4,  5.1, 0.002841, Kilifi                                                                         , KE-14
ken_soil_ph.3083, -3.639008577165041   , 38.960422241486384,  5.7,  4.4, 0.034877, Taita Taveta                                                                   , KE-39
ken_soil_ph.3084, -3.519449709061611   , 39.09890398422865 ,  6.1,  5.2, 0.00083 , Kilifi                                                                         , KE-14
ken_soil_ph.3086, -3.6476476628946735  , 39.23794758288809 ,  6.7,  5.6, 0.038649, Kilifi                                                                         , KE-14
ken_soil_ph.3087, -3.5658644194439826  , 39.5789645918194  ,  6.6,  4.9, 0.008502, Kilifi                                                                         , KE-14
ken_soil_ph.3089, -3.5557359746737123  , 38.68534328242163 ,  8.0,  6.9, 0.002965, Taita Taveta                                                                   , KE-39
ken_soil_ph.3090, -3.6607491272527395  , 38.41968076746336 ,  7.9,  7.2, 0.003874, Taita Taveta                                                                   , KE-39
ken_soil_ph.3093, -3.699750402112645   , 38.285296018250115,  7.9,  7.2, 0.007787, Taita Taveta                                                                   , KE-39
ken_soil_ph.3095, -3.5591081583387547  , 39.698709928015305,  5.7,  4.8, 0.000464, Kilifi                                                                         , KE-14
ken_soil_ph.3096, -3.572209467782029   , 37.811218050111066,  6.4,  5.3, 0.001322, Taita Taveta                                                                   , KE-39
ken_soil_ph.3098, -3.590568344051167   , 38.700925660766366,  5.7,  4.4, 0.002497, Taita Taveta                                                                   , KE-39
ken_soil_ph.3100, -3.5644399202374806  , 39.4124955445078  ,  5.9,  5.0, 0.000965, Kilifi                                                                         , KE-14
ken_soil_ph.3103, -3.620385107415067   , 38.64824850325122 ,  6.8,  5.6, 0.004577, Taita Taveta                                                                   , KE-39
ken_soil_ph.3104, -3.592055503288305   , 39.299289326419355,  7.1,  6.2, 0.001547, Kilifi                                                                         , KE-14
ken_soil_ph.3105, -3.59233426653138    , 39.64611590770008 ,  6.6,  4.9, 0.000892, Kilifi                                                                         , KE-14
ken_soil_ph.3106, -3.8400502267945726  , 39.072328326858745,  6.6,  5.9, 0.099824, Kwale                                                                          , KE-19
ken_soil_ph.3108, -3.6039525299402095  , 37.93233615773004 ,  6.4,  5.3, 0.000668, Taita Taveta                                                                   , KE-39
ken_soil_ph.3109, -3.616907867862345   , 39.459875889000706,  7.1,  5.8, 0.002495, Kilifi                                                                         , KE-14
ken_soil_ph.3111, -3.6686966130535907  , 38.46074826662275 ,  5.7,  4.4, 0.009437, Taita Taveta                                                                   , KE-39
ken_soil_ph.3112, -3.6854474646178934  , 38.60871047692031 ,  5.7,  4.4, 0.008404, Taita Taveta                                                                   , KE-39
ken_soil_ph.3113, -3.7124397069965664  , 38.35255665067196 ,  5.7,  4.4, 0.0206  , Taita Taveta                                                                   , KE-39
ken_soil_ph.3114, -3.632737884332107   , 38.66189976325274 ,  5.7,  4.4, 0.00137 , Taita Taveta                                                                   , KE-39
ken_soil_ph.3115, -3.6737200005517994  , 39.394776506894225,  6.4,  5.1, 0.004747, Kilifi                                                                         , KE-14
ken_soil_ph.3117, -3.7868986856997826  , 39.64720506511814 ,  5.7,  4.8, 0.012756, Kilifi                                                                         , KE-14
ken_soil_ph.3118, -3.6915366553125333  , 39.350590511279734,  7.1,  5.8, 0.002844, Kilifi                                                                         , KE-14
ken_soil_ph.3119, -3.712441805117777   , 38.545505206521945,  6.8,  5.6, 0.00646 , Taita Taveta                                                                   , KE-39
ken_soil_ph.3120, -3.6453994831084064  , 39.64750146905494 ,  6.6,  4.9, 0.00121 , Kilifi                                                                         , KE-14
ken_soil_ph.3121, -3.6633752721539823  , 38.77894266219406 ,  5.7,  4.4, 0.001384, Taita Taveta                                                                   , KE-39
ken_soil_ph.3122, -3.654813102723554   , 39.81008491505372 ,  5.8,  5.3, 0.001297,                                                                                , 
ken_soil_ph.3123, -3.6607427598440436  , 38.541504696580795,  6.4,  5.3, 0.001447, Taita Taveta                                                                   , KE-39
ken_soil_ph.3124, -3.688016550761284   , 39.33763319510689 ,  6.4,  5.1, 0.001197, Kilifi                                                                         , KE-14
ken_soil_ph.3125, -3.6798042056359317  , 38.40582360091325 ,  6.4,  5.3, 0.000564, Taita Taveta                                                                   , KE-39
ken_soil_ph.3127, -3.6768575519203495  , 39.54109225191294 ,  6.6,  4.9, 0.00065 , Kilifi                                                                         , KE-14
ken_soil_ph.3128, -3.6926726811777155  , 39.80468887020505 ,  5.4,  4.4, 0.002041,                                                                                , 
ken_soil_ph.3129, -3.84450998176673    , 39.78630489199764 ,  6.5,  5.6, 0.007624, Mombasa                                                                        , KE-28
ken_soil_ph.3130, -3.7052867413063737  , 39.240140357032175,  5.9,  5.0, 0.002115, Kilifi                                                                         , KE-14
ken_soil_ph.3133, -3.715262360082042   , 39.29360759405227 ,  7.1,  6.2, 0.001796, Kilifi                                                                         , KE-14
ken_soil_ph.3135, -3.7323307859154915  , 38.548533104527415,  6.4,  5.3, 0.001392, Taita Taveta                                                                   , KE-39
ken_soil_ph.3137, -3.746688920189279   , 38.39320807345023 ,  6.4,  5.3, 0.001944, Taita Taveta                                                                   , KE-39
ken_soil_ph.3138, -3.741175543238266   , 38.70355111153486 ,  5.7,  4.4, 0.002338, Taita Taveta                                                                   , KE-39
ken_soil_ph.3140, -3.7748052543317905  , 39.48434129532013 ,  7.9,  7.2, 0.00242 , Kilifi                                                                         , KE-14
ken_soil_ph.3141, -3.9861004376606464  , 39.37791859208088 ,  5.5,  4.3, 0.051801, Kwale                                                                          , KE-19
ken_soil_ph.3143, -3.7492519861490834  , 38.88018686139491 ,  5.7,  4.4, 0.000903, Taita Taveta                                                                   , KE-39
ken_soil_ph.3144, -3.920496728885689   , 38.81669576160266 ,  5.7,  4.4, 0.024283, Taita Taveta                                                                   , KE-39
ken_soil_ph.3146, -3.8094968479634357  , 39.78009543715154 ,  5.9,  5.3, 0.003145, Mombasa                                                                        , KE-28
ken_soil_ph.3147, -3.9626436699402277  , 39.284614389145105,  6.4,  5.1, 0.012062, Kwale                                                                          , KE-19
ken_soil_ph.3148, -3.7774842182791106  , 39.30952467567586 ,  5.9,  5.0, 0.001433, Kilifi                                                                         , KE-14
ken_soil_ph.3149, -3.918814845572944   , 38.73248241712403 ,  8.0,  6.9, 0.007319, Taita Taveta                                                                   , KE-39
ken_soil_ph.3151, -3.8159578528606617  , 39.0810716261625  ,  7.1,  6.2, 0.001456, Kwale                                                                          , KE-19
ken_soil_ph.3153, -3.805580718897015   , 38.70668502228012 ,  5.7,  4.4, 0.001431, Taita Taveta                                                                   , KE-39
ken_soil_ph.3155, -3.8574231164101174  , 38.513649806326114,  8.0,  6.9, 0.004199, Taita Taveta                                                                   , KE-39
ken_soil_ph.3156, -3.9021286142965534  , 39.160889521350725,  7.1,  5.8, 0.018826, Kwale                                                                          , KE-19
ken_soil_ph.3157, -3.8010466957835827  , 39.23788618272117 ,  5.9,  5.0, 0.001061, Kwale                                                                          , KE-19
ken_soil_ph.3164, -3.890723395978952   , 39.29759014863138 ,  5.9,  5.0, 0.003722, Kwale                                                                          , KE-19
ken_soil_ph.3165, -3.9462365815209237  , 39.32817856259052 ,  7.1,  5.8, 0.004939, Kwale                                                                          , KE-19
ken_soil_ph.3171, -3.9327985152333977  , 39.70707622894825 ,  5.8,  5.3, 0.001425, Mombasa                                                                        , KE-28
ken_soil_ph.3178, -4.082889687014443   , 39.013094994445005,  7.3,  6.4, 0.023665, Kwale                                                                          , KE-19
ken_soil_ph.3180, -4.0097285842045185  , 39.706538444888274,  6.5,  5.6, 0.001796, Mombasa                                                                        , KE-28
ken_soil_ph.3182, -4.015971417125823   , 39.649287187196784,  5.8,  5.3, 0.002587, Mombasa                                                                        , KE-28
ken_soil_ph.3183, -4.011275960675138   , 38.8110845735308  ,  5.7,  4.4, 0.000519, Taita Taveta                                                                   , KE-39
ken_soil_ph.3184, -4.061825703023188   , 38.60699949363725 ,  6.4,  5.3, 0.00209 , Taita Taveta                                                                   , KE-39
ken_soil_ph.3185, -4.043363163285195   , 39.4615343586021  ,  5.4,  4.5, 0.006078, Mombasa                                                                        , KE-28
ken_soil_ph.3187, -4.036020665581742   , 39.60173370058437 ,  5.4,  4.4, 0.002663, Mombasa                                                                        , KE-28
ken_soil_ph.3188, -4.103545226159721   , 39.17035280891675 ,  5.9,  5.0, 0.014719, Kwale                                                                          , KE-19
ken_soil_ph.3190, -4.092942521866328   , 38.534003540786486,  6.4,  5.3, 0.003907, Taita Taveta                                                                   , KE-39
ken_soil_ph.3193, -4.080647929221296   , 39.56110434318751 ,  5.8,  5.3, 0.002444, Mombasa                                                                        , KE-28
ken_soil_ph.3196, -4.306143394797838   , 39.38679463848619 ,  5.7,  4.8, 0.03843 , Kwale                                                                          , KE-19
ken_soil_ph.3198, -4.2662889763977505  , 39.56028818602355 ,  6.5,  5.6, 0.007758, Kwale                                                                          , KE-19
ken_soil_ph.3201, -4.157842712837662   , 39.37626842723504 ,  5.4,  4.5, 0.004936, Kwale                                                                          , KE-19
ken_soil_ph.3203, -4.141050954524498   , 39.184172709994044,  7.1,  5.8, 0.002758, Kwale                                                                          , KE-19
ken_soil_ph.3204, -4.3001226990811885  , 38.977674322306484,  6.6,  5.9, 0.012685, Tanga                                                                          , TZ-25
ken_soil_ph.3205, -4.291089769234252   , 39.20842764665582 ,  5.5,  4.3, 0.017989, Kwale                                                                          , KE-19
ken_soil_ph.3207, -4.197750176202678   , 39.17261405033197 ,  6.4,  5.1, 0.002781, Kwale                                                                          , KE-19
ken_soil_ph.3209, -4.269454004560362   , 39.04707407046116 ,  7.6,  6.7, 0.027895, Kwale                                                                          , KE-19
ken_soil_ph.3210, -4.219373516895853   , 39.427454259686314,  5.9,  5.1, 0.004652, Kwale                                                                          , KE-19
ken_soil_ph.3212, -4.297018034024926   , 39.521668818484194,  5.9,  5.3, 0.004748, Kwale                                                                          , KE-19
ken_soil_ph.3213, -4.274866576940418   , 39.27129039699583 ,  5.4,  4.4, 0.014408, Kwale                                                                          , KE-19
ken_soil_ph.3214, -4.22313152468242    , 39.555783756021484,  5.9,  5.1, 0.001342, Kwale                                                                          , KE-19
ken_soil_ph.3215, -4.20837925127459    , 39.49860969350976 ,  5.9,  5.1, 0.000731, Kwale                                                                          , KE-19
ken_soil_ph.3216, -4.42530314276214    , 39.080506518940126,  5.9,  5.0, 0.032482, Kwale                                                                          , KE-19
ken_soil_ph.3218, -4.267067265843934   , 39.12639120586304 ,  7.1,  5.8, 0.001268, Kwale                                                                          , KE-19
ken_soil_ph.3221, -4.355491658388604   , 39.474306078304224,  5.9,  5.1, 0.00242 , Kwale                                                                          , KE-19
ken_soil_ph.3222, -4.488835047252403   , 39.37917917166942 ,  5.4,  4.4, 0.015362, Kwale                                                                          , KE-19
ken_soil_ph.3223, -4.4281041878523535  , 39.261618827004774,  5.8,  5.1, 0.00615 , Kwale                                                                          , KE-19
ken_soil_ph.3224, -4.447652921394438   , 39.107852735857406,  6.4,  5.1, 0.002454, Kwale                                                                          , KE-19
ken_soil_ph.3225, -4.4165554492801045  , 39.418555926984965,  5.8,  5.1, 0.001027, Kwale                                                                          , KE-19
ken_soil_ph.3226, -4.421741663053612   , 39.520978119314144,  5.8,  5.3, 1.9e-05 , Kwale                                                                          , KE-19
ken_soil_ph.3227, -4.470658528312492   , 39.2299089991382  ,  6.2,  5.2, 0.006573, Kwale                                                                          , KE-19
ken_soil_ph.3228, -4.441356910624383   , 39.413991495401945,  5.9,  5.3, 0.000462, Kwale                                                                          , KE-19
ken_soil_ph.3229, -4.440556729419413   , 39.533899608691556,  5.8,  5.3, 5e-05   , Kwale                                                                          , KE-19
ken_soil_ph.3230, -4.443142857549904   , 39.50634689543878 ,  5.8,  5.3, 2.1e-05 , Kwale                                                                          , KE-19
ken_soil_ph.3231, -4.486415009236392   , 39.45181790407919 ,  6.5,  5.6, 0.001629, Kwale                                                                          , KE-19
ken_soil_ph.3232, -4.472629254805433   , 39.327245957537066,  5.9,  5.3, 0.001958, Kwale                                                                          , KE-19
ken_soil_ph.3233, -4.489903809585956   , 39.40843400536037 ,  5.9,  5.3, 0.000864, Kwale                                                                          , KE-19
ken_soil_ph.3235, -4.51185429573062    , 39.33661990837639 ,  5.9,  5.1, 0.001126, Kwale                                                                          , KE-19
ken_soil_ph.3236, -4.507680232824935   , 39.19639302804837 ,  5.8,  5.1, 0.002277, Kwale                                                                          , KE-19
ken_soil_ph.3237, -4.515162841859372   , 39.15595138110447 ,  5.5,  4.3, 0.001035, Kwale                                                                          , KE-19
ken_soil_ph.3238, -4.562855260737882   , 39.182939838121406,  5.9,  5.3, 0.006386, Kwale                                                                          , KE-19
ken_soil_ph.3240, -4.568555741935238   , 39.06842000401966 ,  7.6,  6.7, 0.003575, Kwale                                                                          , KE-19
ken_soil_ph.3241, -4.568897811943484   , 39.30167504708535 ,  6.5,  5.6, 0.002718, Kwale                                                                          , KE-19
ken_soil_ph.3242, -4.596546889395112   , 39.209510270442124,  6.3,  5.2, 0.004545, Kwale                                                                          , KE-19
ken_soil_ph.3243, -4.561193525490637   , 39.38833748838463 ,  5.8,  5.3, 0.000297, Kwale                                                                          , KE-19
ken_soil_ph.3246, -4.577999399107133   , 39.42834613953126 ,  5.8,  5.3, 9.7e-05 , Kwale                                                                          , KE-19
ken_soil_ph.3247, -4.575079410519757   , 39.31651886505045 ,  5.8,  5.3, 2.4e-05 , Kwale                                                                          , KE-19
ken_soil_ph.3248, -4.601051772257984   , 39.14309129910935 ,  5.8,  5.1, 0.000847, Tanga                                                                          , TZ-25
ken_soil_ph.3249, -4.604689974674929   , 39.12193135823222 ,  6.4,  5.1, 0.001296, Tanga                                                                          , TZ-25
ken_soil_ph.3250, -4.588265051476624   , 39.38294591070298 ,  5.8,  5.3, 4e-05   , Kwale                                                                          , KE-19
ken_soil_ph.3251, -4.5930095167481015  , 39.26300404913406 ,  5.8,  5.3, 0.000396, Kwale                                                                          , KE-19
ken_soil_ph.3252, -4.622404335790293   , 39.32154323085793 ,  5.8,  5.3, 0.000815, Tanga                                                                          , TZ-25
ken_soil_ph.3253, -4.634204065848689   , 39.187329198381825,  8.3,  7.2, 0.001463, Tanga                                                                          , TZ-25
ken_soil_ph.3255, -4.6151678386552515  , 39.24544600144676 ,  5.8,  5.3, 0.000377, Tanga                                                                          , TZ-25
ken_soil_ph.3257, -4.649285257496982   , 39.17807538591865 ,  6.3,  5.2, 0.000646, Tanga                                                                          , TZ-25
ken_soil_ph.3258, -4.674932961963374   , 39.20926810176286 ,  5.8,  5.3, 0.000602, Tanga                                                                          , TZ-25
